Undiscovered: parrot region	Unentdeckt: Papageien-Gebiet	Uopdaget: papegøjeområdet	Oupptäckt: papegojområdet	Uoppdaget: papegøyeområdet	Onontdekt: papegaaiengebied	Inexploré : zone des perroquets	Sin descubrir: zona de los loros	Inesplorato: zona dei pappagalli	Por descobrir: zona dos papagaios	Nieodkryte: obszar papug	Keşfedilmemiş: papağan bölgesi	Нерозвідано: край папуг	미발견: 앵무새 지역	未発見：オウムの海域	未发现：鹦鹉区域
Undiscovered: goose region	Unentdeckt: Gänse-Gebiet	Uopdaget: gæsseområdet	Oupptäckt: gåsområdet	Uoppdaget: gåseområdet	Onontdekt: ganzengebied	Inexploré : zone des oies	Sin descubrir: zona de los gansos	Inesplorato: zona delle oche	Por descobrir: zona dos gansos	Nieodkryte: obszar gęsi	Keşfedilmemiş: kaz bölgesi	Нерозвідано: край гусей	미발견: 거위 지역	未発見：ガチョウの海域	未发现：鹅区域
Harbor of the council: deliver fish and spice here	Hafen des Rats: Hier werden Fisch und Gewürze abgeliefert	Rådets havn: lever fisk og krydderier her	Rådets hamn: lämna fisk och kryddor här	Rådets havn: lever fisk og krydder her	Haven van de raad: lever hier vis en specerijen af	Port du conseil : livrez ici poissons et épices	Puerto del consejo: entrega aquí pescado y especias	Porto del consiglio: consegna qui pesci e spezie	Porto do conselho: entregue aqui peixe e especiarias	Port rady: tutaj dostarcza się ryby i przyprawy	Konseyin limanı: balığı ve baharatı buraya teslim et	Гавань ради: сюди доставляють рибу та спеції	의회의 항구: 여기에 물고기와 향신료를 배달하세요	評議会の港：ここに魚と香辛料を納めます	议会的港口：在此运送鱼和香料
The base of the council	Der Stützpunkt des Rats	Rådets base	Rådets bas	Rådets base	De basis van de raad	La base du conseil	La base del consejo	La base del consiglio	A base do conselho	Baza rady	Konseyin üssü	База ради	의회의 기지	評議会の拠点	议会的据点
Pirate lair: {n} of 3 units landed	Piratenlager: {n} von 3 Einheiten abgesetzt	Piratlejr: {n} af 3 enheder landsat	Piratläger: {n} av 3 enheter landsatta	Piratleir: {n} av 3 enheter satt i land	Piratenkamp: {n} van 3 eenheden aan land gezet	Repaire de pirates : {n} unités sur 3 débarquées	Guarida pirata: {n} de 3 unidades desembarcadas	Covo dei pirati: {n} unità su 3 sbarcate	Covil de piratas: {n} de 3 unidades desembarcadas	Kryjówka piratów: wysadzono {n} z 3 jednostek	Korsan sığınağı: 3 birimden {n} tanesi indirildi	Піратське лігво: висаджено {n} із 3 загонів	해적 소굴: 부대 3개 중 {n}개 상륙	海賊の巣：3部隊中{n}部隊が上陸	海盗巢穴：已登陆 {n}/3 支部队
Fish swarm	Fischschwarm	Fiskestim	Fiskstim	Fiskestim	Vissenzwerm	Banc de poissons	Banco de peces	Banco di pesci	Cardume	Ławica ryb	Balık sürüsü	Зграя риби	물고기 떼	魚群	鱼群
Fishing ground: a swarm appears when you roll {n}	Fischfeld: Bei einer gewürfelten {n} erscheint ein Schwarm	Fiskeplads: en stim dukker op, når du slår {n}	Fiskeplats: en stim dyker upp när du slår {n}	Fiskeplass: en stim dukker opp når du slår {n}	Visgrond: bij een worp van {n} verschijnt er een zwerm	Zone de pêche : un banc apparaît quand on obtient {n}	Caladero: aparece un banco al sacar {n}	Zona di pesca: con un {n} compare un banco	Zona de pesca: surge um cardume ao tirar {n}	Łowisko: przy wyrzuceniu {n} pojawia się ławica	Balık sahası: {n} atınca bir sürü belirir	Рибне місце: на {n} з’являється зграя	어장: {n}이 나오면 물고기 떼가 나타납니다	漁場：{n}の目が出ると魚群が現れます	渔场：掷出 {n} 时出现鱼群
Pirate ship of {name}	Piratenschiff von {name}	{name}s piratskib	{name}s piratskepp	{name}s piratskip	Piratenschip van {name}	Navire pirate de {name}	Barco pirata de {name}	Nave pirata di {name}	Navio pirata de {name}	Statek piracki gracza {name}	{name} oyuncusunun korsan gemisi	Піратський корабель гравця {name}	{name}의 해적선	{name}の海賊船	{name} 的海盗船
Ship 1	Schiff 1	Skib 1	Skepp 1	Skip 1	Schip 1	Navire 1	Barco 1	Nave 1	Navio 1	Statek 1	Gemi 1	Корабель 1	배 1	船1	船 1
Ship 2	Schiff 2	Skib 2	Skepp 2	Skip 2	Schip 2	Navire 2	Barco 2	Nave 2	Navio 2	Statek 2	Gemi 2	Корабель 2	배 2	船2	船 2
Land in Sight: no missions yet. Discover land, found settlements and upgrade them to harbor settlements. The first to 8 points wins.	Land in Sicht: noch keine Missionen. Entdeckt Land, gründet Siedlungen und baut sie zu Hafensiedlungen aus. Wer zuerst 8 Punkte hat, gewinnt.	Land i sigte: endnu ingen missioner. Opdag land, grundlæg bosættelser og udbyg dem til havnebosættelser. Den første med 8 point vinder.	Land i sikte: inga uppdrag än. Upptäck land, grunda bosättningar och bygg ut dem till hamnbosättningar. Först till 8 poäng vinner.	Land i sikte: ingen oppdrag ennå. Oppdag land, grunnlegg bosetninger og bygg dem ut til havnebosetninger. Den første med 8 poeng vinner.	Land in zicht: nog geen missies. Ontdek land, sticht dorpen en bouw ze uit tot havendorpen. Wie als eerste 8 punten heeft, wint.	Terre en vue : pas encore de missions. Découvrez des terres, fondez des colonies et agrandissez-les en colonies portuaires. Le premier à 8 points gagne.	Tierra a la vista: aún no hay misiones. Descubre tierras, funda poblados y amplíalos a poblados portuarios. Gana quien llegue primero a 8 puntos.	Terra in vista: ancora nessuna missione. Scopri terre, fonda insediamenti e ampliali in insediamenti portuali. Vince chi arriva per primo a 8 punti.	Terra à vista: ainda sem missões. Descubra terras, funde aldeias e amplie-as para aldeias portuárias. Ganha quem chegar primeiro a 8 pontos.	Ziemia na horyzoncie: jeszcze bez misji. Odkrywaj ląd, zakładaj osady i rozbudowuj je do osad portowych. Wygrywa pierwszy, kto zdobędzie 8 punktów.	Kara göründü: henüz görev yok. Kara keşfet, köyler kur ve onları liman köylerine yükselt. 8 puana ilk ulaşan kazanır.	Земля на обрії: місій ще немає. Відкривайте землі, засновуйте поселення й розбудовуйте їх до портових поселень. Перемагає той, хто першим набере 8 очок.	육지 발견: 아직 임무가 없습니다. 땅을 발견하고 정착지를 세운 뒤 항구 정착지로 키우세요. 먼저 8점을 얻는 사람이 승리합니다.	陸地発見：まだミッションはありません。陸を発見して開拓地を築き、港の開拓地に発展させましょう。先に8点に到達した人が勝ちです。	发现陆地：还没有任务。发现陆地、建立村庄并升级为港口村庄。最先达到 8 分者获胜。
The furthest marker earns a point	Der am weitesten vorgerückte Markierungsstein bringt einen Punkt	Den fremmeste brik giver et point	Den främsta markören ger en poäng	Den lengste brikken gir ett poeng	De verste markeerfiche levert een punt op	Le pion le plus avancé rapporte un point	La ficha más avanzada gana un punto	Il segnalino più avanti vale un punto	A peça mais avançada vale um ponto	Najdalszy znacznik daje punkt	En ilerideki işaretçi bir puan kazandırır	Найдальша фішка дає очко	가장 앞선 말이 1점을 얻습니다	最も先に進んだコマが1点を得ます	最靠前的标记物得 1 分
The track shows the points you hold in each mission. The player furthest ahead (who got there first) also gets the special point tile.	Die Leiste zeigt die Punkte, die du in jeder Mission hast. Wer am weitesten vorn steht (und zuerst dort war), bekommt zusätzlich die Sondersiegpunkttafel.	Sporet viser de point, du har i hver mission. Den, der er længst fremme (og kom først), får også særpointbrikken.	Banan visar poängen du har i varje uppdrag. Den som ligger längst fram (och kom dit först) får även specialpoängbrickan.	Sporet viser poengene du har i hvert oppdrag. Den som ligger lengst fremme (og kom først) får også spesialpoengbrikken.	De baan toont de punten die je in elke missie hebt. Wie het verst staat (en er als eerste was) krijgt ook de speciale puntentegel.	La piste indique les points que vous avez dans chaque mission. Le joueur le plus avancé (et arrivé le premier) reçoit aussi la tuile de point spéciale.	La pista muestra los puntos que tienes en cada misión. Quien va más adelante (y llegó primero) recibe además la ficha de punto especial.	La traccia mostra i punti che hai in ogni missione. Chi è più avanti (ed è arrivato per primo) riceve anche la tessera punto speciale.	A pista mostra os pontos que você tem em cada missão. Quem está mais à frente (e chegou primeiro) também recebe a placa de ponto especial.	Tor pokazuje punkty, które masz w każdej misji. Gracz, który jest najdalej (i dotarł tam pierwszy), dostaje też specjalną tabliczkę punktową.	Parkur, her görevde sahip olduğun puanları gösterir. En ilerideki (ve oraya ilk ulaşan) oyuncu özel puan karosunu da alır.	Трек показує очки, які ви маєте в кожній місії. Хто найдалі (і прийшов першим), отримує ще й особливу плитку очка.	트랙은 각 임무에서 가진 점수를 보여 줍니다. 가장 앞선(그리고 먼저 도착한) 플레이어는 특별 점수 타일도 받습니다.	トラックは各ミッションで得ている点数を示します。最も先に進んだ（先に着いた）人は特別得点タイルも得ます。	赛道显示你在每个任务中的得分。走得最远（且最先到达）的玩家还会得到特殊得分牌。
Tap to act with this ship	Tippen, um mit diesem Schiff zu handeln	Tryk for at handle med dette skib	Tryck för att agera med det här skeppet	Trykk for å handle med dette skipet	Tik om met dit schip te handelen	Touchez pour agir avec ce navire	Toca para actuar con este barco	Tocca per agire con questa nave	Toque para agir com este navio	Dotknij, aby działać tym statkiem	Bu gemiyle işlem yapmak için dokun	Торкніться, щоб діяти цим кораблем	이 배로 행동하려면 누르세요	タップしてこの船で行動	点击以操作这艘船
{n} moves	{n} Züge	{n} træk	{n} drag	{n} trekk	{n} zetten	{n} déplacements	{n} movimientos	{n} mosse	{n} movimentos	{n} ruchów	{n} hamle	{n} ходів	{n}번 이동	{n}移動	{n} 步
no moves left	keine Bewegung mehr	ingen træk tilbage	inga drag kvar	ingen trekk igjen	geen zetten meer	plus de déplacements	sin movimientos	nessuna mossa rimasta	sem movimentos	brak ruchów	hamle kalmadı	ходів не лишилось	이동 없음	移動なし	没有步数了
ship	Schiff	skib	skepp	skip	schip	navire	barco	nave	navio	statek	gemi	корабель	배	船	船
empty	leer	tomt	tomt	tomt	leeg	vide	vacío	vuoto	vazio	pusty	boş	порожній	비어 있음	空	空
Your fleet	Deine Flotte	Din flåde	Din flotta	Din flåte	Jouw vloot	Ta flotte	Tu flota	La tua flotta	Sua frota	Twoja flota	Filon	Ваш флот	내 함대	あなたの艦隊	你的舰队
No ships on the board.	Keine Schiffe auf dem Spielplan.	Ingen skibe på brættet.	Inga skepp på brädet.	Ingen skip på brettet.	Geen schepen op het bord.	Aucun navire sur le plateau.	No hay barcos en el tablero.	Nessuna nave sul tabellone.	Nenhum navio no tabuleiro.	Brak statków na planszy.	Tahtada gemi yok.	На полі немає кораблів.	보드 위에 배가 없습니다.	盤上に船がありません。	棋盘上没有船。
Friendly spice villages	Befreundete Gewürzdörfer	Venligsindede krydderilandsbyer	Vänligt sinnade kryddbyar	Vennligsinnede krydderlandsbyer	Bevriende specerijendorpen	Villages d’épices amis	Aldeas de especias amigas	Villaggi delle spezie amici	Aldeias de especiarias amigas	Zaprzyjaźnione wioski przypraw	Dost baharat köyleri	Дружні селища спецій	우호적인 향신료 마을	友好的な香辛料の村	友好的香料村庄
Where should the explorer go?	Wohin soll der Entdecker?	Hvor skal opdageren hen?	Vart ska upptäckaren?	Hvor skal oppdageren?	Waar moet de ontdekker heen?	Où placer l’explorateur ?	¿Dónde va el explorador?	Dove va l’esploratore?	Para onde vai o explorador?	Gdzie ma trafić odkrywca?	Kâşif nereye gitsin?	Куди поставити дослідника?	탐험가를 어디에 둘까요?	探検者をどこに置きますか？	探险家放在哪里？
Where should the unit go?	Wohin soll die Einheit?	Hvor skal enheden hen?	Vart ska enheten?	Hvor skal enheten?	Waar moet de eenheid heen?	Où placer l’unité ?	¿Dónde va la unidad?	Dove va l’unità?	Para onde vai a unidade?	Gdzie ma trafić jednostka?	Birim nereye gitsin?	Куди поставити загін?	부대를 어디에 둘까요?	部隊をどこに置きますか？	部队放在哪里？
Tap the ship to load.	Tippe auf das Schiff, das beladen werden soll.	Tryk på skibet, der skal lastes.	Tryck på skeppet som ska lastas.	Trykk på skipet som skal lastes.	Tik op het schip dat geladen moet worden.	Touchez le navire à charger.	Toca el barco que quieres cargar.	Tocca la nave da caricare.	Toque no navio a carregar.	Dotknij statku do załadowania.	Yüklenecek gemiye dokun.	Торкніться корабля, який потрібно завантажити.	실을 배를 누르세요.	積み込む船をタップ。	点击要装载的船。
Which ship?	Welches Schiff?	Hvilket skib?	Vilket skepp?	Hvilket skip?	Welk schip?	Quel navire ?	¿Qué barco?	Quale nave?	Qual navio?	Który statek?	Hangi gemi?	Який корабель?	어느 배?	どの船？	哪艘船？
Into the basin of a harbor settlement	In das Hafenbecken einer Hafensiedlung	I havnebassinet i en havnebosættelse	I hamnbassängen i en hamnbosättning	I havnebassenget i en havnebosetning	In het havenbekken van een havendorp	Dans le bassin d’une colonie portuaire	En la dársena de un poblado portuario	Nel bacino di un insediamento portuale	Na bacia de uma aldeia portuária	Do basenu osady portowej	Bir liman köyünün havuzuna	У басейн портового поселення	항구 정착지의 선착장에	港の開拓地の船着き場に	放入港口村庄的港池
Into a ship next to a harbor settlement	In ein Schiff neben einer Hafensiedlung	I et skib ved siden af en havnebosættelse	I ett skepp bredvid en hamnbosättning	I et skip ved siden av en havnebosetning	In een schip naast een havendorp	Dans un navire à côté d’une colonie portuaire	En un barco junto a un poblado portuario	In una nave accanto a un insediamento portuale	Em um navio ao lado de uma aldeia portuária	Na statek obok osady portowej	Bir liman köyünün yanındaki gemiye	На корабель біля портового поселення	항구 정착지 옆의 배에	港の開拓地の隣の船に	放到港口村庄旁的船上
Tap the sea path for your ship.	Tippe auf den Meerweg für dein Schiff.	Tryk på havvejen til dit skib.	Tryck på sjövägen för ditt skepp.	Trykk på sjøveien for skipet ditt.	Tik op de zeeweg voor je schip.	Touchez la voie maritime de votre navire.	Toca la ruta marítima de tu barco.	Tocca il percorso marittimo per la tua nave.	Toque no caminho marítimo do seu navio.	Dotknij szlaku morskiego dla swojego statku.	Geminin yerleşeceği deniz yoluna dokun.	Торкніться морського шляху для свого корабля.	배를 둘 바닷길을 누르세요.	船を置く海路をタップ。	点击放置船的海路。
All your ships are on the board	Alle deine Schiffe liegen auf dem Spielplan	Alle dine skibe er på brættet	Alla dina skepp ligger på brädet	Alle skipene dine er på brettet	Al je schepen liggen op het bord	Tous vos navires sont sur le plateau	Todos tus barcos están en el tablero	Tutte le tue navi sono sul tabellone	Todos os seus navios estão no tabuleiro	Wszystkie twoje statki są na planszy	Tüm gemilerin tahtada	Усі ваші кораблі на полі	내 배가 모두 보드 위에 있습니다	すべての船が盤上にあります	你的船都在棋盘上
Take one back and build it anew at a harbor settlement. Its cargo is lost.	Nimm eines zurück und baue es neu an einer Hafensiedlung. Seine Ladung geht verloren.	Tag et tilbage og byg det påny ved en havnebosættelse. Dets last går tabt.	Ta tillbaka ett och bygg det på nytt vid en hamnbosättning. Lasten går förlorad.	Ta ett tilbake og bygg det på nytt ved en havnebosetning. Lasten går tapt.	Neem er een terug en bouw het opnieuw bij een havendorp. De lading gaat verloren.	Reprenez-en un et reconstruisez-le dans une colonie portuaire. Sa cargaison est perdue.	Retira uno y vuelve a construirlo en un poblado portuario. Su carga se pierde.	Riprendine una e ricostruiscila presso un insediamento portuale. Il carico va perso.	Retire um e construa-o de novo numa aldeia portuária. A carga perde-se.	Zabierz jeden i zbuduj go na nowo przy osadzie portowej. Ładunek przepada.	Birini geri al ve bir liman köyünde yeniden inşa et. Yükü kaybolur.	Заберіть один і збудуйте його заново біля портового поселення. Вантаж втрачається.	하나를 회수해 항구 정착지에서 새로 지으세요. 실린 화물은 사라집니다.	1隻を回収し、港の開拓地で改めて建造します。積み荷は失われます。	取回一艘，在港口村庄重新建造。船上货物丢失。
On the ship	Auf dem Schiff	På skibet	På skeppet	På skipet	Op het schip	Sur le navire	En el barco	Sulla nave	No navio	Na statku	Gemide	На кораблі	배 위	船上	船上
In the basin	Im Hafenbecken	I bassinet	I bassängen	I bassenget	In het bekken	Dans le bassin	En la dársena	Nel bacino	Na bacia	W basenie	Havuzda	У басейні	선착장	船着き場	港池里
Tap the pieces that should change places. Each place holds 2 small pieces or 1 large one (explorer, fish swarm).	Tippe auf die Figuren, die die Plätze tauschen sollen. Jeder Platz fasst 2 kleine oder 1 große Figur (Entdecker, Fischschwarm).	Tryk på de brikker, der skal bytte plads. Hver plads rummer 2 små eller 1 stor brik (opdager, fiskestim).	Tryck på de pjäser som ska byta plats. Varje plats rymmer 2 små eller 1 stor pjäs (upptäckare, fiskstim).	Trykk på brikkene som skal bytte plass. Hver plass rommer 2 små eller 1 stor brikke (oppdager, fiskestim).	Tik op de stukken die van plaats moeten wisselen. Elke plaats biedt ruimte aan 2 kleine of 1 grote figuur (ontdekker, vissenzwerm).	Touchez les pièces à échanger. Chaque emplacement contient 2 petites pièces ou 1 grande (explorateur, banc de poissons).	Toca las piezas que deben cambiar de sitio. Cada lugar admite 2 piezas pequeñas o 1 grande (explorador, banco de peces).	Tocca i pezzi da scambiare. Ogni posto contiene 2 pezzi piccoli o 1 grande (esploratore, banco di pesci).	Toque nas peças que devem trocar de lugar. Cada lugar comporta 2 peças pequenas ou 1 grande (explorador, cardume).	Dotknij figur, które mają zamienić się miejscami. Każde miejsce mieści 2 małe lub 1 dużą figurę (odkrywca, ławica ryb).	Yer değiştirecek taşlara dokun. Her yer 2 küçük veya 1 büyük taş alır (kâşif, balık sürüsü).	Торкніться фігур, які мають помінятися місцями. Кожне місце вміщує 2 малі або 1 велику фігуру (дослідник, зграя риби).	자리를 바꿀 말을 누르세요. 각 자리에는 작은 말 2개 또는 큰 말 1개(탐험가, 물고기 떼)가 들어갑니다.	入れ替える駒をタップ。各場所には小駒2つか大駒1つ（探検者・魚群）が入ります。	点击要交换位置的棋子。每个位置可放 2 个小棋子或 1 个大棋子（探险家、鱼群）。
Load and unload	Be- und entladen	Læs og aflæs	Lasta och lossa	Last og loss	Laden en lossen	Charger et décharger	Cargar y descargar	Carica e scarica	Carregar e descarregar	Załaduj i rozładuj	Yükle ve boşalt	Завантажити й розвантажити	싣고 내리기	積み下ろし	装卸
Ships move in the movement phase.	Schiffe bewegen sich in der Bewegungsphase.	Skibe sejler i bevægelsesfasen.	Skepp rör sig i rörelsefasen.	Skip beveger seg i bevegelsesfasen.	Schepen varen in de bewegingsfase.	Les navires se déplacent pendant la phase de déplacement.	Los barcos se mueven en la fase de movimiento.	Le navi si muovono nella fase di movimento.	Os navios movem-se na fase de movimento.	Statki poruszają się w fazie ruchu.	Gemiler hareket aşamasında hareket eder.	Кораблі рухаються у фазі руху.	배는 이동 단계에서 움직입니다.	船は移動フェーズに動きます。	船只在移动阶段行动。
Sail ({n} moves left)	Segeln (noch {n} Züge)	Sejl ({n} træk tilbage)	Segla ({n} drag kvar)	Seil ({n} trekk igjen)	Varen (nog {n} zetten)	Naviguer ({n} déplacements restants)	Navegar (quedan {n} movimientos)	Naviga ({n} mosse rimaste)	Navegar (restam {n} movimentos)	Płyń (zostało {n} ruchów)	Yelken aç ({n} hamle kaldı)	Плисти (лишилось {n} ходів)	항해 (이동 {n}번 남음)	航行（残り{n}移動）	航行（还剩 {n} 步）
Pay 1 wool for 2 more moves	1 Wolle zahlen für 2 zusätzliche Züge	Betal 1 uld for 2 ekstra træk	Betala 1 ull för 2 extra drag	Betal 1 ull for 2 ekstra trekk	Betaal 1 wol voor 2 extra zetten	Payer 1 laine pour 2 déplacements de plus	Paga 1 lana por 2 movimientos más	Paga 1 lana per 2 mosse in più	Pague 1 lã por mais 2 movimentos	Zapłać 1 wełnę za 2 dodatkowe ruchy	2 ek hamle için 1 yün öde	Заплатити 1 вовну за 2 додаткові ходи	양모 1장을 내고 이동 2번 추가	羊毛1枚で2移動追加	支付 1 羊毛，多走 2 步
Found a settlement (the ship and the explorer return)	Siedlung gründen (Schiff und Entdecker kommen zurück)	Grundlæg en bosættelse (skib og opdager vender tilbage)	Grunda en bosättning (skeppet och upptäckaren går tillbaka)	Grunnlegg en bosetning (skipet og oppdageren går tilbake)	Een dorp stichten (schip en ontdekker gaan terug)	Fonder une colonie (le navire et l’explorateur reviennent)	Fundar un poblado (el barco y el explorador vuelven)	Fondare un insediamento (nave ed esploratore tornano indietro)	Fundar uma aldeia (o navio e o explorador voltam)	Załóż osadę (statek i odkrywca wracają do zapasu)	Köy kur (gemi ve kâşif geri döner)	Заснувати поселення (корабель і дослідник повертаються)	정착지 세우기 (배와 탐험가는 돌아갑니다)	開拓地を築く（船と探検者は戻ります）	建立村庄（船和探险家返回）
Load and unload at the harbor settlement	An der Hafensiedlung be- und entladen	Læs og aflæs ved havnebosættelsen	Lasta och lossa vid hamnbosättningen	Last og loss ved havnebosetningen	Laden en lossen bij het havendorp	Charger et décharger à la colonie portuaire	Cargar y descargar en el poblado portuario	Carica e scarica all’insediamento portuale	Carregar e descarregar na aldeia portuária	Załaduj i rozładuj przy osadzie portowej	Liman köyünde yükle ve boşalt	Завантажити й розвантажити біля портового поселення	항구 정착지에서 싣고 내리기	港の開拓地で積み下ろし	在港口村庄装卸
Land units on the pirate lair	Einheiten auf dem Piratenlager absetzen	Landsæt enheder på piratlejren	Landsätt enheter på piratlägret	Sett enheter i land på piratleiren	Zet eenheden af op het piratenkamp	Débarquer des unités sur le repaire de pirates	Desembarcar unidades en la guarida pirata	Sbarca unità sul covo dei pirati	Desembarcar unidades no covil de piratas	Wysadź jednostki w kryjówce piratów	Birimleri korsan sığınağına indir	Висадити загони в піратському лігві	부대를 해적 소굴에 상륙시키기	部隊を海賊の巣に上陸させる	在海盗巢穴登陆部队
Leave a unit in the spice village and take a bag of spice	Eine Einheit im Gewürzdorf absetzen und einen Gewürzsack aufladen	Efterlad en enhed i krydderilandsbyen og tag en sæk krydderi	Lämna en enhet i kryddbyn och ta en kryddsäck	La en enhet bli i krydderlandsbyen og ta en sekk krydder	Laat een eenheid in het specerijendorp achter en neem een zak specerijen	Laisser une unité au village d’épices et prendre un sac d’épices	Dejar una unidad en la aldea de especias y cargar un saco de especias	Lascia un’unità nel villaggio delle spezie e carica un sacco di spezie	Deixar uma unidade na aldeia de especiarias e levar um saco de especiarias	Zostaw jednostkę w wiosce przypraw i zabierz worek przypraw	Baharat köyünde bir birim bırak ve bir çuval baharat al	Залишити загін у селищі спецій і взяти мішок спецій	향신료 마을에 부대를 남기고 향신료 자루를 싣기	香辛料の村に部隊を残して香辛料の袋を積む	把一支部队留在香料村庄，并装上一袋香料
Pick up your units	Deine Einheiten abholen	Hent dine enheder	Hämta dina enheter	Hent enhetene dine	Haal je eenheden op	Récupérer vos unités	Recoger tus unidades	Recupera le tue unità	Recolher as suas unidades	Zabierz swoje jednostki	Birimlerini al	Забрати свої загони	내 부대 데려오기	自分の部隊を回収	接回你的部队
Catch the fish swarm	Fischschwarm fangen	Fang fiskestimen	Fånga fiskstimmen	Fang fiskestimen	Vang de vissenzwerm	Attraper le banc de poissons	Capturar el banco de peces	Pesca il banco di pesci	Apanhar o cardume	Złów ławicę ryb	Balık sürüsünü yakala	Упіймати зграю риби	물고기 떼 잡기	魚群を捕る	捕获鱼群
Deliver to the council	Beim Rat abliefern	Lever til rådet	Lämna till rådet	Lever til rådet	Bij de raad afleveren	Livrer au conseil	Entregar al consejo	Consegna al consiglio	Entregar ao conselho	Dostarcz radzie	Konseye teslim et	Доставити раді	의회에 배달	評議会に納める	交给议会
Try to chase the pirates (roll a die)	Versuchen, die Piraten zu verjagen (würfeln)	Forsøg at jage piraterne væk (slå en terning)	Försök jaga bort piraterna (slå en tärning)	Prøv å jage bort piratene (kast en terning)	Probeer de piraten te verjagen (dobbel)	Tenter de chasser les pirates (lancer un dé)	Intentar ahuyentar a los piratas (tirar un dado)	Prova a cacciare i pirati (tira un dado)	Tentar afugentar os piratas (lançar um dado)	Spróbuj przegnać piratów (rzuć kością)	Korsanları kovmaya çalış (zar at)	Спробувати прогнати піратів (кинути кубик)	해적 쫓아내기 시도 (주사위 굴림)	海賊の撃退を試みる（サイコロを振る）	尝试驱逐海盗（掷骰子）
Put a piece back into the supply	Eine Figur in den Vorrat zurücklegen	Læg en brik tilbage i forrådet	Lägg tillbaka en pjäs i förrådet	Legg en brikke tilbake i forrådet	Leg een stuk terug in de voorraad	Remettre une pièce dans la réserve	Devolver una pieza a la reserva	Rimetti un pezzo nella riserva	Devolver uma peça à reserva	Odłóż figurę do zapasu	Bir taşı stoğa geri koy	Повернути фігуру до запасу	말 하나를 보급품으로 되돌리기	駒を1つ在庫に戻す	把一个棋子放回库存
Nothing to do with this ship right now.	Mit diesem Schiff gibt es gerade nichts zu tun.	Der er intet at gøre med dette skib lige nu.	Det finns inget att göra med det här skeppet just nu.	Det er ingenting å gjøre med dette skipet akkurat nå.	Er is nu niets te doen met dit schip.	Rien à faire avec ce navire pour le moment.	Ahora no hay nada que hacer con este barco.	Al momento non c’è nulla da fare con questa nave.	De momento não há nada a fazer com este navio.	Ten statek nie ma teraz nic do zrobienia.	Bu gemiyle şu an yapılacak bir şey yok.	З цим кораблем зараз нічого робити.	지금은 이 배로 할 수 있는 일이 없습니다.	この船で今できることはありません。	这艘船现在无事可做。
The ship is empty.	Das Schiff ist leer.	Skibet er tomt.	Skeppet är tomt.	Skipet er tomt.	Het schip is leeg.	Le navire est vide.	El barco está vacío.	La nave è vuota.	O navio está vazio.	Statek jest pusty.	Gemi boş.	Корабель порожній.	배가 비어 있습니다.	船は空です。	船是空的。
Tap where this ship should sail. A discovery ends its move.	Tippe dorthin, wohin das Schiff segeln soll. Eine Entdeckung beendet seinen Zug.	Tryk, hvor skibet skal sejle hen. En opdagelse afslutter dets træk.	Tryck dit skeppet ska segla. En upptäckt avslutar dess drag.	Trykk dit skipet skal seile. En oppdagelse avslutter trekket.	Tik waar dit schip heen moet varen. Een ontdekking beëindigt zijn zet.	Touchez où ce navire doit naviguer. Une découverte met fin à son déplacement.	Toca adonde debe navegar este barco. Un descubrimiento termina su movimiento.	Tocca dove deve navigare questa nave. Una scoperta termina la sua mossa.	Toque onde este navio deve navegar. Uma descoberta termina o seu movimento.	Dotknij miejsca, do którego statek ma popłynąć. Odkrycie kończy jego ruch.	Geminin yelken açacağı yere dokun. Bir keşif hamlesini bitirir.	Торкніться місця, куди має плисти корабель. Відкриття завершує його хід.	배가 갈 곳을 누르세요. 발견하면 이동이 끝납니다.	船の行き先をタップ。発見すると移動は終わります。	点击这艘船要驶往的位置。发现新地块会结束其移动。
Tribute to a pirate costs 1 gold.	Tribut an einen Piraten kostet 1 Gold.	Tribut til en pirat koster 1 guld.	Tribut till en pirat kostar 1 guld.	Tributt til en pirat koster 1 gull.	Tribuut aan een piraat kost 1 goud.	Le tribut à un pirate coûte 1 or.	El tributo a un pirata cuesta 1 de oro.	Il tributo a un pirata costa 1 oro.	O tributo a um pirata custa 1 ouro.	Danina dla pirata kosztuje 1 złota.	Korsana haraç 1 altına mal olur.	Данина піратові коштує 1 золото.	해적에게 바치는 조공은 금 1개입니다.	海賊への貢ぎ物は金1枚です。	向海盗进贡需 1 黄金。
Tap the corner for your settlement.	Tippe auf die Kreuzung für deine Siedlung.	Tryk på hjørnet til din bosættelse.	Tryck på hörnet för din bosättning.	Trykk på hjørnet for bosetningen din.	Tik op de hoek voor je dorp.	Touchez l’intersection de votre colonie.	Toca la esquina de tu poblado.	Tocca l’incrocio per il tuo insediamento.	Toque na esquina da sua aldeia.	Dotknij skrzyżowania dla swojej osady.	Köyünün kurulacağı köşeye dokun.	Торкніться перехрестя для свого поселення.	정착지를 세울 교차점을 누르세요.	開拓地を築く交差点をタップ。	点击建立村庄的路口。
Which harbor settlement?	Welche Hafensiedlung?	Hvilken havnebosættelse?	Vilken hamnbosättning?	Hvilken havnebosetning?	Welk havendorp?	Quelle colonie portuaire ?	¿Qué poblado portuario?	Quale insediamento portuale?	Qual aldeia portuária?	Która osada portowa?	Hangi liman köyü?	Яке портове поселення?	어느 항구 정착지?	どの港の開拓地？	哪个港口村庄？
Harbor settlement	Hafensiedlung	Havnebosættelse	Hamnbosättning	Havnebosetning	Havendorp	Colonie portuaire	Poblado portuario	Insediamento portuale	Aldeia portuária	Osada portowa	Liman köyü	Портове поселення	항구 정착지	港の開拓地	港口村庄
Put back	Zurücklegen	Læg tilbage	Lägg tillbaka	Legg tilbake	Terugleggen	Remettre	Devolver	Rimetti	Devolver	Odłóż	Geri koy	Повернути	되돌리기	戻す	放回
Income	Ertrag	Indkomst	Inkomst	Inntekt	Opbrengst	Revenus	Ingresos	Rendita	Rendimento	Dochód	Gelir	Прибуток	수입	収入	收入
Trade and build	Handeln und Bauen	Handle og byg	Handla och bygg	Handle og bygg	Handelen en bouwen	Commercer et construire	Comerciar y construir	Commerciare e costruire	Comerciar e construir	Handel i budowa	Ticaret ve inşa	Торгівля та будівництво	거래와 건설	交易と建設	交易与建造
Movement phase	Bewegungsphase	Bevægelsesfase	Rörelsefas	Bevegelsesfase	Bewegingsfase	Phase de déplacement	Fase de movimiento	Fase di movimento	Fase de movimento	Faza ruchu	Hareket aşaması	Фаза руху	이동 단계	移動フェーズ	移动阶段
The phases of a turn	Die Phasen eines Spielzugs	Tur-faserne	Turens faser	Rundens faser	De fasen van een beurt	Les phases d’un tour	Las fases de un turno	Le fasi di un turno	As fases de uma jogada	Fazy tury	Turun aşamaları	Фази ходу	턴의 단계	ターンのフェーズ	回合的阶段
Fish swarms in the supply	Fischschwärme im Vorrat	Fiskestimer i forrådet	Fiskstimmar i förrådet	Fiskestimer i forrådet	Vissenzwermen in de voorraad	Bancs de poissons dans la réserve	Bancos de peces en la reserva	Banchi di pesci nella riserva	Cardumes na reserva	Ławice ryb w zapasie	Stoktaki balık sürüleri	Зграї риби в запасі	보급품의 물고기 떼	在庫の魚群	库存中的鱼群
Ships	Schiffe	Skibe	Skepp	Skip	Schepen	Navires	Barcos	Navi	Navios	Statki	Gemiler	Кораблі	배	船	船
Tap one of your ships. A discovery ends its move. No building or trading now.	Tippe auf eines deiner Schiffe. Eine Entdeckung beendet seinen Zug. Jetzt wird weder gebaut noch gehandelt.	Tryk på et af dine skibe. En opdagelse afslutter dets træk. Nu bygges og handles der ikke.	Tryck på ett av dina skepp. En upptäckt avslutar dess drag. Nu byggs och handlas det inte.	Trykk på et av skipene dine. En oppdagelse avslutter trekket. Nå bygges og handles det ikke.	Tik op een van je schepen. Een ontdekking beëindigt zijn zet. Nu wordt er niet gebouwd of gehandeld.	Touchez un de vos navires. Une découverte met fin à son déplacement. On ne construit ni ne commerce plus.	Toca uno de tus barcos. Un descubrimiento termina su movimiento. Ahora no se construye ni se comercia.	Tocca una delle tue navi. Una scoperta termina la sua mossa. Ora non si costruisce né si commercia.	Toque num dos seus navios. Uma descoberta termina o seu movimento. Agora não se constrói nem se comercia.	Dotknij jednego ze swoich statków. Odkrycie kończy jego ruch. Teraz nie buduje się ani nie handluje.	Gemilerinden birine dokun. Bir keşif hamlesini bitirir. Şimdi inşa ve ticaret yok.	Торкніться одного зі своїх кораблів. Відкриття завершує його хід. Тепер не будують і не торгують.	배 하나를 누르세요. 발견하면 이동이 끝납니다. 지금은 건설도 거래도 할 수 없습니다.	自分の船をタップ。発見すると移動は終わります。今は建設も交易もできません。	点击你的一艘船。发现新地块会结束其移动。现在不能建造或交易。
Ship 2: build and move	Schiff 2: bauen und ziehen	Skib 2: byg og sejl	Skepp 2: bygg och segla	Skip 2: bygg og seil	Schip 2: bouwen en varen	Navire 2 : construire et naviguer	Barco 2: construir y navegar	Nave 2: costruire e navigare	Navio 2: construir e navegar	Statek 2: buduj i płyń	Gemi 2: inşa et ve yelken aç	Корабель 2: будувати та плисти	배 2: 건설과 이동	船2：建設と航行	船 2：建造与航行
You trade only with the supply this turn.	In diesem Zug handelst du nur mit dem Vorrat.	I denne tur handler du kun med forrådet.	I den här turen handlar du bara med förrådet.	I denne runden handler du bare med forrådet.	Deze beurt handel je alleen met de voorraad.	Ce tour, vous ne commercez qu’avec la réserve.	En este turno solo comercias con la reserva.	In questo turno commerci solo con la riserva.	Nesta jogada só comercia com a reserva.	W tej turze handlujesz tylko z zapasem.	Bu turda yalnızca stokla ticaret yaparsın.	У цей хід ви торгуєте лише із запасом.	이번 턴에는 보급품과만 거래할 수 있습니다.	このターンは在庫とだけ交易できます。	本回合只能与库存交易。
Trade and build, then start the movement phase.	Handeln und bauen, dann die Bewegungsphase beginnen.	Handl og byg, og start så bevægelsesfasen.	Handla och bygg, starta sedan rörelsefasen.	Handle og bygg, og start så bevegelsesfasen.	Handel en bouw, en begin dan de bewegingsfase.	Commercez et construisez, puis passez à la phase de déplacement.	Comercia y construye, luego empieza la fase de movimiento.	Commercia e costruisci, poi inizia la fase di movimento.	Comercie e construa, depois inicie a fase de movimento.	Handluj i buduj, potem zacznij fazę ruchu.	Ticaret yap ve inşa et, sonra hareket aşamasını başlat.	Торгуйте й будуйте, потім починайте фазу руху.	거래하고 건설한 뒤 이동 단계를 시작하세요.	交易と建設をしてから、移動フェーズを始めましょう。	先交易和建造，然后开始移动阶段。
The gold traders buy a resource for 1 gold from you.	Die Goldhändler kaufen dir einen Rohstoff für 1 Gold ab.	Guldhandlerne køber en råvare af dig for 1 guld.	Guldhandlarna köper en råvara av dig för 1 guld.	Gullhandlerne kjøper en ressurs av deg for 1 gull.	De goudhandelaren kopen een grondstof van je voor 1 goud.	Les marchands d’or vous achètent une ressource pour 1 or.	Los mercaderes de oro te compran una materia prima por 1 de oro.	I mercanti d’oro ti comprano una risorsa per 1 oro.	Os comerciantes de ouro compram-lhe uma matéria-prima por 1 ouro.	Handlarze złotem kupują od ciebie surowiec za 1 złoto.	Altın tüccarları senden bir hammaddeyi 1 altına satın alır.	Торговці золотом купують у вас ресурс за 1 золото.	금 상인이 자원 1장을 금 1개에 사 갑니다.	金商人が資源1つを金1枚で買い取ってくれます。	金商愿以 1 黄金向你买一份资源。
Move ships	Schiffe bewegen	Flyt skibe	Flytta skepp	Flytt skip	Schepen verplaatsen	Déplacer les navires	Mover barcos	Muovi le navi	Mover navios	Ruszaj statkami	Gemileri hareket ettir	Рухати кораблі	배 이동	船を動かす	移动船只
Roll a fish swarm	Fischschwarm einwürfeln	Slå en fiskestim ind	Slå fram en fiskstim	Kast fram en fiskestim	Een vissenzwerm inwerpen	Lancer pour un banc de poissons	Tirar para un banco de peces	Tira per un banco di pesci	Lançar para um cardume	Rzuć na ławicę ryb	Balık sürüsü için zar at	Кинути на зграю риби	물고기 떼 굴리기	魚群を出すために振る	掷骰召唤鱼群
A 7: you hold more than 7 resource cards.	Eine 7: Du hältst mehr als 7 Rohstoffkarten.	Et 7-tal: du har mere end 7 råvarekort.	En 7:a: du har fler än 7 råvarukort.	En 7-er: du har mer enn 7 ressurskort.	Een 7: je hebt meer dan 7 grondstofkaarten.	Un 7 : vous avez plus de 7 cartes ressource.	Un 7: tienes más de 7 cartas de materia prima.	Un 7: hai più di 7 carte risorsa.	Um 7: tem mais de 7 cartas de matéria-prima.	Siódemka: masz więcej niż 7 kart surowców.	Bir 7: 7’den fazla hammadde kartın var.	Випало 7: у вас понад 7 карт ресурсів.	7이 나왔습니다: 자원 카드가 7장보다 많습니다.	7が出ました：資源カードが7枚より多く持っています。	掷出 7：你的资源牌超过 7 张。
Set the pirate ship.	Setze das Piratenschiff.	Placér piratskibet.	Placera piratskeppet.	Plasser piratskipet.	Zet het piratenschip.	Placez le navire pirate.	Coloca el barco pirata.	Posiziona la nave pirata.	Coloque o navio pirata.	Ustaw statek piracki.	Korsan gemisini yerleştir.	Поставте піратський корабель.	해적선을 놓으세요.	海賊船を置いてください。	放置海盗船。
Tap a sea field. You take a card from a player with a ship next to it.	Tippe auf ein Meerfeld. Du ziehst eine Karte von einer Person mit einem Schiff daneben.	Tryk på et havfelt. Du tager et kort fra en spiller med et skib ved siden af.	Tryck på ett havsfält. Du tar ett kort från en spelare med ett skepp bredvid.	Trykk på et havfelt. Du tar et kort fra en spiller med et skip ved siden av.	Tik op een zeeveld. Je trekt een kaart van een speler met een schip ernaast.	Touchez un champ de mer. Vous prenez une carte à un joueur ayant un navire à côté.	Toca un campo de mar. Robas una carta a un jugador con un barco al lado.	Tocca un campo di mare. Prendi una carta da un giocatore con una nave accanto.	Toque num campo de mar. Tira uma carta a um jogador com um navio ao lado.	Dotknij pola morza. Bierzesz kartę od gracza ze statkiem obok.	Bir deniz alanına dokun. Yanında gemisi olan bir oyuncudan kart çekersin.	Торкніться морського поля. Ви берете карту в гравця з кораблем поруч.	바다 칸을 누르세요. 옆에 배가 있는 플레이어의 카드를 1장 가져옵니다.	海のマスをタップ。隣に船のある人からカードを1枚引きます。	点击一个海域。你从旁边有船的玩家那里抽一张牌。
Choose field	Feld wählen	Vælg felt	Välj fält	Velg felt	Kies veld	Choisir le champ	Elegir campo	Scegli il campo	Escolher campo	Wybierz pole	Alan seç	Обрати поле	칸 선택	マスを選ぶ	选择海域
Tap a sea field for your pirate ship.	Tippe auf ein Meerfeld für dein Piratenschiff.	Tryk på et havfelt til dit piratskib.	Tryck på ett havsfält för ditt piratskepp.	Trykk på et havfelt for piratskipet ditt.	Tik op een zeeveld voor je piratenschip.	Touchez un champ de mer pour votre navire pirate.	Toca un campo de mar para tu barco pirata.	Tocca un campo di mare per la tua nave pirata.	Toque num campo de mar para o seu navio pirata.	Dotknij pola morza dla swojego statku pirackiego.	Korsan gemin için bir deniz alanına dokun.	Торкніться морського поля для свого піратського корабля.	해적선을 놓을 바다 칸을 누르세요.	海賊船を置く海のマスをタップ。	点击一个海域放置你的海盗船。
You take one random card (or 1 gold).	Du ziehst eine zufällige Karte (oder 1 Gold).	Du tager et tilfældigt kort (eller 1 guld).	Du tar ett slumpat kort (eller 1 guld).	Du tar et tilfeldig kort (eller 1 gull).	Je trekt een willekeurige kaart (of 1 goud).	Vous prenez une carte au hasard (ou 1 or).	Robas una carta al azar (o 1 de oro).	Prendi una carta a caso (o 1 oro).	Tira uma carta ao acaso (ou 1 ouro).	Bierzesz losową kartę (albo 1 złoto).	Rastgele bir kart (veya 1 altın) çekersin.	Ви берете одну випадкову карту (або 1 золото).	무작위 카드 1장(또는 금 1개)을 가져옵니다.	ランダムにカードを1枚（または金1枚）引きます。	你随机抽一张牌（或拿 1 黄金）。
Explorer	Entdecker	Opdager	Upptäckare	Oppdager	Ontdekker	Explorateur	Explorador	Esploratore	Explorador	Odkrywca	Kâşif	Дослідник	탐험가	探検者	探险家
Unit	Einheit	Enhed	Enhet	Enhet	Eenheid	Unité	Unidad	Unità	Unidade	Jednostka	Birim	Загін	부대	部隊	部队
Sell for gold	Für Gold verkaufen	Sælg for guld	Sälj för guld	Selg for gull	Voor goud verkopen	Vendre contre de l’or	Vender por oro	Vendi per oro	Vender por ouro	Sprzedaj za złoto	Altına sat	Продати за золото	금으로 팔기	金で売る	换黄金
1 resource for 1 gold	1 Rohstoff für 1 Gold	1 råvare for 1 guld	1 råvara för 1 guld	1 ressurs for 1 gull	1 grondstof voor 1 goud	1 ressource contre 1 or	1 materia prima por 1 de oro	1 risorsa per 1 oro	1 matéria-prima por 1 ouro	1 surowiec za 1 złoto	1 hammadde için 1 altın	1 ресурс за 1 золото	자원 1장을 금 1개로	資源1つを金1枚と交換	1 份资源换 1 黄金
Tap the coastal settlement to upgrade to a harbor settlement.	Tippe auf die Siedlung an der Küste, die zur Hafensiedlung werden soll.	Tryk på bosættelsen ved kysten, der skal opgraderes til en havnebosættelse.	Tryck på bosättningen vid kusten som ska bli en hamnbosättning.	Trykk på bosetningen ved kysten som skal bli en havnebosetning.	Tik op het dorp aan de kust dat een havendorp moet worden.	Touchez la colonie côtière à transformer en colonie portuaire.	Toca el poblado costero que quieres convertir en poblado portuario.	Tocca l’insediamento costiero da trasformare in insediamento portuale.	Toque na aldeia costeira que quer transformar em aldeia portuária.	Dotknij osady na wybrzeżu, którą chcesz rozbudować do osady portowej.	Liman köyüne yükseltilecek kıyıdaki köye dokun.	Торкніться прибережного поселення, яке стане портовим.	항구 정착지로 키울 해안 정착지를 누르세요.	港の開拓地にする海岸の開拓地をタップ。	点击要升级为港口村庄的沿海村庄。
Sell a resource	Einen Rohstoff verkaufen	Sælg en råvare	Sälj en råvara	Selg en ressurs	Een grondstof verkopen	Vendre une ressource	Vender una materia prima	Vendi una risorsa	Vender uma matéria-prima	Sprzedaj surowiec	Bir hammadde sat	Продати ресурс	자원 팔기	資源を売る	出售一份资源
The gold traders pay 1 gold for 1 resource.	Die Goldhändler zahlen 1 Gold für 1 Rohstoff.	Guldhandlerne betaler 1 guld for 1 råvare.	Guldhandlarna betalar 1 guld för 1 råvara.	Gullhandlerne betaler 1 gull for 1 ressurs.	De goudhandelaren betalen 1 goud voor 1 grondstof.	Les marchands d’or paient 1 or pour 1 ressource.	Los mercaderes de oro pagan 1 de oro por 1 materia prima.	I mercanti d’oro pagano 1 oro per 1 risorsa.	Os comerciantes de ouro pagam 1 ouro por 1 matéria-prima.	Handlarze złotem płacą 1 złoto za 1 surowiec.	Altın tüccarları 1 hammaddeye 1 altın öder.	Торговці золотом платять 1 золото за 1 ресурс.	금 상인이 자원 1장에 금 1개를 줍니다.	金商人は資源1つにつき金1枚を支払います。	金商为每份资源支付 1 黄金。
Place a harbor settlement.	Setze eine Hafensiedlung.	Placér en havnebosættelse.	Placera en hamnbosättning.	Plasser en havnebosetning.	Plaats een havendorp.	Placez une colonie portuaire.	Coloca un poblado portuario.	Posiziona un insediamento portuale.	Coloque uma aldeia portuária.	Postaw osadę portową.	Bir liman köyü yerleştir.	Поставте портове поселення.	항구 정착지를 놓으세요.	港の開拓地を置いてください。	放置一个港口村庄。
Tap one of the marked corners on the coast of the start island.	Tippe auf eine der mit Kreisen markierten Kreuzungen an der Küste der Startinsel.	Tryk på et af de markerede hjørner på startøens kyst.	Tryck på ett av de markerade hörnen på startöns kust.	Trykk på et av de markerte hjørnene på kysten av startøya.	Tik op een van de gemarkeerde hoeken aan de kust van het startersiland.	Touchez l’une des intersections marquées sur la côte de l’île de départ.	Toca una de las esquinas marcadas en la costa de la isla inicial.	Tocca uno degli incroci segnati sulla costa dell’isola iniziale.	Toque numa das esquinas marcadas na costa da ilha inicial.	Dotknij jednego z zaznaczonych skrzyżowań na wybrzeżu wyspy startowej.	Başlangıç adasının kıyısındaki işaretli köşelerden birine dokun.	Торкніться одного з позначених перехресть на узбережжі стартового острова.	시작 섬 해안의 표시된 교차점 중 하나를 누르세요.	スタート島の海岸にある印のついた交差点をタップ。	点击起始岛海岸上标记的路口之一。
Place a settlement.	Setze eine Siedlung.	Placér en bosættelse.	Placera en bosättning.	Plasser en bosetning.	Plaats een dorp.	Placez une colonie.	Coloca un poblado.	Posiziona un insediamento.	Coloque uma aldeia.	Postaw osadę.	Bir köy yerleştir.	Поставте поселення.	정착지를 놓으세요.	開拓地を置いてください。	放置一个村庄。
Tap a corner on the start island. Settlements need at least one empty corner between them.	Tippe auf eine Kreuzung der Startinsel. Zwischen Siedlungen muss mindestens eine Kreuzung frei bleiben.	Tryk på et hjørne på startøen. Bosættelser skal have mindst ét tomt hjørne imellem sig.	Tryck på ett hörn på startön. Mellan bosättningar måste minst ett hörn vara tomt.	Trykk på et hjørne på startøya. Mellom bosetninger må minst ett hjørne være tomt.	Tik op een hoek van het startersiland. Tussen dorpen moet minstens één hoek vrij blijven.	Touchez une intersection de l’île de départ. Deux colonies doivent être séparées d’au moins une intersection libre.	Toca una esquina de la isla inicial. Entre poblados debe quedar al menos una esquina libre.	Tocca un incrocio dell’isola iniziale. Tra gli insediamenti deve restare libero almeno un incrocio.	Toque numa esquina da ilha inicial. Entre aldeias tem de ficar pelo menos uma esquina livre.	Dotknij skrzyżowania na wyspie startowej. Między osadami musi zostać co najmniej jedno wolne skrzyżowanie.	Başlangıç adasında bir köşeye dokun. Köyler arasında en az bir boş köşe kalmalı.	Торкніться перехрестя на стартовому острові. Між поселеннями має лишатися хоча б одне вільне перехрестя.	시작 섬의 교차점을 누르세요. 정착지 사이에는 빈 교차점이 하나 이상 있어야 합니다.	スタート島の交差点をタップ。開拓地の間には空きの交差点が1つ以上必要です。	点击起始岛上的路口。村庄之间至少要隔一个空路口。
Place a neutral harbor settlement.	Setze eine neutrale Hafensiedlung.	Placér en neutral havnebosættelse.	Placera en neutral hamnbosättning.	Plasser en nøytral havnebosetning.	Plaats een neutraal havendorp.	Placez une colonie portuaire neutre.	Coloca un poblado portuario neutral.	Posiziona un insediamento portuale neutrale.	Coloque uma aldeia portuária neutra.	Postaw neutralną osadę portową.	Tarafsız bir liman köyü yerleştir.	Поставте нейтральне портове поселення.	중립 항구 정착지를 놓으세요.	中立の港の開拓地を置いてください。	放置一个中立港口村庄。
Two players: the colours nobody plays stay on the island as obstacles.	Zu zweit: Die Farben, die niemand spielt, bleiben als Hindernisse auf der Insel.	To spillere: de farver, ingen spiller, bliver som forhindringer på øen.	Två spelare: färgerna som ingen spelar blir kvar på ön som hinder.	To spillere: fargene ingen spiller, blir stående på øya som hindre.	Met twee spelers: de kleuren die niemand speelt blijven als obstakels op het eiland staan.	À deux : les couleurs que personne ne joue restent sur l’île comme obstacles.	Con dos jugadores: los colores que nadie usa se quedan en la isla como obstáculos.	In due: i colori che nessuno usa restano sull’isola come ostacoli.	A dois: as cores que ninguém joga ficam na ilha como obstáculos.	We dwójkę: kolory, w które nikt nie gra, zostają na wyspie jako przeszkody.	İki oyuncuyla: kimsenin oynamadığı renkler adada engel olarak kalır.	Удвох: кольори, якими ніхто не грає, лишаються на острові як перешкоди.	2인 플레이: 사용하지 않는 색은 장애물로 섬에 남습니다.	2人プレイ：使われない色は障害物として島に残ります。	两人游戏：无人使用的颜色会作为障碍留在岛上。
Place a neutral settlement.	Setze eine neutrale Siedlung.	Placér en neutral bosættelse.	Placera en neutral bosättning.	Plasser en nøytral bosetning.	Plaats een neutraal dorp.	Placez une colonie neutre.	Coloca un poblado neutral.	Posiziona un insediamento neutrale.	Coloque uma aldeia neutra.	Postaw neutralną osadę.	Tarafsız bir köy yerleştir.	Поставте нейтральне поселення.	중립 정착지를 놓으세요.	中立の開拓地を置いてください。	放置一个中立村庄。
Place a road next to your settlement.	Lege eine Straße an deine Siedlung.	Placér en vej ved din bosættelse.	Placera en väg vid din bosättning.	Plasser en vei ved bosetningen din.	Plaats een straat naast je dorp.	Placez une route à côté de votre colonie.	Coloca una carretera junto a tu poblado.	Posiziona una strada accanto al tuo insediamento.	Coloque uma estrada junto à sua aldeia.	Postaw drogę przy swojej osadzie.	Köyünün yanına bir yol yerleştir.	Поставте дорогу біля свого поселення.	정착지 옆에 도로를 놓으세요.	開拓地の隣に街道を置いてください。	在你的村庄旁放一条道路。
Set out your explorer ship.	Setze dein Entdeckerschiff ein.	Sæt dit opdagerskib i søen.	Sjösätt ditt upptäckarskepp.	Sett ut oppdagerskipet ditt.	Zet je ontdekkersschip in.	Mettez à l’eau votre navire d’exploration.	Bota tu barco explorador.	Metti in mare la tua nave esploratrice.	Coloque o seu navio explorador.	Wyprowadź swój statek odkrywcy.	Kâşif gemini denize indir.	Спустіть на воду свій корабель дослідника.	탐험가 배를 띄우세요.	探検者の船を出航させてください。	放出你的探险船。
Tap a sea path next to your harbor settlement.	Tippe auf einen Meerweg neben deiner Hafensiedlung.	Tryk på en havvej ved siden af din havnebosættelse.	Tryck på en sjöväg bredvid din hamnbosättning.	Trykk på en sjøvei ved siden av havnebosetningen din.	Tik op een zeeweg naast je havendorp.	Touchez une voie maritime à côté de votre colonie portuaire.	Toca una ruta marítima junto a tu poblado portuario.	Tocca un percorso marittimo accanto al tuo insediamento portuale.	Toque num caminho marítimo junto à sua aldeia portuária.	Dotknij szlaku morskiego obok swojej osady portowej.	Liman köyünün yanındaki bir deniz yoluna dokun.	Торкніться морського шляху біля свого портового поселення.	항구 정착지 옆의 바닷길을 누르세요.	港の開拓地の隣の海路をタップ。	点击你的港口村庄旁的海路。
2 points, upgrade of a coastal settlement	2 Punkte, Ausbau einer Siedlung an der Küste	2 point, opgradering af en kystbosættelse	2 poäng, uppgradering av en kustbosättning	2 poeng, oppgradering av en kystbosetning	2 punten, uitbreiding van een dorp aan de kust	2 points, amélioration d’une colonie côtière	2 puntos, mejora de un poblado costero	2 punti, potenziamento di un insediamento costiero	2 pontos, melhoria de uma aldeia costeira	2 punkty, rozbudowa osady na wybrzeżu	2 puan, kıyıdaki bir köyün yükseltilmesi	2 очки, розбудова прибережного поселення	2점, 해안 정착지 승급	2点・海岸の開拓地の拡張	2 分，升级沿海村庄
4 moves a turn	4 Züge pro Spielzug	4 træk pr. tur	4 drag per tur	4 trekk per runde	4 zetten per beurt	4 déplacements par tour	4 movimientos por turno	4 mosse per turno	4 movimentos por jogada	4 ruchy na turę	Turda 4 hamle	4 ходи за хід	턴당 4번 이동	1ターンに4移動	每回合 4 步
Founds a settlement from a ship	Gründet von einem Schiff aus eine Siedlung	Grundlægger en bosættelse fra et skib	Grundar en bosättning från ett skepp	Grunnlegger en bosetning fra et skip	Sticht vanaf een schip een dorp	Fonde une colonie depuis un navire	Funda un poblado desde un barco	Fonda un insediamento da una nave	Funda uma aldeia a partir de um navio	Zakłada osadę ze statku	Bir gemiden köy kurar	Засновує поселення з корабля	배에서 정착지를 세웁니다	船から開拓地を築く	从船上建立村庄
Fights lairs, trades with villages	Kämpft um Piratenlager, handelt mit Dörfern	Kæmper om lejre, handler med landsbyer	Slåss om läger, handlar med byar	Kjemper om leirer, handler med landsbyer	Vecht om piratenkampen, handelt met dorpen	Combat les repaires, commerce avec les villages	Lucha por guaridas, comercia con aldeas	Combatte i covi, commercia con i villaggi	Luta pelos covis, comercia com aldeias	Walczy o kryjówki, handluje z wioskami	Sığınaklarla savaşır, köylerle ticaret yapar	Б’ється за лігва, торгує із селищами	소굴과 싸우고 마을과 거래합니다	巣窟と戦い、村と交易する	攻打巢穴，与村庄交易
There are no cities, development cards or robber. Trade 3 identical resources for 1 other resource or 1 gold; 2 gold buy a resource (twice per turn). If a roll brings you no resources, you get 1 gold. Discovering land earns a resource of it, any other field 2 gold.	Es gibt keine Städte, keine Entwicklungskarten und keinen Räuber. 3 gleiche Rohstoffe tauschst du gegen 1 anderen Rohstoff oder 1 Gold; 2 Gold kaufen einen Rohstoff (zweimal pro Zug). Bringt dir ein Wurf keine Rohstoffe, bekommst du 1 Gold. Wer Land entdeckt, erhält einen Rohstoff davon, bei jedem anderen Feld 2 Gold.	Der er ingen byer, udviklingskort eller røver. 3 ens råvarer bytter du til 1 anden råvare eller 1 guld; 2 guld køber en råvare (to gange pr. tur). Giver et slag dig ingen råvarer, får du 1 guld. Opdager du land, får du en råvare derfra, ved ethvert andet felt 2 guld.	Det finns inga städer, utvecklingskort eller rövare. 3 likadana råvaror byter du mot 1 annan råvara eller 1 guld; 2 guld köper en råvara (två gånger per tur). Ger ett slag dig inga råvaror får du 1 guld. Upptäcker du land får du en råvara därifrån, vid vilket annat fält som helst 2 guld.	Det finnes ingen byer, utviklingskort eller røver. 3 like ressurser bytter du mot 1 annen ressurs eller 1 gull; 2 gull kjøper en ressurs (to ganger per runde). Gir et kast deg ingen ressurser, får du 1 gull. Oppdager du land, får du en ressurs derfra, ved alle andre felt 2 gull.	Er zijn geen steden, ontwikkelingskaarten of rover. 3 gelijke grondstoffen ruil je voor 1 andere grondstof of 1 goud; 2 goud kopen een grondstof (twee keer per beurt). Levert een worp je geen grondstoffen op, dan krijg je 1 goud. Ontdek je land, dan krijg je een grondstof ervan, bij elk ander veld 2 goud.	Il n’y a ni villes, ni cartes de développement, ni voleur. 3 ressources identiques s’échangent contre 1 autre ressource ou 1 or ; 2 or achètent une ressource (deux fois par tour). Si un jet ne vous rapporte aucune ressource, vous recevez 1 or. Découvrir une terre rapporte une de ses ressources, tout autre champ 2 or.	No hay ciudades, cartas de desarrollo ni ladrón. 3 materias primas iguales se cambian por 1 distinta o por 1 de oro; 2 de oro compran una materia prima (dos veces por turno). Si una tirada no te da materias primas, recibes 1 de oro. Descubrir tierra da una materia prima de ella; cualquier otro campo, 2 de oro.	Non ci sono città, carte sviluppo né ladro. 3 risorse uguali si scambiano con 1 altra risorsa o 1 oro; 2 oro comprano una risorsa (due volte per turno). Se un tiro non ti dà risorse, ricevi 1 oro. Scoprire terra dà una risorsa di essa, qualsiasi altro campo 2 oro.	Não há cidades, cartas de desenvolvimento nem ladrão. 3 matérias-primas iguais trocam-se por 1 diferente ou por 1 ouro; 2 ouros compram uma matéria-prima (duas vezes por jogada). Se um lançamento não lhe der matérias-primas, recebe 1 ouro. Descobrir terra dá uma matéria-prima dela; qualquer outro campo, 2 ouros.	Nie ma miast, kart rozwoju ani złodzieja. 3 takie same surowce wymieniasz na 1 inny surowiec albo 1 złoto; 2 złota kupują surowiec (dwa razy na turę). Jeśli rzut nie przyniesie ci surowców, dostajesz 1 złoto. Odkrycie lądu daje surowiec z niego, każde inne pole 2 złota.	Şehir, gelişim kartı ya da haydut yok. 3 aynı hammaddeyi 1 başka hammadde veya 1 altınla takas edersin; 2 altın bir hammadde satın alır (turda iki kez). Bir atış sana hammadde getirmezse 1 altın alırsın. Kara keşfetmek ondan bir hammadde, başka her alan 2 altın kazandırır.	Міст, карт розвитку й розбійника немає. 3 однакові ресурси обмінюєте на 1 інший ресурс або 1 золото; 2 золота купують ресурс (двічі за хід). Якщо кидок не дав вам ресурсів, ви отримуєте 1 золото. Відкриття землі дає ресурс із неї, будь-яке інше поле — 2 золота.	도시도, 발전 카드도, 도둑도 없습니다. 같은 자원 3장은 다른 자원 1장이나 금 1개로 바꿀 수 있고, 금 2개로 자원 1장을 살 수 있습니다(턴당 2번). 주사위로 자원을 못 받으면 금 1개를 받습니다. 땅을 발견하면 그 자원 1장을, 다른 칸은 금 2개를 받습니다.	都市も発展カードも盗賊もありません。同じ資源3枚は別の資源1枚か金1枚に交換でき、金2枚で資源1枚を買えます（1ターンに2回）。サイコロで資源を得られないと金1枚をもらえます。陸地を発見するとその資源1枚、それ以外のマスは金2枚です。	没有城市、发展卡和强盗。3 张相同资源可换 1 张其他资源或 1 黄金；2 黄金可买 1 张资源（每回合两次）。若掷骰你没有收入资源，得到 1 黄金。发现陆地得到其资源 1 张，发现其他地块得 2 黄金。
A turn: income, then trade and build, then the movement phase. Ships carry 2 small pieces or 1 large one. Foreign pirates ask 1 gold tribute per ship and turn; a ship that has not moved can try to chase them with a die (a 6).	Ein Zug: Ertrag, dann Handeln und Bauen, dann die Bewegungsphase. Schiffe tragen 2 kleine oder 1 große Figur. Fremde Piraten verlangen 1 Gold Tribut pro Schiff und Zug; ein Schiff, das noch nicht gezogen wurde, kann versuchen, sie mit einem Würfel (6) zu verjagen.	En tur: indkomst, så handel og bygning, så bevægelsesfasen. Skibe bærer 2 små eller 1 stor brik. Fremmede pirater kræver 1 guld i tribut pr. skib og tur; et skib, der ikke har sejlet endnu, kan prøve at jage dem væk med en terning (en 6’er).	En tur: inkomst, sedan handel och bygge, sedan rörelsefasen. Skepp bär 2 små eller 1 stor pjäs. Främmande pirater kräver 1 guld i tribut per skepp och tur; ett skepp som inte rört sig kan försöka jaga bort dem med en tärning (en 6:a).	En runde: inntekt, så handel og bygging, så bevegelsesfasen. Skip bærer 2 små eller 1 stor brikke. Fremmede pirater krever 1 gull i tributt per skip og runde; et skip som ikke har seilt ennå, kan prøve å jage dem bort med en terning (en 6-er).	Een beurt: opbrengst, dan handelen en bouwen, dan de bewegingsfase. Schepen dragen 2 kleine of 1 grote figuur. Vreemde piraten vragen 1 goud tribuut per schip en beurt; een schip dat nog niet bewogen heeft, kan proberen ze met een dobbelsteen (een 6) te verjagen.	Un tour : revenus, puis commerce et construction, puis phase de déplacement. Les navires portent 2 petites pièces ou 1 grande. Les pirates étrangers exigent 1 or de tribut par navire et par tour ; un navire qui n’a pas encore bougé peut tenter de les chasser avec un dé (un 6).	Un turno: ingresos, luego comercio y construcción, luego la fase de movimiento. Los barcos llevan 2 piezas pequeñas o 1 grande. Los piratas ajenos piden 1 de oro de tributo por barco y turno; un barco que aún no se ha movido puede intentar ahuyentarlos con un dado (un 6).	Un turno: rendita, poi commercio e costruzione, poi la fase di movimento. Le navi trasportano 2 pezzi piccoli o 1 grande. I pirati altrui chiedono 1 oro di tributo per nave e turno; una nave che non si è ancora mossa può provare a cacciarli con un dado (un 6).	Uma jogada: rendimento, depois comércio e construção, depois a fase de movimento. Os navios levam 2 peças pequenas ou 1 grande. Os piratas alheios pedem 1 ouro de tributo por navio e jogada; um navio que ainda não se moveu pode tentar afugentá-los com um dado (um 6).	Tura: dochód, potem handel i budowa, potem faza ruchu. Statki przewożą 2 małe figury albo 1 dużą. Obcy piraci żądają 1 złota daniny od statku na turę; statek, który jeszcze się nie ruszał, może spróbować ich przegnać rzutem kością (szóstka).	Bir tur: gelir, sonra ticaret ve inşa, sonra hareket aşaması. Gemiler 2 küçük veya 1 büyük taş taşır. Yabancı korsanlar gemi ve tur başına 1 altın haraç ister; henüz hareket etmemiş bir gemi onları zarla (6) kovmayı deneyebilir.	За хід: дохід, потім торгівля й будівництво, потім фаза руху. Кораблі перевозять 2 малі фігурки або 1 велику. Чужі пірати вимагають 1 золото данини з корабля за хід; корабель, який ще не рухався, може спробувати прогнати їх кубиком (шістка).	한 턴: 수입, 거래와 건설, 이동 단계 순서입니다. 배는 작은 말 2개 또는 큰 말 1개를 싣습니다. 남의 해적은 배 1척당 한 턴에 조공으로 금 1개를 요구하며, 아직 움직이지 않은 배는 주사위(6)로 쫓아내 볼 수 있습니다.	1ターンは収入、交易と建設、移動フェーズの順です。船は小駒2つか大駒1つを運べます。他人の海賊は船1隻・1ターンにつき貢ぎ物として金1枚を求め、まだ動いていない船はサイコロ（6）で追い払いを試せます。	一个回合：收入、交易与建造、再移动阶段。船可载 2 个小棋子或 1 个大棋子。别人的海盗每艘船每回合索要 1 黄金贡金；尚未移动的船可用骰子（6）尝试驱逐。
5–6 players: ship 1 rolls and trades, ship 2 only builds and moves. Both tokens pass to the left.	5–6 Personen: Schiff 1 würfelt und handelt, Schiff 2 baut und zieht nur. Beide Schiffe wandern nach links.	5–6 spillere: skib 1 slår og handler, skib 2 bygger og sejler kun. Begge brikker går videre til venstre.	5–6 spelare: skepp 1 slår och handlar, skepp 2 bygger och seglar bara. Båda brickorna går vidare åt vänster.	5–6 spillere: skip 1 kaster og handler, skip 2 bygger og seiler bare. Begge brikkene går videre til venstre.	5–6 spelers: schip 1 dobbelt en handelt, schip 2 bouwt en vaart alleen. Beide fiches gaan naar links.	5–6 joueurs : le navire 1 lance les dés et commerce, le navire 2 construit et navigue seulement. Les deux jetons passent à gauche.	5–6 jugadores: el barco 1 tira y comercia, el barco 2 solo construye y navega. Ambas fichas pasan a la izquierda.	5–6 giocatori: la nave 1 tira e commercia, la nave 2 costruisce e naviga soltanto. Entrambe le pedine passano a sinistra.	5–6 jogadores: o navio 1 lança os dados e comercia, o navio 2 só constrói e navega. Ambas as fichas passam para a esquerda.	5–6 graczy: statek 1 rzuca i handluje, statek 2 tylko buduje i żegluje. Oba znaczniki wędrują w lewo.	5–6 oyuncu: gemi 1 zar atar ve ticaret yapar, gemi 2 yalnızca inşa eder ve yelken açar. İki jeton da sola geçer.	5–6 гравців: корабель 1 кидає кубики й торгує, корабель 2 лише будує та плаває. Обидва жетони переходять ліворуч.	5–6인: 배 1은 주사위를 굴리고 거래하며, 배 2는 건설과 이동만 합니다. 두 토큰은 왼쪽으로 넘어갑니다.	5〜6人：船1がサイコロを振って交易し、船2は建設と航行だけを行います。2つのトークンは左隣へ渡ります。	5–6 人：船 1 掷骰并交易，船 2 只建造和移动。两个标记都传给左边的玩家。
Harbor settlements	Hafensiedlungen	Havnebosættelser	Hamnbosättningar	Havnebosetninger	Havendorpen	Colonies portuaires	Poblados portuarios	Insediamenti portuali	Aldeias portuárias	Osady portowe	Liman köyleri	Портові поселення	항구 정착지	港の開拓地	港口村庄
The Pirate Lairs	Die Piratenlager	Piratlejrene	Piratlägren	Piratleirene	De piratenkampen	Les repaires de pirates	Las guaridas piratas	I covi dei pirati	Os covis de piratas	Kryjówki piratów	Korsan sığınakları	Піратські лігва	해적 소굴	海賊の巣窟	海盗巢穴
Sail into the unknown: ships, discoveries and missions.	Segle ins Unbekannte: Schiffe, Entdeckungen und Missionen.	Sejl ud i det ukendte: skibe, opdagelser og missioner.	Segla ut i det okända: skepp, upptäckter och uppdrag.	Seil ut i det ukjente: skip, oppdagelser og oppdrag.	Vaar het onbekende in: schepen, ontdekkingen en missies.	Cap sur l’inconnu : navires, découvertes et missions.	Navega hacia lo desconocido: barcos, descubrimientos y misiones.	Naviga verso l’ignoto: navi, scoperte e missioni.	Navegue rumo ao desconhecido: navios, descobertas e missões.	Wyrusz w nieznane: statki, odkrycia i misje.	Bilinmeyene yelken aç: gemiler, keşifler ve görevler.	Відправтеся в невідоме: кораблі, відкриття та місії.	미지의 바다로: 배, 발견, 임무.	未知の海へ：船、発見、ミッション。	驶向未知：船只、发现与任务。
Five scenarios from the book: discover the fog with ships, found settlements with explorers, upgrade them to harbor settlements, fight pirate lairs, catch fish and trade spices.	Fünf Szenarien aus der Spielanleitung: Entdeckt den Nebel mit Schiffen, gründet Siedlungen mit Entdeckern, baut sie zu Hafensiedlungen aus, erobert Piratenlager, fangt Fische und erhandelt Gewürze.	Fem scenarier fra reglerne: opdag tågen med skibe, grundlæg bosættelser med opdagere, udbyg dem til havnebosættelser, erobr piratlejre, fang fisk og handl med krydderier.	Fem scenarier ur spelreglerna: upptäck dimman med skepp, grunda bosättningar med upptäckare, bygg ut dem till hamnbosättningar, erövra piratläger, fånga fisk och handla med kryddor.	Fem scenarier fra reglene: oppdag tåken med skip, grunnlegg bosetninger med oppdagere, bygg dem ut til havnebosetninger, erobre piratleirer, fang fisk og handle med krydder.	Vijf scenario’s uit de spelregels: ontdek de mist met schepen, sticht dorpen met ontdekkers, bouw ze uit tot havendorpen, verover piratenkampen, vang vis en handel in specerijen.	Cinq scénarios du livre de règles : découvrez la brume avec des navires, fondez des colonies avec des explorateurs, agrandissez-les en colonies portuaires, conquérez des repaires de pirates, pêchez et commercez des épices.	Cinco escenarios del reglamento: descubre la niebla con barcos, funda poblados con exploradores, amplíalos a poblados portuarios, conquista guaridas piratas, pesca y comercia con especias.	Cinque scenari dal regolamento: scopri la nebbia con le navi, fonda insediamenti con gli esploratori, ampliali in insediamenti portuali, conquista i covi dei pirati, pesca e commercia spezie.	Cinco cenários do manual: descubra o nevoeiro com navios, funde aldeias com exploradores, amplie-as para aldeias portuárias, conquiste covis de piratas, pesque e comercie especiarias.	Pięć scenariuszy z instrukcji: odkrywaj mgłę statkami, zakładaj osady odkrywcami, rozbudowuj je do osad portowych, zdobywaj kryjówki piratów, łów ryby i handluj przyprawami.	Kuralların beş senaryosu: gemilerle sisi keşfet, kâşiflerle köyler kur, onları liman köylerine yükselt, korsan sığınaklarını fethet, balık tut ve baharat ticareti yap.	П’ять сценаріїв із правил: відкривайте туман кораблями, засновуйте поселення дослідниками, розбудовуйте їх до портових, завойовуйте піратські лігва, ловіть рибу й торгуйте спеціями.	설명서의 시나리오 5개: 배로 안개를 탐험하고, 탐험가로 정착지를 세우고, 항구 정착지로 키우고, 해적 소굴과 싸우고, 물고기를 잡고 향신료를 거래하세요.	ルールブックの5つのシナリオ：船で霧を探検し、探検者で開拓地を築き、港の開拓地に発展させ、海賊の巣窟と戦い、魚を捕り、香辛料を交易します。	规则书中的五个剧本：用船探索迷雾、用探险家建立村庄、升级为港口村庄、攻打海盗巢穴、捕鱼并交易香料。
Trade 3 identical resources for 1 other resource or 1 gold with the supply. 2 gold buy 1 resource, twice per turn.	Tausche mit dem Vorrat 3 gleiche Rohstoffe gegen 1 anderen Rohstoff oder 1 Gold. 2 Gold kaufen 1 Rohstoff, zweimal pro Zug.	Byt 3 ens råvarer med forrådet til 1 anden råvare eller 1 guld. 2 guld køber 1 råvare, to gange pr. tur.	Byt 3 likadana råvaror mot 1 annan råvara eller 1 guld med förrådet. 2 guld köper 1 råvara, två gånger per tur.	Bytt 3 like ressurser med forrådet mot 1 annen ressurs eller 1 gull. 2 gull kjøper 1 ressurs, to ganger per runde.	Ruil met de voorraad 3 gelijke grondstoffen voor 1 andere grondstof of 1 goud. 2 goud kopen 1 grondstof, twee keer per beurt.	Échangez avec la réserve 3 ressources identiques contre 1 autre ressource ou 1 or. 2 or achètent 1 ressource, deux fois par tour.	Cambia con la reserva 3 materias primas iguales por 1 distinta o 1 de oro. 2 de oro compran 1 materia prima, dos veces por turno.	Scambia con la riserva 3 risorse uguali con 1 altra risorsa o 1 oro. 2 oro comprano 1 risorsa, due volte per turno.	Troque com a reserva 3 matérias-primas iguais por 1 diferente ou 1 ouro. 2 ouros compram 1 matéria-prima, duas vezes por jogada.	Wymień z zapasem 3 takie same surowce na 1 inny surowiec albo 1 złoto. 2 złota kupują 1 surowiec, dwa razy na turę.	Bankayla 3 aynı hammaddeyi 1 başka hammadde veya 1 altınla takas et. 2 altın 1 hammadde satın alır, turda iki kez.	Обмінюйте із запасом 3 однакові ресурси на 1 інший ресурс або 1 золото. 2 золота купують 1 ресурс, двічі за хід.	보급품과 같은 자원 3장을 다른 자원 1장이나 금 1개로 바꿉니다. 금 2개로 자원 1장을 살 수 있습니다(턴당 2번).	倉庫と同じ資源3枚を別の資源1枚か金1枚に交換できます。金2枚で資源1枚を買えます（1ターンに2回）。	在库存中用 3 张相同资源换 1 张其他资源或 1 黄金。2 黄金买 1 张资源，每回合两次。
Spice	Gewürz	Krydderi	Krydda	Krydder	Specerij	Épice	Especia	Spezia	Especiaria	Przyprawa	Baharat	Спеція	향신료	香辛料	香料
Quick sailing	Schnelle Fahrt	Hurtig sejlads	Snabb segling	Rask seilas	Snelle vaart	Navigation rapide	Navegación veloz	Navigazione rapida	Navegação rápida	Szybka żegluga	Hızlı yelken	Швидке плавання	빠른 항해	快速航海	快速航行
Every ship of yours gets 1 more move.	Jedes deiner Schiffe erhält 1 Bewegungspunkt mehr.	Hvert af dine skibe får 1 ekstra træk.	Varje skepp du har får 1 extra drag.	Hvert av skipene dine får 1 ekstra trekk.	Elk van je schepen krijgt 1 extra zet.	Chacun de vos navires gagne 1 déplacement.	Cada uno de tus barcos recibe 1 movimiento más.	Ogni tua nave ottiene 1 mossa in più.	Cada um dos seus navios ganha 1 movimento.	Każdy twój statek dostaje 1 dodatkowy ruch.	Her geminin 1 ek hamle kazanır.	Кожен ваш корабель отримує 1 додатковий хід.	내 모든 배가 이동 1번을 더 얻습니다.	すべての船が1移動ぶん多く動けます。	你的每艘船多 1 步。
Good gold	Gutes Gold	Godt guld	Bra guld	Godt gull	Goed goud	Bon or	Buen oro	Buon oro	Bom ouro	Dobre złoto	İyi altın	Добре золото	좋은 금	良い金	好金子
Once per turn, swap 1 resource for 1 gold.	Einmal pro Zug 1 Rohstoff gegen 1 Gold tauschen.	Én gang pr. tur: byt 1 råvare til 1 guld.	En gång per tur: byt 1 råvara mot 1 guld.	Én gang per runde: bytt 1 ressurs mot 1 gull.	Eén keer per beurt 1 grondstof voor 1 goud ruilen.	Une fois par tour, échangez 1 ressource contre 1 or.	Una vez por turno, cambia 1 materia prima por 1 de oro.	Una volta per turno, scambia 1 risorsa con 1 oro.	Uma vez por jogada, troque 1 matéria-prima por 1 ouro.	Raz na turę wymień 1 surowiec na 1 złoto.	Turda bir kez 1 hammaddeyi 1 altınla takas et.	Раз на хід обміняйте 1 ресурс на 1 золото.	턴당 한 번 자원 1장을 금 1개로 바꿉니다.	1ターンに1度、資源1つを金1枚と交換できます。	每回合一次，用 1 份资源换 1 黄金。
Pirate fighters	Piratenbonus	Pirat-kæmpere	Pirat-kämpar	Pirat-kjempere	Piratenbestrijders	Combattants de pirates	Luchadores contra piratas	Combattenti dei pirati	Combatentes de piratas	Pogromcy piratów	Korsan savaşçıları	Борці з піратами	해적 사냥꾼	海賊ハンター	海盗克星
You chase the pirates away with this die face as well.	Du verjagst das Piratenschiff auch mit dieser Würfelzahl.	Du jager piraterne også væk med dette terningtal.	Du jagar även bort piraterna med den här tärningssidan.	Du jager også piratene bort med dette terningtallet.	Je verjaagt de piraten ook met dit dobbelsteengetal.	Vous chassez aussi les pirates avec cette face du dé.	También ahuyentas a los piratas con esta cara del dado.	Cacci i pirati anche con questa faccia del dado.	Também afugenta os piratas com esta face do dado.	Przeganiasz piratów także tą liczbą oczek.	Korsanları bu zar yüzüyle de kovarsın.	Піратів можна прогнати й цією гранню кубика.	이 주사위 눈으로도 해적을 쫓아낼 수 있습니다.	この目でも海賊を追い払えます。	掷出这个点数也能驱逐海盗。
Strongest Pirate Defense	Stärkste Piratenabwehr	Stærkeste piratforsvar	Starkaste piratförsvar	Sterkeste piratforsvar	Sterkste piratenverdediging	Meilleure défense contre les pirates	Mejor defensa contra piratas	Difesa dai pirati più forte	Melhor defesa contra piratas	Najsilniejsza obrona przed piratami	En güçlü korsan savunması	Найсильніший захист від піратів	최강의 해적 방어	最強の海賊防衛	最强海盗防御
Richest Catch	Ertragreichster Fischfang	Rigeste fangst	Rikaste fångsten	Rikeste fangst	Rijkste vangst	Pêche la plus riche	La pesca más rica	Pesca più ricca	Pesca mais rica	Najobfitszy połów	En zengin av	Найбагатший улов	최고의 어획	最大の漁獲	最丰渔获
Best Spice Trade	Bester Gewürzhandel	Bedste krydderihandel	Bästa kryddhandeln	Beste krydderhandel	Beste specerijenhandel	Meilleur commerce d’épices	Mejor comercio de especias	Miglior commercio di spezie	Melhor comércio de especiarias	Najlepszy handel przyprawami	En iyi baharat ticareti	Найкраща торгівля спеціями	최고의 향신료 무역	最高の香辛料交易	最佳香料贸易
The pirates are coming!	Die Piraten kommen!	Piraterne kommer!	Piraterna kommer!	Piratene kommer!	De piraten komen!	Les pirates arrivent !	¡Llegan los piratas!	Arrivano i pirati!	Os piratas estão a chegar!	Piraci nadchodzą!	Korsanlar geliyor!	Пірати наближаються!	해적이 온다!	海賊がやって来る！	海盗来了！
The roller sets the pirate ship and takes a card from a ship next to it.	Wer gewürfelt hat, setzt das Piratenschiff und zieht eine Karte von einem Schiff daneben.	Den, der slog, placerer piratskibet og tager et kort fra et skib ved siden af.	Den som slog placerar piratskeppet och tar ett kort från ett skepp bredvid.	Den som kastet plasserer piratskipet og tar et kort fra et skip ved siden av.	Wie gegooid heeft, zet het piratenschip en trekt een kaart van een schip ernaast.	Le joueur qui a lancé place le navire pirate et prend une carte à un navire voisin.	Quien tiró coloca el barco pirata y roba una carta de un barco vecino.	Chi ha tirato posiziona la nave pirata e prende una carta da una nave vicina.	Quem lançou coloca o navio pirata e tira uma carta de um navio vizinho.	Gracz, który rzucał, ustawia statek piracki i bierze kartę od sąsiedniego statku.	Zar atan korsan gemisini yerleştirir ve yanındaki bir gemiden kart çeker.	Той, хто кинув, ставить піратський корабель і бере карту в сусіднього корабля.	굴린 사람이 해적선을 놓고 옆에 있는 배의 카드를 가져옵니다.	振った人が海賊船を置き、隣の船からカードを引きます。	掷骰者放置海盗船，并从旁边船只的主人处抽一张牌。
No pirates sail in this scenario.	In diesem Szenario segeln keine Piraten.	I dette scenarie sejler der ingen pirater.	I det här scenariot seglar inga pirater.	I dette scenarioet seiler ingen pirater.	In dit scenario varen geen piraten rond.	Dans ce scénario, il n’y a pas de pirates.	En este escenario no navegan piratas.	In questo scenario non navigano pirati.	Neste cenário não há piratas.	W tym scenariuszu nie pływają piraci.	Bu senaryoda korsan yok.	У цьому сценарії піратів немає.	이 시나리오에는 해적이 없습니다.	このシナリオに海賊は現れません。	本剧本没有海盗。
A 7 sets a pirate ship on the sea.	Eine 7 setzt ein Piratenschiff aufs Meer.	Et 7-tal sætter et piratskib på havet.	En 7:a sätter ett piratskepp på havet.	En 7-er setter et piratskip på havet.	Een 7 zet een piratenschip op zee.	Un 7 place un navire pirate sur la mer.	Un 7 pone un barco pirata en el mar.	Un 7 mette una nave pirata in mare.	Um 7 coloca um navio pirata no mar.	Siódemka stawia statek piracki na morzu.	Bir 7, denize bir korsan gemisi koyar.	Сімка ставить піратський корабель на море.	7이 나오면 해적선이 바다에 놓입니다.	7が出ると海賊船が海に置かれます。	掷出 7 会在海上放置一艘海盗船。
A 7 only makes players with many cards discard.	Eine 7 lässt nur Personen mit vielen Karten abgeben.	Et 7-tal får kun spillere med mange kort til at kassere.	En 7:a får bara spelare med många kort att kasta.	En 7-er får bare spillere med mange kort til å kaste.	Een 7 laat alleen spelers met veel kaarten afleggen.	Un 7 ne fait défausser que ceux qui ont beaucoup de cartes.	Un 7 solo hace descartar a quien tiene muchas cartas.	Un 7 fa scartare solo chi ha molte carte.	Um 7 só faz descartar quem tem muitas cartas.	Siódemka zmusza do odrzucania tylko graczy z wieloma kartami.	Bir 7 yalnızca çok kartı olanlara kart attırır.	Сімка змушує скидати лише гравців із багатьма картами.	7이 나오면 카드가 많은 사람만 버립니다.	7が出ると、カードの多い人だけが捨てます。	掷出 7 只会让手牌多的玩家弃牌。
Land in Sight	Land in Sicht	Land i sigte	Land i sikte	Land i sikte	Land in zicht	Terre en vue	Tierra a la vista	Terra in vista	Terra à vista	Ziemia na horyzoncie	Kara göründü	Земля на обрії	육지 발견	陸地発見	发现陆地
Learn the basics: discover the fog with ships, found settlements with explorers and upgrade them to harbor settlements. First to 8 points.	Lernt die Grundlagen: Entdeckt den Nebel mit Schiffen, gründet Siedlungen mit Entdeckern und baut sie zu Hafensiedlungen aus. Wer zuerst 8 Punkte hat, gewinnt.	Lær det grundlæggende: opdag tågen med skibe, grundlæg bosættelser med opdagere og udbyg dem til havnebosættelser. Først til 8 point.	Lär dig grunderna: upptäck dimman med skepp, grunda bosättningar med upptäckare och bygg ut dem till hamnbosättningar. Först till 8 poäng.	Lær grunnreglene: oppdag tåken med skip, grunnlegg bosetninger med oppdagere og bygg dem ut til havnebosetninger. Først til 8 poeng.	Leer de basis: ontdek de mist met schepen, sticht dorpen met ontdekkers en bouw ze uit tot havendorpen. Wie het eerst 8 punten heeft.	Apprenez les bases : découvrez la brume avec des navires, fondez des colonies avec des explorateurs et agrandissez-les en colonies portuaires. Premier à 8 points.	Aprende lo básico: descubre la niebla con barcos, funda poblados con exploradores y amplíalos a poblados portuarios. El primero en llegar a 8 puntos.	Impara le basi: scopri la nebbia con le navi, fonda insediamenti con gli esploratori e ampliali in insediamenti portuali. Il primo a 8 punti.	Aprenda o básico: descubra o nevoeiro com navios, funde aldeias com exploradores e amplie-as para aldeias portuárias. O primeiro a chegar a 8 pontos.	Poznaj podstawy: odkrywaj mgłę statkami, zakładaj osady odkrywcami i rozbudowuj je do osad portowych. Pierwszy do 8 punktów.	Temelleri öğren: gemilerle sisi keşfet, kâşiflerle köyler kur ve onları liman köylerine yükselt. 8 puana ilk ulaşan.	Опануйте основи: відкривайте туман кораблями, засновуйте поселення дослідниками й розбудовуйте їх до портових. Перший до 8 очок.	기본기 익히기: 배로 안개를 탐험하고, 탐험가로 정착지를 세우고, 항구 정착지로 키우세요. 먼저 8점.	基本を学ぶ：船で霧を探検し、探検者で開拓地を築き、港の開拓地に発展させます。先に8点。	学习基础：用船探索迷雾、用探险家建立村庄并升级为港口村庄。先到 8 分。
Free setup. Units conquer the pirate lairs on the gold rivers. First to 12 points.	Freier Aufbau. Einheiten erobern die Piratenlager an den Goldflüssen. Wer zuerst 12 Punkte hat, gewinnt.	Fri opstilling. Enheder erobrer piratlejrene ved guldfloderne. Først til 12 point.	Fri uppställning. Enheter erövrar piratlägren vid guldfloderna. Först till 12 poäng.	Fri oppstilling. Enheter erobrer piratleirene ved gullelvene. Først til 12 poeng.	Vrije opstelling. Eenheden veroveren de piratenkampen bij de goudrivieren. Wie het eerst 12 punten heeft.	Mise en place libre. Les unités conquièrent les repaires de pirates des rivières d’or. Premier à 12 points.	Colocación libre. Las unidades conquistan las guaridas piratas de los ríos de oro. El primero en llegar a 12 puntos.	Piazzamento libero. Le unità conquistano i covi dei pirati sui fiumi d’oro. Il primo a 12 punti.	Colocação livre. As unidades conquistam os covis de piratas nos rios de ouro. O primeiro a chegar a 12 pontos.	Swobodne ustawienie. Jednostki zdobywają kryjówki piratów nad złotymi rzekami. Pierwszy do 12 punktów.	Serbest kurulum. Birimler altın nehirlerdeki korsan sığınaklarını fethe der. 12 puana ilk ulaşan.	Вільне розташування. Загони завойовують піратські лігва на золотих річках. Перший до 12 очок.	자유 배치. 부대가 금 강의 해적 소굴을 정복합니다. 먼저 12점.	自由配置。部隊が金の川の海賊の巣窟を攻略します。先に12点。	自由布置。部队攻占金河上的海盗巢穴。先到 12 分。
Catch fish swarms and bring them to the base of the council. First to 15 points.	Fangt Fischschwärme und bringt sie zum Stützpunkt des Rats. Wer zuerst 15 Punkte hat, gewinnt.	Fang fiskestimer og bring dem til rådets base. Først til 15 point.	Fånga fiskstimmar och för dem till rådets bas. Först till 15 poäng.	Fang fiskestimer og bring dem til rådets base. Først til 15 poeng.	Vang vissenzwermen en breng ze naar de basis van de raad. Wie het eerst 15 punten heeft.	Attrapez des bancs de poissons et apportez-les à la base du conseil. Premier à 15 points.	Captura bancos de peces y llévalos a la base del consejo. El primero en llegar a 15 puntos.	Pesca banchi di pesci e portali alla base del consiglio. Il primo a 15 punti.	Apanhe cardumes e leve-os à base do conselho. O primeiro a chegar a 15 pontos.	Łów ławice ryb i dostarczaj je do bazy rady. Pierwszy do 15 punktów.	Balık sürülerini yakala ve konseyin üssüne götür. 15 puana ilk ulaşan.	Ловіть зграї риби й доставляйте їх до бази ради. Перший до 15 очок.	물고기 떼를 잡아 의회 기지로 가져가세요. 먼저 15점.	魚群を捕って評議会の拠点に運びます。先に15点。	捕捉鱼群并运到议会据点。先到 15 分。
Fish and spice: befriend the villages of the spice islands. First to 15 points.	Fisch und Gewürze: Freundet euch mit den Dörfern der Gewürzinseln an. Wer zuerst 15 Punkte hat, gewinnt.	Fisk og krydderier: bliv venner med landsbyerne på krydderiøerne. Først til 15 point.	Fisk och kryddor: bli vän med byarna på kryddöarna. Först till 15 poäng.	Fisk og krydder: bli venn med landsbyene på krydderøyene. Først til 15 poeng.	Vis en specerijen: sluit vriendschap met de dorpen van de specerijeneilanden. Wie het eerst 15 punten heeft.	Poissons et épices : devenez amis des villages des îles aux épices. Premier à 15 points.	Pescado y especias: hazte amigo de las aldeas de las islas de las especias. El primero en llegar a 15 puntos.	Pesci e spezie: fai amicizia con i villaggi delle isole delle spezie. Il primo a 15 punti.	Peixe e especiarias: faça amizade com as aldeias das ilhas das especiarias. O primeiro a chegar a 15 pontos.	Ryby i przyprawy: zaprzyjaźnij się z wioskami na wyspach przypraw. Pierwszy do 15 punktów.	Balık ve baharat: baharat adalarındaki köylerle dost ol. 15 puana ilk ulaşan.	Риба й спеції: здружіться із селищами на островах спецій. Перший до 15 очок.	물고기와 향신료: 향신료 섬의 마을과 친구가 되세요. 먼저 15점.	魚と香辛料：香辛料の島の村と友達になります。先に15点。	鱼与香料：与香料岛的村庄交朋友。先到 15 分。
All three missions at once. First to 17 points.	Alle drei Missionen zugleich. Wer zuerst 17 Punkte hat, gewinnt.	Alle tre missioner på én gang. Først til 17 point.	Alla tre uppdrag på en gång. Först till 17 poäng.	Alle tre oppdrag samtidig. Først til 17 poeng.	Alle drie de missies tegelijk. Wie het eerst 17 punten heeft.	Les trois missions en même temps. Premier à 17 points.	Las tres misiones a la vez. El primero en llegar a 17 puntos.	Tutte e tre le missioni insieme. Il primo a 17 punti.	As três missões em simultâneo. O primeiro a chegar a 17 pontos.	Wszystkie trzy misje naraz. Pierwszy do 17 punktów.	Üç görev birden. 17 puana ilk ulaşan.	Усі три місії одночасно. Перший до 17 очок.	세 임무를 한꺼번에. 먼저 17점.	3つのミッションを同時に。先に17点。	三个任务同时进行。先到 17 分。
Sail into the unknown. Discover land, found settlements and win the missions. The first to the point goal wins.	Segelt ins Unbekannte. Entdeckt Land, gründet Siedlungen und gewinnt die Missionen. Wer zuerst das Siegpunktziel erreicht, gewinnt.	Sejl ud i det ukendte. Opdag land, grundlæg bosættelser og vind missionerne. Den første, der når pointmålet, vinder.	Segla ut i det okända. Upptäck land, grunda bosättningar och vinn uppdragen. Den som först når poängmålet vinner.	Seil ut i det ukjente. Oppdag land, grunnlegg bosetninger og vinn oppdragene. Den som først når poengmålet, vinner.	Zeil de onbekende wereld in. Ontdek land, sticht dorpen en win de missies. Wie als eerste het puntendoel haalt, wint.	Naviguez vers l’inconnu. Découvrez des terres, fondez des colonies et remportez les missions. Le premier à atteindre l’objectif de points gagne.	Navega hacia lo desconocido. Descubre tierras, funda poblados y gana las misiones. Gana quien alcance primero la meta de puntos.	Salpa verso l’ignoto. Scopri terre, fonda insediamenti e vinci le missioni. Vince chi raggiunge per primo l’obiettivo di punti.	Navegue rumo ao desconhecido. Descubra terras, funde aldeias e vença as missões. Ganha quem atingir primeiro a meta de pontos.	Wypłyń w nieznane. Odkrywaj ląd, zakładaj osady i wygrywaj misje. Wygrywa ten, kto pierwszy osiągnie cel punktowy.	Bilinmeyene yelken aç. Kara keşfet, köyler kur ve görevleri kazan. Puan hedefine ilk ulaşan kazanır.	Вирушайте в невідоме. Відкривайте землі, засновуйте поселення й вигравайте місії. Перемагає той, хто першим досягне мети в очках.	미지의 바다로 나아가세요. 땅을 발견하고 정착지를 세우며 임무를 완수하세요. 목표 점수에 먼저 도달하는 사람이 승리합니다.	未知の海へ漕ぎ出しましょう。陸を発見し、開拓地を築き、ミッションを制しましょう。先に目標点に到達した人の勝ちです。	驶向未知。发现陆地、建立村庄并赢得任务。最先达到目标分数者获胜。
You start with ships.	Ihr beginnt mit Schiffen.	I starter med skibe.	Ni börjar med skepp.	Dere begynner med skip.	Jullie beginnen met schepen.	Vous commencez avec des navires.	Empezáis con barcos.	Cominciate con delle navi.	Vocês começam com navios.	Zaczynacie ze statkami.	Gemilerle başlıyorsunuz.	Ви починаєте з кораблями.	배와 함께 시작합니다.	船を持って始めます。	你们从船开始。
A harbor settlement (2 points), a settlement and a ship with an explorer. There are no cities, no robber and no harbors for trading.	Eine Hafensiedlung (2 Punkte), eine Siedlung und ein Schiff mit einem Entdecker. Es gibt keine Städte, keinen Räuber und keine Häfen zum Handeln.	En havnebosættelse (2 point), en bosættelse og et skib med en opdager. Der er ingen byer, ingen røver og ingen havne til handel.	En hamnbosättning (2 poäng), en bosättning och ett skepp med en upptäckare. Det finns inga städer, ingen rövare och inga hamnar för handel.	En havnebosetning (2 poeng), en bosetning og et skip med en oppdager. Det finnes ingen byer, ingen røver og ingen havner for handel.	Een havendorp (2 punten), een dorp en een schip met een ontdekker. Er zijn geen steden, geen rover en geen havens om mee te handelen.	Une colonie portuaire (2 points), une colonie et un navire avec un explorateur. Il n’y a ni villes, ni voleur, ni ports pour commercer.	Un poblado portuario (2 puntos), un poblado y un barco con un explorador. No hay ciudades, ni ladrón, ni puertos para comerciar.	Un insediamento portuale (2 punti), un insediamento e una nave con un esploratore. Non ci sono città, né ladro, né porti per commerciare.	Uma aldeia portuária (2 pontos), uma aldeia e um navio com um explorador. Não há cidades, nem ladrão, nem portos para comerciar.	Osada portowa (2 punkty), osada i statek z odkrywcą. Nie ma miast, złodzieja ani portów do handlu.	Bir liman köyü (2 puan), bir köy ve bir kâşifli gemi. Şehir, haydut ve ticaret limanı yoktur.	Портове поселення (2 очка), поселення та корабель із дослідником. Тут немає міст, розбійника й гаваней для торгівлі.	항구 정착지 1개(2점), 정착지 1개, 탐험가가 탄 배 1척. 도시도, 도둑도, 거래용 항구도 없습니다.	港の開拓地（2点）、開拓地、探検者を乗せた船が1隻。都市も盗賊も交易用の港もありません。	一个港口村庄（2 分）、一个村庄和一艘载有探险家的船。没有城市、强盗，也没有用于贸易的港口。
Ships move 4 spaces a turn.	Schiffe ziehen 4 Felder pro Zug.	Skibe sejler 4 felter pr. tur.	Skepp rör sig 4 steg per tur.	Skip beveger seg 4 felt per runde.	Schepen varen 4 velden per beurt.	Les navires avancent de 4 cases par tour.	Los barcos se mueven 4 casillas por turno.	Le navi si muovono di 4 caselle per turno.	Os navios movem-se 4 casas por jogada.	Statki przesuwają się o 4 pola na turę.	Gemiler turda 4 kare ilerler.	Кораблі проходять 4 клітинки за хід.	배는 한 턴에 4칸 움직입니다.	船は1ターンに4マス進みます。	每艘船每回合移动 4 格。
Tap the glowing sea path. A ship sails from path to path along the coast and between the fields.	Tippe auf den leuchtenden Seeweg. Ein Schiff fährt von Weg zu Weg an der Küste entlang und zwischen den Feldern.	Tryk på den lysende søvej. Et skib sejler fra vej til vej langs kysten og mellem felterne.	Tryck på den lysande sjövägen. Ett skepp seglar från väg till väg längs kusten och mellan fälten.	Trykk på den lysende sjøveien. Et skip seiler fra vei til vei langs kysten og mellom feltene.	Tik op de oplichtende zeeweg. Een schip vaart van weg naar weg langs de kust en tussen de velden.	Touchez la route maritime lumineuse. Un navire passe de route en route le long de la côte et entre les terrains.	Toca la ruta marítima iluminada. Un barco navega de ruta en ruta por la costa y entre los terrenos.	Tocca la rotta marittima illuminata. Una nave naviga di rotta in rotta lungo la costa e tra i territori.	Toque na rota marítima iluminada. Um navio navega de rota em rota ao longo da costa e entre os terrenos.	Dotknij świecącego szlaku morskiego. Statek płynie od szlaku do szlaku wzdłuż wybrzeża i między polami.	Parlayan deniz yoluna dokun. Gemi kıyı boyunca ve araziler arasında yoldan yola ilerler.	Торкніться підсвіченого морського шляху. Корабель пливе від шляху до шляху вздовж берега й між полями.	빛나는 바닷길을 누르세요. 배는 해안을 따라, 그리고 지형 사이를 길에서 길로 항해합니다.	光る海路をタップしてください。船は海岸沿いや土地の間を、海路から海路へと進みます。	点击发光的海路。船沿着海岸并在地块之间一段一段航行。
moves	Züge	træk	drag	trekk	zetten	déplacements	movimientos	mosse	movimentos	ruchy	hamle	ходи	이동	移動	步数
Discover the fog with a ship.	Entdeckt den Nebel mit einem Schiff.	Opdag tågen med et skib.	Upptäck dimman med ett skepp.	Oppdag tåken med et skip.	Ontdek de mist met een schip.	Découvrez le brouillard avec un navire.	Descubre la niebla con un barco.	Scopri la nebbia con una nave.	Descubra o nevoeiro com um navio.	Odkryj mgłę statkiem.	Sisi bir gemiyle keşfet.	Відкрийте туман кораблем.	배로 안개를 걷어 내세요.	船で霧を発見しましょう。	用船探索迷雾。
A ship that points at an undiscovered field uncovers it. Land pays a resource of its kind, any other field 2 gold. A discovery ends the move.	Zeigt ein Schiff auf ein unentdecktes Feld, wird es aufgedeckt. Land bringt einen Rohstoff seiner Art, jedes andere Feld 2 Gold. Eine Entdeckung beendet die Bewegung.	Peger et skib mod et uopdaget felt, vendes det. Land giver en råvare af sin slags, ethvert andet felt 2 guld. En opdagelse afslutter bevægelsen.	Pekar ett skepp mot ett oupptäckt fält vänds det upp. Land ger en råvara av sin sort, alla andra fält 2 guld. En upptäckt avslutar förflyttningen.	Peker et skip mot et uoppdaget felt, avdekkes det. Land gir en ressurs av sin type, alle andre felt 2 gull. En oppdagelse avslutter bevegelsen.	Wijst een schip naar een onontdekt veld, dan wordt het opengedraaid. Land levert een grondstof van zijn soort, elk ander veld 2 goud. Een ontdekking beëindigt de beweging.	Un navire qui pointe vers un terrain inexploré le révèle. Une terre rapporte une ressource de son type, tout autre terrain 2 or. Une découverte met fin au déplacement.	Un barco que apunta a un terreno sin descubrir lo destapa. La tierra da una materia prima de su tipo, cualquier otro terreno 2 de oro. Un descubrimiento termina el movimiento.	Una nave che punta verso un territorio inesplorato lo scopre. La terra dà una risorsa del suo tipo, ogni altro territorio 2 oro. Una scoperta termina il movimento.	Um navio que aponta para um terreno por descobrir revela-o. A terra dá uma matéria-prima do seu tipo, qualquer outro terreno 2 ouros. Uma descoberta termina o movimento.	Statek wskazujący nieodkryte pole odkrywa je. Ląd daje surowiec swojego rodzaju, każde inne pole 2 złota. Odkrycie kończy ruch.	Keşfedilmemiş bir araziyi gösteren gemi onu açar. Kara kendi türünden bir hammadde verir, diğer her arazi 2 altın. Bir keşif hareketi bitirir.	Корабель, спрямований на нерозвіданий гекс, відкриває його. Суходіл дає ресурс свого виду, будь-яке інше поле 2 золота. Відкриття завершує рух.	미발견 지형을 가리키는 배는 그것을 뒤집습니다. 육지는 해당 종류의 자원 1장, 다른 지형은 금 2개를 줍니다. 발견하면 이동이 끝납니다.	未発見のタイルを指した船はそれをめくります。陸地は同じ種類の資源を、それ以外のタイルは金2枚をもたらします。発見すると移動は終わります。	指向未发现地块的船会将其翻开。陆地提供同类资源，其他地块提供 2 黄金。发现会结束该次移动。
An explorer founds a settlement.	Ein Entdecker gründet eine Siedlung.	En opdager grundlægger en bosættelse.	En upptäckare grundar en bosättning.	En oppdager grunnlegger en bosetning.	Een ontdekker sticht een dorp.	Un explorateur fonde une colonie.	Un explorador funda un poblado.	Un esploratore fonda un insediamento.	Um explorador funda uma aldeia.	Odkrywca zakłada osadę.	Bir kâşif köy kurar.	Дослідник засновує поселення.	탐험가가 정착지를 세웁니다.	探検者が開拓地を築きます。	探险家建立村庄。
The ship points at a corner of the new land: ship and explorer go back to the box and a settlement stands there. Roads cannot cross the sea.	Das Schiff zeigt auf eine Ecke des neuen Landes: Schiff und Entdecker kommen zurück in die Schachtel und dort steht eine Siedlung. Straßen können das Meer nicht überqueren.	Skibet peger på et hjørne af det nye land: skib og opdager går tilbage i æsken, og en bosættelse står der. Veje kan ikke krydse havet.	Skeppet pekar på ett hörn av det nya landet: skepp och upptäckare går tillbaka i asken och en bosättning står där. Vägar kan inte korsa havet.	Skipet peker på et hjørne av det nye landet: skip og oppdager går tilbake i esken, og en bosetning står der. Veier kan ikke krysse havet.	Het schip wijst naar een hoek van het nieuwe land: schip en ontdekker gaan terug in de doos en er staat een dorp. Wegen kunnen de zee niet oversteken.	Le navire pointe vers un coin de la nouvelle terre : navire et explorateur retournent dans la boîte et une colonie s’y dresse. Les routes ne peuvent pas traverser la mer.	El barco apunta a una esquina de la nueva tierra: barco y explorador vuelven a la caja y allí se alza un poblado. Las carreteras no pueden cruzar el mar.	La nave punta a un angolo della nuova terra: nave ed esploratore tornano nella scatola e lì sorge un insediamento. Le strade non possono attraversare il mare.	O navio aponta para um canto da nova terra: navio e explorador voltam para a caixa e ali ergue-se uma aldeia. As estradas não podem atravessar o mar.	Statek wskazuje róg nowego lądu: statek i odkrywca wracają do pudełka, a w tym miejscu stoi osada. Drogi nie mogą przecinać morza.	Gemi yeni karanın bir köşesini gösterir: gemi ve kâşif kutuya döner ve orada bir köy durur. Yollar denizi geçemez.	Корабель вказує на кут нової землі: корабель і дослідник повертаються до коробки, а там стоїть поселення. Дороги не можуть перетинати море.	배가 새 땅의 꼭짓점을 가리키면 배와 탐험가는 상자로 돌아가고 그곳에 정착지가 놓입니다. 길은 바다를 건널 수 없습니다.	船が新しい土地の角を指すと、船と探検者は箱に戻り、そこに開拓地が置かれます。道路は海を渡れません。	船指向新陆地的一个角：船和探险家放回盒中，那里建起一座村庄。道路不能跨越海洋。
Harbor settlements hold a basin.	Hafensiedlungen haben ein Hafenbecken.	Havnebosættelser har et havnebassin.	Hamnbosättningar har en hamnbassäng.	Havnebosetninger har et havnebasseng.	Havendorpen hebben een havenbekken.	Les colonies portuaires ont un bassin.	Los poblados portuarios tienen una dársena.	Gli insediamenti portuali hanno un bacino.	As aldeias portuárias têm uma bacia.	Osady portowe mają basen.	Liman köylerinin bir havuzu vardır.	Портові поселення мають басейн.	항구 정착지에는 선착장이 있습니다.	港の開拓地には船着き場があります。	港口村庄带有港池。
Upgrade a coastal settlement for 2 grain and 2 ore: 2 points instead of 1. New explorers and units wait in its basin for a ship.	Baue eine Küstensiedlung für 2 Getreide und 2 Erz aus: 2 Punkte statt 1. Neue Entdecker und Einheiten warten in ihrem Hafenbecken auf ein Schiff.	Udbyg en kystbosættelse for 2 korn og 2 malm: 2 point i stedet for 1. Nye opdagere og enheder venter i dens bassin på et skib.	Bygg ut en kustbosättning för 2 spannmål och 2 malm: 2 poäng i stället för 1. Nya upptäckare och enheter väntar i dess bassäng på ett skepp.	Bygg ut en kystbosetning for 2 korn og 2 malm: 2 poeng i stedet for 1. Nye oppdagere og enheter venter i bassenget på et skip.	Bouw een kustdorp uit voor 2 graan en 2 erts: 2 punten in plaats van 1. Nieuwe ontdekkers en eenheden wachten in het havenbekken op een schip.	Agrandissez une colonie côtière pour 2 blés et 2 minerais : 2 points au lieu de 1. Les nouveaux explorateurs et unités attendent un navire dans son bassin.	Amplía un poblado costero por 2 cereales y 2 minerales: 2 puntos en lugar de 1. Los nuevos exploradores y unidades esperan un barco en su dársena.	Amplia un insediamento costiero con 2 grano e 2 minerali: 2 punti invece di 1. I nuovi esploratori e le nuove unità attendono una nave nel suo bacino.	Amplie uma aldeia costeira por 2 cereais e 2 minérios: 2 pontos em vez de 1. Novos exploradores e unidades esperam por um navio na sua bacia.	Rozbuduj nadbrzeżną osadę za 2 zboża i 2 rudy: 2 punkty zamiast 1. Nowi odkrywcy i jednostki czekają w jej basenie na statek.	Kıyıdaki bir köyü 2 tahıl ve 2 madenle yükselt: 1 yerine 2 puan. Yeni kâşifler ve birimler havuzunda bir gemi bekler.	Розбудуйте прибережне поселення за 2 зерна й 2 руди: 2 очка замість 1. Нові дослідники й загони чекають на корабель у його басейні.	해안 정착지를 곡물 2, 광석 2로 키우면 1점이 아니라 2점입니다. 새 탐험가와 부대는 선착장에서 배를 기다립니다.	海沿いの開拓地を穀物2・鉱石2で発展させると、1点ではなく2点になります。新しい探検者や部隊は船着き場で船を待ちます。	用 2 谷物和 2 矿石升级沿海村庄：2 分而不是 1 分。新的探险家和部队在其港池中等待船只。
No income? You get gold.	Kein Ertrag? Du bekommst Gold.	Ingen indkomst? Du får guld.	Ingen inkomst? Du får guld.	Ingen inntekt? Du får gull.	Geen opbrengst? Je krijgt goud.	Pas de revenus ? Vous recevez de l’or.	¿Sin ingresos? Recibes oro.	Nessuna rendita? Ricevi dell’oro.	Sem rendimento? Você recebe ouro.	Brak dochodu? Dostajesz złoto.	Gelir yok mu? Altın alırsın.	Немає доходу? Ви отримуєте золото.	수입이 없나요? 금을 받습니다.	収入がない？ 金がもらえます。	没有收入？你会得到黄金。
If a roll gives you no resources, you get 1 gold. 3 identical resources buy 1 resource or 1 gold; 2 gold buy a resource.	Bringt ein Wurf dir keine Rohstoffe, bekommst du 1 Gold. 3 gleiche Rohstoffe tauschen gegen 1 Rohstoff oder 1 Gold; 2 Gold kaufen einen Rohstoff.	Hvis et slag ikke giver dig råvarer, får du 1 guld. 3 ens råvarer byttes til 1 råvare eller 1 guld; 2 guld køber en råvare.	Om ett kast inte ger dig några råvaror får du 1 guld. 3 likadana råvaror byts mot 1 råvara eller 1 guld; 2 guld köper en råvara.	Hvis et kast ikke gir deg noen ressurser, får du 1 gull. 3 like ressurser byttes mot 1 ressurs eller 1 gull; 2 gull kjøper en ressurs.	Als een worp je geen grondstoffen oplevert, krijg je 1 goud. 3 gelijke grondstoffen ruil je voor 1 grondstof of 1 goud; 2 goud kopen een grondstof.	Si un jet ne vous rapporte aucune ressource, vous recevez 1 or. 3 ressources identiques s’échangent contre 1 ressource ou 1 or ; 2 or achètent une ressource.	Si una tirada no te da materias primas, recibes 1 de oro. 3 materias primas iguales se cambian por 1 materia prima o 1 de oro; 2 de oro compran una materia prima.	Se un tiro non ti dà risorse, ricevi 1 oro. 3 risorse uguali si cambiano con 1 risorsa o 1 oro; 2 oro comprano una risorsa.	Se um lançamento não lhe der matérias-primas, recebe 1 ouro. 3 matérias-primas iguais trocam-se por 1 matéria-prima ou 1 ouro; 2 ouros compram uma matéria-prima.	Jeśli rzut nie daje ci surowców, dostajesz 1 złoto. 3 takie same surowce wymieniasz na 1 surowiec albo 1 złoto; 2 złota kupują surowiec.	Bir zar atışı sana hammadde getirmezse 1 altın alırsın. 3 aynı hammadde 1 hammadde veya 1 altınla takas edilir; 2 altın bir hammadde satın alır.	Якщо кидок не дає вам ресурсів, ви отримуєте 1 золото. 3 однакові ресурси обмінюються на 1 ресурс або 1 золото; 2 золота купують ресурс.	주사위 결과로 자원을 얻지 못하면 금 1개를 받습니다. 같은 자원 3장은 자원 1장이나 금 1개로, 금 2개는 자원 1장으로 바꿀 수 있습니다.	出目で資源が得られなければ、金1枚をもらえます。同じ資源3枚は資源1枚か金1枚に、金2枚は資源1枚に交換できます。	如果掷骰没有给你任何资源，你得到 1 黄金。3 张相同资源可换 1 张资源或 1 黄金；2 黄金可买 1 张资源。
Gold rivers hide pirate lairs. Land 3 units on a lair to conquer it: everybody who helped gets 2 gold and a step on the track.	Goldflüsse verbergen Piratenlager. Setzt 3 Einheiten auf einem Lager ab, um es zu erobern: Jeder, der geholfen hat, bekommt 2 Gold und rückt auf der Leiste vor.	Guldfloder skjuler piratlejre. Land 3 enheder på en lejr for at erobre den: Alle, der hjalp, får 2 guld og rykker et skridt frem på sporet.	Guldfloder döljer piratläger. Landsätt 3 enheter på ett läger för att erövra det: Alla som hjälpte får 2 guld och går ett steg fram på banan.	Gullelver skjuler piratleirer. Sett 3 enheter i land på en leir for å erobre den: Alle som hjalp til, får 2 gull og rykker ett steg fram på sporet.	Goudrivieren verbergen piratenkampen. Zet 3 eenheden aan land op een kamp om het te veroveren: iedereen die geholpen heeft krijgt 2 goud en schuift een stap op over de baan.	Les rivières d’or cachent des repaires de pirates. Débarquez 3 unités sur un repaire pour le conquérir : chaque joueur qui a aidé reçoit 2 or et avance d’une case sur la piste.	Los ríos de oro esconden guaridas piratas. Desembarca 3 unidades en una guarida para conquistarla: todos los que ayudaron reciben 2 de oro y avanzan un paso en la pista.	I fiumi d’oro nascondono covi di pirati. Sbarca 3 unità su un covo per conquistarlo: chiunque abbia aiutato riceve 2 oro e avanza di un passo sulla traccia.	Os rios de ouro escondem covis de piratas. Desembarque 3 unidades num covil para o conquistar: todos os que ajudaram recebem 2 ouros e avançam um passo na pista.	Złote rzeki skrywają kryjówki piratów. Wysadź 3 jednostki na kryjówce, aby ją zdobyć: każdy, kto pomagał, dostaje 2 złota i przesuwa się o jedno pole na torze.	Altın nehirler korsan sığınaklarını gizler. Bir sığınağı fethetmek için üzerine 3 birim indir: yardım eden herkes 2 altın alır ve parkurda bir adım ilerler.	Золоті ріки ховають піратські лігва. Висадіть 3 загони на лігві, щоб завоювати його: кожен, хто допомагав, отримує 2 золота й просувається на крок по треку.	금 강은 해적 소굴을 숨기고 있습니다. 소굴에 부대 3개를 상륙시키면 정복합니다. 도운 모든 사람이 금 2개를 받고 트랙에서 한 칸 전진합니다.	金の川は海賊の巣窟を隠しています。巣窟に部隊を3つ上陸させると攻略です。手伝った全員が金2枚をもらい、トラックを1つ進みます。	金河隐藏着海盗巢穴。在巢穴上登陆 3 支部队即可攻占：所有出力者各得 2 黄金，并在赛道上前进一格。
The lair is conquered!	Das Lager ist erobert!	Lejren er erobret!	Lägret är erövrat!	Leiren er erobret!	Het kamp is veroverd!	Le repaire est conquis !	¡La guarida está conquistada!	Il covo è conquistato!	O covil foi conquistado!	Kryjówka zdobyta!	Sığınak fethedildi!	Лігво завойовано!	소굴을 정복했습니다!	巣窟を攻略しました！	巢穴已被攻占！
Roll a die: if it shows the number of a fishing ground, a swarm appears there. A ship catches it and brings it to a harbor of the council.	Würfle einen Würfel: Zeigt er die Zahl eines Fischfelds, erscheint dort ein Schwarm. Ein Schiff fängt ihn und bringt ihn zu einem Hafen des Rats.	Slå en terning: Viser den tallet på en fiskeplads, dukker der en stim op. Et skib fanger den og bringer den til en af rådets havne.	Slå en tärning: Visar den numret på en fiskeplats dyker en stim upp där. Ett skepp fångar den och för den till en av rådets hamnar.	Kast en terning: Viser den tallet på en fiskeplass, dukker det opp en stim der. Et skip fanger den og bringer den til en av rådets havner.	Gooi een dobbelsteen: toont hij het getal van een visgrond, dan verschijnt daar een zwerm. Een schip vangt hem en brengt hem naar een haven van de raad.	Lancez un dé : s’il indique le numéro d’une zone de pêche, un banc y apparaît. Un navire l’attrape et l’apporte à un port du conseil.	Tira un dado: si muestra el número de un caladero, allí aparece un banco. Un barco lo captura y lo lleva a un puerto del consejo.	Tira un dado: se mostra il numero di una zona di pesca, lì compare un banco. Una nave lo cattura e lo porta in un porto del consiglio.	Lance um dado: se mostrar o número de uma zona de pesca, surge ali um cardume. Um navio apanha-o e leva-o a um porto do conselho.	Rzuć kością: jeśli wypadnie numer łowiska, pojawi się tam ławica. Statek ją łowi i dostarcza do portu rady.	Bir zar at: zar bir balık sahasının numarasını gösterirse orada bir sürü belirir. Bir gemi onu yakalar ve konseyin bir limanına götürür.	Киньте кубик: якщо випаде номер рибного місця, там з’явиться зграя. Корабель ловить її й доставляє до гавані ради.	주사위를 굴리세요. 어장의 숫자가 나오면 그곳에 물고기 떼가 나타납니다. 배가 그것을 잡아 의회의 항구로 가져갑니다.	サイコロを振ります。漁場の数字が出ると、そこに魚群が現れます。船がそれを捕まえて評議会の港に運びます。	掷一个骰子：如果点数与某个渔场的数字相同，那里就会出现鱼群。船捕捉鱼群并运到议会的港口。
A unit stays in a spice village: you become friends, get a bag of spice and the village’s advantage, for example 1 more move for every ship.	Eine Einheit bleibt in einem Gewürzdorf: Ihr werdet Freunde, du bekommst einen Gewürzsack und den Vorteil des Dorfes, zum Beispiel 1 Zug mehr für jedes Schiff.	En enhed bliver i en krydderilandsby: I bliver venner, du får en krydderisæk og landsbyens fordel, for eksempel 1 ekstra træk til hvert skib.	En enhet stannar i en kryddby: Ni blir vänner, du får en kryddsäck och byns fördel, till exempel 1 extra drag för varje skepp.	En enhet blir i en krydderlandsby: Dere blir venner, du får en krydderpose og landsbyens fordel, for eksempel 1 ekstra trekk for hvert skip.	Een eenheid blijft in een specerijendorp: jullie worden vrienden, je krijgt een zak specerijen en het voordeel van het dorp, bijvoorbeeld 1 extra zet voor elk schip.	Une unité reste dans un village d’épices : vous devenez amis, recevez un sac d’épices et l’avantage du village, par exemple 1 déplacement de plus pour chaque navire.	Una unidad se queda en una aldea de especias: os hacéis amigos, recibes un saco de especias y la ventaja de la aldea, por ejemplo 1 movimiento más para cada barco.	Un’unità resta in un villaggio delle spezie: diventate amici, ricevi un sacco di spezie e il vantaggio del villaggio, per esempio 1 mossa in più per ogni nave.	Uma unidade fica numa aldeia de especiarias: tornam-se amigos, você recebe um saco de especiarias e a vantagem da aldeia, por exemplo 1 movimento a mais para cada navio.	Jednostka zostaje w wiosce przypraw: zaprzyjaźniacie się, dostajesz worek przypraw i przywilej wioski, na przykład o 1 ruch więcej dla każdego statku.	Bir birim bir baharat köyünde kalır: dost olursunuz, bir baharat çuvalı ve köyün avantajını alırsın, örneğin her gemi için 1 hamle fazla.	Загін залишається в селищі спецій: ви стаєте друзями, отримуєте мішок спецій і перевагу селища, наприклад ще 1 хід для кожного корабля.	부대가 향신료 마을에 머물면 친구가 되어 향신료 자루와 마을의 이점을 얻습니다. 예를 들면 모든 배가 1번씩 더 움직일 수 있습니다.	部隊が香辛料の村にとどまると、友達になって香辛料の袋と村の特典を得ます。たとえば、すべての船が1移動多くなります。	一支部队留在香料村庄：你们成为朋友，得到一袋香料和村庄的好处，例如每艘船多 1 步。
Pirates ask for tribute.	Piraten verlangen Tribut.	Pirater kræver tribut.	Pirater kräver tribut.	Pirater krever tributt.	Piraten eisen tribuut.	Les pirates exigent un tribut.	Los piratas exigen tributo.	I pirati chiedono un tributo.	Os piratas exigem tributo.	Piraci żądają daniny.	Korsanlar haraç ister.	Пірати вимагають данину.	해적이 조공을 요구합니다.	海賊が貢ぎ物を求めます。	海盗索要贡金。
On a 7 the roller sets a pirate ship and takes a card from a ship next to it. Foreign pirates ask 1 gold per ship and turn; a ship that has not moved can chase them with a 6.	Bei einer 7 setzt der Würfelnde ein Piratenschiff und nimmt eine Karte von einem Schiff daneben. Fremde Piraten verlangen 1 Gold pro Schiff und Zug; ein Schiff, das noch nicht gezogen wurde, kann sie mit einer 6 verjagen.	Ved et 7-tal sætter terningekasteren et piratskib og tager et kort fra et skib ved siden af. Fremmede pirater kræver 1 guld pr. skib og tur; et skib, der ikke har sejlet endnu, kan jage dem væk med en 6’er.	Vid en 7:a sätter kastaren ett piratskepp och tar ett kort från ett skepp bredvid. Främmande pirater kräver 1 guld per skepp och tur; ett skepp som inte rört sig kan jaga bort dem med en 6:a.	Ved en 7-er setter kasteren et piratskip og tar et kort fra et skip ved siden av. Fremmede pirater krever 1 gull per skip og runde; et skip som ikke har seilt ennå, kan jage dem bort med en 6-er.	Bij een 7 zet de werper een piratenschip neer en pakt een kaart van een schip ernaast. Vreemde piraten eisen 1 goud per schip en beurt; een schip dat nog niet bewogen heeft, kan ze met een 6 verjagen.	Sur un 7, le lanceur place un navire pirate et prend une carte à un navire voisin. Les pirates étrangers exigent 1 or par navire et par tour ; un navire qui n’a pas bougé peut les chasser avec un 6.	Con un 7, quien tira coloca un barco pirata y toma una carta de un barco contiguo. Los piratas ajenos piden 1 de oro por barco y turno; un barco que no se ha movido puede ahuyentarlos con un 6.	Con un 7 chi ha tirato colloca una nave pirata e prende una carta da una nave adiacente. I pirati altrui chiedono 1 oro per nave e turno; una nave che non si è mossa può cacciarli con un 6.	Com um 7, quem lançou coloca um navio pirata e tira uma carta de um navio ao lado. Os piratas alheios pedem 1 ouro por navio e jogada; um navio que não se moveu pode afugentá-los com um 6.	Przy 7 rzucający ustawia statek piracki i bierze kartę ze statku obok. Obcy piraci żądają 1 złota od statku na turę; statek, który się nie ruszał, może ich przegnać szóstką.	7 gelince zarı atan bir korsan gemisi yerleştirir ve yanındaki bir gemiden bir kart alır. Yabancı korsanlar gemi ve tur başına 1 altın ister; hareket etmemiş bir gemi onları 6 ile kovabilir.	На 7 той, хто кидав, ставить піратський корабель і бере карту з сусіднього корабля. Чужі пірати вимагають 1 золото з корабля за хід; корабель, який не рухався, може прогнати їх шісткою.	7이 나오면 굴린 사람이 해적선을 놓고 그 옆 배에서 카드 1장을 가져옵니다. 남의 해적은 배 1척당 한 턴에 금 1개를 요구하며, 움직이지 않은 배는 6으로 쫓아낼 수 있습니다.	7が出ると、振った人は海賊船を置き、隣の船からカードを1枚取ります。他人の海賊は船1隻・1ターンにつき金1枚を求め、動いていない船は6で追い払えます。	掷出 7 时，掷骰者放置海盗船，并从相邻的船上拿一张牌。别人的海盗每艘船每回合索要 1 黄金；尚未移动的船可用 6 驱逐。
Reach the goal!	Erreicht das Ziel!	Nå målet!	Nå målet!	Nå målet!	Haal het doel!	Atteignez l’objectif !	¡Alcanza la meta!	Raggiungi l’obiettivo!	Atinja a meta!	Osiągnij cel!	Hedefe ulaş!	Досягніть мети!	목표에 도달하세요!	目標を達成しよう！	达成目标！
Settlements 1 point, harbor settlements 2, every mission track its points, and the furthest marker of a mission gets a special point.	Siedlungen 1 Punkt, Hafensiedlungen 2, jede Missionsleiste ihre Punkte, und der am weitesten vorgerückte Markierungsstein einer Mission bekommt einen Sonderpunkt.	Bosættelser 1 point, havnebosættelser 2, hvert missionsspor sine point, og den fremmeste brik i en mission får et særpoint.	Bosättningar 1 poäng, hamnbosättningar 2, varje uppdragsbana sina poäng, och den främsta markören i ett uppdrag får en specialpoäng.	Bosetninger 1 poeng, havnebosetninger 2, hvert oppdragsspor sine poeng, og den fremste brikken i et oppdrag får et spesialpoeng.	Dorpen 1 punt, havendorpen 2, elke missiebaan zijn punten, en de verste markeerfiche van een missie krijgt een speciaal punt.	Colonies 1 point, colonies portuaires 2, chaque piste de mission ses points, et le pion le plus avancé d’une mission reçoit un point spécial.	Poblados 1 punto, poblados portuarios 2, cada pista de misión sus puntos, y la ficha más avanzada de una misión recibe un punto especial.	Insediamenti 1 punto, insediamenti portuali 2, ogni traccia di missione i suoi punti, e il segnalino più avanti di una missione riceve un punto speciale.	Aldeias 1 ponto, aldeias portuárias 2, cada pista de missão os seus pontos, e a peça mais avançada de uma missão recebe um ponto especial.	Osady 1 punkt, osady portowe 2, każdy tor misji swoje punkty, a najdalszy znacznik misji dostaje punkt specjalny.	Köyler 1 puan, liman köyleri 2, her görev parkuru kendi puanları ve bir görevde en ilerideki işaretçi özel puan alır.	Поселення 1 очко, портові поселення 2, кожен трек місії свої очки, а найдальша фішка місії отримує особливе очко.	정착지 1점, 항구 정착지 2점, 각 임무 트랙의 점수, 그리고 임무에서 가장 앞선 말은 특별 점수를 얻습니다.	開拓地は1点、港の開拓地は2点、各ミッショントラックの点数に加え、ミッションで最も先に進んだコマは特別得点を得ます。	村庄 1 分，港口村庄 2 分，每条任务赛道按其分数计分，任务中最靠前的标记物额外得 1 个特殊分。
Explorers & Pirates is for 2–6 players	Entdecker & Piraten ist für 2–6 Personen	Opdagere & Pirater er for 2–6 spillere	Upptäckare & Pirater är för 2–6 spelare	Oppdagere & Pirater er for 2–6 spillere	Ontdekkers & Piraten is voor 2–6 spelers	Explorateurs & Pirates se joue de 2 à 6 joueurs	Exploradores y Piratas es para 2–6 jugadores	Esploratori e Pirati è per 2–6 giocatori	Exploradores e Piratas é para 2–6 jogadores	Odkrywcy i Piraci to gra dla 2–6 graczy	Kâşifler ve Korsanlar 2–6 oyuncu içindir	Дослідники й пірати розраховані на 2–6 гравців	탐험가와 해적은 2–6명이 즐깁니다	探検者と海賊は2～6人用です	探险家与海盗适合 2–6 名玩家
The second player of a pair trades only with the supply.	Die zweite Person eines Paares handelt nur mit dem Vorrat.	Den anden spiller i et par handler kun med forrådet.	Den andra spelaren i ett par handlar bara med förrådet.	Den andre spilleren i et par handler bare med forrådet.	De tweede speler van een paar handelt alleen met de voorraad.	Le second joueur d’une paire ne commerce qu’avec la réserve.	El segundo jugador de una pareja solo comercia con la reserva.	Il secondo giocatore di una coppia commercia solo con la riserva.	O segundo jogador de uma dupla só comercia com a reserva.	Drugi gracz z pary handluje tylko z zapasem.	Bir çiftin ikinci oyuncusu yalnızca stokla ticaret yapar.	Другий гравець пари торгує лише із запасом.	짝의 두 번째 플레이어는 보급품과만 거래합니다.	ペアの2番目のプレイヤーは在庫とだけ交易できます。	一对中的第二名玩家只能与库存交易。
That is only possible in the movement phase.	Das geht nur in der Bewegungsphase.	Det kan kun lade sig gøre i bevægelsesfasen.	Det går bara i rörelsefasen.	Det er bare mulig i bevegelsesfasen.	Dat kan alleen in de bewegingsfase.	C’est seulement possible pendant la phase de déplacement.	Eso solo es posible en la fase de movimiento.	È possibile solo nella fase di movimento.	Isso só é possível na fase de movimento.	Jest to możliwe tylko w fazie ruchu.	Bu yalnızca hareket aşamasında mümkündür.	Це можливо лише у фазі руху.	이동 단계에서만 할 수 있습니다.	それは移動フェーズでのみ可能です。	只能在移动阶段进行。
Pick one of your ships.	Wähle eines deiner Schiffe.	Vælg et af dine skibe.	Välj ett av dina skepp.	Velg et av skipene dine.	Kies een van je schepen.	Choisissez l’un de vos navires.	Elige uno de tus barcos.	Scegli una delle tue navi.	Escolha um dos seus navios.	Wybierz jeden ze swoich statków.	Gemilerinden birini seç.	Оберіть один зі своїх кораблів.	내 배 중 하나를 고르세요.	自分の船を1隻選んでください。	请选择你的一艘船。
No harbor settlements left.	Keine Hafensiedlungen mehr übrig.	Ingen havnebosættelser tilbage.	Inga hamnbosättningar kvar.	Ingen havnebosetninger igjen.	Geen havendorpen meer over.	Plus de colonies portuaires disponibles.	No quedan poblados portuarios.	Nessun insediamento portuale rimasto.	Não restam aldeias portuárias.	Brak osad portowych.	Liman köyü kalmadı.	Портових поселень не залишилось.	남은 항구 정착지가 없습니다.	港の開拓地が残っていません。	没有剩余的港口村庄。
Upgrade one of your settlements on a coast.	Baue eine deiner Siedlungen an einer Küste aus.	Udbyg en af dine bosættelser ved en kyst.	Bygg ut en av dina bosättningar vid en kust.	Bygg ut en av bosetningene dine ved en kyst.	Bouw een van je dorpen aan een kust uit.	Agrandissez l’une de vos colonies située sur une côte.	Amplía uno de tus poblados situado en una costa.	Amplia uno dei tuoi insediamenti su una costa.	Amplie uma das suas aldeias situada numa costa.	Rozbuduj jedną ze swoich osad na wybrzeżu.	Kıyıdaki köylerinden birini yükselt.	Розбудуйте одне зі своїх прибережних поселень.	해안에 있는 내 정착지 하나를 키우세요.	海岸にある自分の開拓地を1つ発展させてください。	请升级你位于海岸的一座村庄。
All your ships are on the board. Pick one to take back.	Alle deine Schiffe liegen auf dem Spielplan. Wähle eines, das du zurücknimmst.	Alle dine skibe er på brættet. Vælg et, du vil tage tilbage.	Alla dina skepp ligger på brädet. Välj ett som du tar tillbaka.	Alle skipene dine ligger på brettet. Velg et du vil ta tilbake.	Al je schepen liggen op het bord. Kies er een om terug te nemen.	Tous vos navires sont sur le plateau. Choisissez-en un à reprendre.	Todos tus barcos están en el tablero. Elige uno para retirarlo.	Tutte le tue navi sono sul tabellone. Scegline una da ritirare.	Todos os seus navios estão no tabuleiro. Escolha um para recolher.	Wszystkie twoje statki są na planszy. Wybierz jeden, który zabierzesz.	Bütün gemilerin tahtada. Geri alacağın birini seç.	Усі ваші кораблі на полі. Оберіть один, щоб забрати.	내 배가 모두 보드 위에 있습니다. 회수할 배를 고르세요.	自分の船はすべて盤上にあります。引き揚げる船を選んでください。	你的船都已在棋盘上。请选择一艘收回。
There are no units in this scenario.	In diesem Szenario gibt es keine Einheiten.	Der er ingen enheder i dette scenarie.	Det finns inga enheter i det här scenariot.	Det finnes ingen enheter i dette scenarioet.	In dit scenario zijn geen eenheden.	Il n’y a pas d’unités dans ce scénario.	En este escenario no hay unidades.	In questo scenario non ci sono unità.	Neste cenário não há unidades.	W tym scenariuszu nie ma jednostek.	Bu senaryoda birim yoktur.	У цьому сценарії немає загонів.	이 시나리오에는 부대가 없습니다.	このシナリオには部隊がありません。	此场景中没有部队。
You can buy only twice per turn with gold.	Du kannst pro Zug nur zweimal mit Gold kaufen.	Du kan kun købe to gange pr. tur med guld.	Du kan bara köpa två gånger per tur med guld.	Du kan bare kjøpe to ganger per runde med gull.	Je kunt per beurt maar twee keer met goud kopen.	Vous ne pouvez acheter que deux fois par tour avec de l’or.	Solo puedes comprar dos veces por turno con oro.	Puoi comprare con l’oro solo due volte per turno.	Só pode comprar duas vezes por jogada com ouro.	Za złoto możesz kupować tylko dwa razy na turę.	Turda altınla yalnızca iki kez satın alabilirsin.	За золото можна купувати лише двічі за хід.	금으로는 턴당 2번만 살 수 있습니다.	金で買えるのは1ターンに2回までです。	每回合最多只能用黄金购买两次。
The gold traders do not take more from you this turn.	Die Goldhändler nehmen dir in diesem Zug nichts mehr ab.	Guldhandlerne tager ikke mere fra dig i denne tur.	Guldhandlarna tar inte mer av dig den här turen.	Gullhandlerne tar ikke mer fra deg i denne runden.	De goudhandelaren nemen deze beurt niets meer van je aan.	Les marchands d’or ne vous prennent plus rien ce tour.	Los comerciantes de oro no te aceptan más en este turno.	I mercanti d’oro non accettano altro da te in questo turno.	Os mercadores de ouro não aceitam mais nada de você nesta jogada.	Handlarze złotem nie wezmą od ciebie nic więcej w tej turze.	Altın tüccarları bu tur senden daha fazlasını almaz.	Золоті торговці цього ходу більше нічого від вас не візьмуть.	이번 턴에는 금 상인이 더 이상 받아 주지 않습니다.	このターンはもう金の商人は引き取ってくれません。	本回合黄金商人不再收你的东西。
You do not have that.	Das hast du nicht.	Det har du ikke.	Det har du inte.	Det har du ikke.	Dat heb je niet.	Vous n’avez pas cela.	No tienes eso.	Non lo hai.	Você não tem isso.	Nie masz tego.	Buna sahip değilsin.	У вас цього немає.	그것을 가지고 있지 않습니다.	それは持っていません。	你没有这个。
You are not moving the pirate.	Du setzt den Piraten nicht.	Du flytter ikke piraten.	Du flyttar inte piraten.	Du flytter ikke piraten.	Jij verplaatst de piraat niet.	Ce n’est pas à vous de déplacer le pirate.	No te toca mover al pirata.	Non spetta a te spostare il pirata.	Não é você quem move o pirata.	To nie ty przesuwasz pirata.	Korsanı sen taşımıyorsun.	Не ви переставляєте пірата.	당신이 해적을 옮기는 차례가 아닙니다.	海賊を動かすのはあなたではありません。	现在不是你移动海盗。
Pirates cannot go there.	Piraten können dort nicht hin.	Pirater kan ikke komme dertil.	Pirater kan inte gå dit.	Pirater kan ikke gå dit.	Piraten kunnen daar niet heen.	Les pirates ne peuvent pas aller là.	Los piratas no pueden ir allí.	I pirati non possono andare lì.	Os piratas não podem ir para lá.	Piraci nie mogą tam trafić.	Korsanlar oraya gidemez.	Пірати не можуть потрапити туди.	해적은 그곳으로 갈 수 없습니다.	海賊はそこへ行けません。	海盗不能去那里。
Choose someone next to the pirate.	Wähle jemanden neben dem Piraten.	Vælg en ved siden af piraten.	Välj någon bredvid piraten.	Velg noen ved siden av piraten.	Kies iemand naast de piraat.	Choisissez quelqu’un à côté du pirate.	Elige a alguien junto al pirata.	Scegli qualcuno accanto al pirata.	Escolha alguém ao lado do pirata.	Wybierz kogoś obok pirata.	Korsanın yanındaki birini seç.	Оберіть когось поруч із піратом.	해적 옆에 있는 사람을 고르세요.	海賊の隣にいる人を選んでください。	请选择海盗旁边的玩家。
Each ship can buy extra moves only once per turn.	Jedes Schiff kann pro Zug nur einmal zusätzliche Züge kaufen.	Hvert skib kan kun købe ekstra træk én gang pr. tur.	Varje skepp kan bara köpa extra drag en gång per tur.	Hvert skip kan bare kjøpe ekstra trekk én gang per runde.	Elk schip kan per beurt maar één keer extra zetten kopen.	Chaque navire ne peut acheter des déplacements supplémentaires qu’une fois par tour.	Cada barco solo puede comprar movimientos adicionales una vez por turno.	Ogni nave può comprare mosse extra una sola volta per turno.	Cada navio só pode comprar movimentos extra uma vez por jogada.	Każdy statek może kupić dodatkowe ruchy tylko raz na turę.	Her gemi turda yalnızca bir kez ek hamle satın alabilir.	Кожен корабель може купити додаткові ходи лише раз за хід.	각 배는 턴당 한 번만 추가 이동을 살 수 있습니다.	各船が追加の移動を買えるのは1ターンに1回だけです。	每艘船每回合只能购买一次额外步数。
You need 1 wool.	Du brauchst 1 Wolle.	Du skal bruge 1 uld.	Du behöver 1 ull.	Du trenger 1 ull.	Je hebt 1 wol nodig.	Il vous faut 1 laine.	Necesitas 1 lana.	Ti serve 1 lana.	Você precisa de 1 lã.	Potrzebujesz 1 wełny.	1 yüne ihtiyacın var.	Вам потрібна 1 вовна.	양모 1장이 필요합니다.	羊毛が1枚必要です。	你需要 1 张羊毛。
There is no fishing in this scenario.	In diesem Szenario gibt es keinen Fischfang.	Der er intet fiskeri i dette scenarie.	Det finns inget fiske i det här scenariot.	Det finnes ikke noe fiske i dette scenarioet.	In dit scenario wordt niet gevist.	Il n’y a pas de pêche dans ce scénario.	En este escenario no hay pesca.	In questo scenario non c’è la pesca.	Neste cenário não há pesca.	W tym scenariuszu nie ma rybołówstwa.	Bu senaryoda balıkçılık yoktur.	У цьому сценарії немає рибальства.	이 시나리오에는 낚시가 없습니다.	このシナリオには漁がありません。	此场景中没有捕鱼。
You can try to roll in a swarm only once per turn.	Du kannst nur einmal pro Zug versuchen, einen Schwarm zu erwürfeln.	Du kan kun forsøge at slå en stim frem én gang pr. tur.	Du kan bara försöka slå fram en stim en gång per tur.	Du kan bare forsøke å kaste fram en stim én gang per runde.	Je kunt maar één keer per beurt proberen een zwerm te gooien.	Vous ne pouvez tenter de faire apparaître un banc qu’une fois par tour.	Solo puedes intentar sacar un banco una vez por turno.	Puoi provare a far comparire un banco una sola volta per turno.	Só pode tentar fazer surgir um cardume uma vez por jogada.	Możesz spróbować wyrzucić ławicę tylko raz na turę.	Turda bir sürü çıkarmayı yalnızca bir kez deneyebilirsin.	Спробувати викинути зграю можна лише раз за хід.	턴당 한 번만 물고기 떼를 굴려 볼 수 있습니다.	魚群を出すためのサイコロは1ターンに1回しか試せません。	每回合只能尝试掷出一次鱼群。
There is no fish swarm next to that ship.	Neben diesem Schiff liegt kein Fischschwarm.	Der er ingen fiskestim ved siden af det skib.	Det finns ingen fiskstim bredvid det skeppet.	Det er ingen fiskestim ved siden av det skipet.	Naast dat schip ligt geen vissenzwerm.	Il n’y a pas de banc de poissons à côté de ce navire.	No hay ningún banco de peces junto a ese barco.	Non c’è nessun banco di pesci accanto a quella nave.	Não há nenhum cardume ao lado desse navio.	Obok tego statku nie ma ławicy ryb.	Bu geminin yanında balık sürüsü yok.	Поруч із цим кораблем немає зграї риби.	그 배 옆에는 물고기 떼가 없습니다.	その船の隣に魚群はありません。	那艘船旁边没有鱼群。
The ship has no room for a fish swarm.	Auf dem Schiff ist kein Platz für einen Fischschwarm.	Der er ikke plads til en fiskestim på skibet.	Det finns ingen plats för en fiskstim på skeppet.	Det er ikke plass til en fiskestim på skipet.	Op het schip is geen plaats voor een vissenzwerm.	Il n’y a pas de place pour un banc de poissons sur le navire.	En el barco no hay sitio para un banco de peces.	Sulla nave non c’è posto per un banco di pesci.	O navio não tem espaço para um cardume.	Na statku nie ma miejsca na ławicę ryb.	Gemide bir balık sürüsü için yer yok.	На кораблі немає місця для зграї риби.	배에 물고기 떼를 실을 자리가 없습니다.	船に魚群を積む余裕がありません。	船上没有放置鱼群的空间。
Deliveries go to a harbor of the council.	Lieferungen gehen zu einem Hafen des Rats.	Leverancer går til en af rådets havne.	Leveranser går till en av rådets hamnar.	Leveranser går til en av rådets havner.	Leveringen gaan naar een haven van de raad.	Les livraisons se font dans un port du conseil.	Las entregas se hacen en un puerto del consejo.	Le consegne vanno a un porto del consiglio.	As entregas são feitas num porto do conselho.	Dostawy trafiają do portu rady.	Teslimatlar konseyin bir limanına yapılır.	Доставка йде до гавані ради.	배달은 의회의 항구로 가야 합니다.	納品は評議会の港に行います。	运送要送到议会的港口。
Pick something on the ship.	Wähle etwas auf dem Schiff.	Vælg noget på skibet.	Välj något på skeppet.	Velg noe på skipet.	Kies iets op het schip.	Choisissez quelque chose sur le navire.	Elige algo en el barco.	Scegli qualcosa sulla nave.	Escolha algo no navio.	Wybierz coś na statku.	Gemideki bir şeyi seç.	Оберіть щось на кораблі.	배 위의 무언가를 고르세요.	船の上のものを選んでください。	请选择船上的东西。
The ship must point at one of your harbor settlements.	Das Schiff muss auf eine deiner Hafensiedlungen zeigen.	Skibet skal pege mod en af dine havnebosættelser.	Skeppet måste peka mot en av dina hamnbosättningar.	Skipet må peke mot en av havnebosetningene dine.	Het schip moet naar een van je havendorpen wijzen.	Le navire doit pointer vers l’une de vos colonies portuaires.	El barco debe apuntar a uno de tus poblados portuarios.	La nave deve puntare a uno dei tuoi insediamenti portuali.	O navio tem de apontar para uma das suas aldeias portuárias.	Statek musi wskazywać jedną z twoich osad portowych.	Gemi, liman köylerinden birini göstermelidir.	Корабель має вказувати на одне з ваших портових поселень.	배가 내 항구 정착지 중 하나를 가리켜야 합니다.	船は自分の港の開拓地を指していなければなりません。	船必须指向你的一座港口村庄。
Pick pieces that are there.	Wähle Figuren, die da sind.	Vælg brikker, der er der.	Välj pjäser som finns där.	Velg brikker som er der.	Kies figuren die er zijn.	Choisissez des pièces qui sont présentes.	Elige piezas que estén allí.	Scegli pezzi che ci sono.	Escolha peças que lá estejam.	Wybierz figury, które tam są.	Orada bulunan taşları seç.	Оберіть фігурки, які там є.	그곳에 있는 말을 고르세요.	そこにある駒を選んでください。	请选择在那里的棋子。
Pick what to move.	Wähle, was bewegt werden soll.	Vælg, hvad der skal flyttes.	Välj vad som ska flyttas.	Velg hva som skal flyttes.	Kies wat verplaatst moet worden.	Choisissez ce qu’il faut déplacer.	Elige qué mover.	Scegli cosa spostare.	Escolha o que mover.	Wybierz, co przenieść.	Neyin taşınacağını seç.	Оберіть, що перемістити.	옮길 것을 고르세요.	動かすものを選んでください。	请选择要移动的东西。
There is not enough room.	Es ist nicht genug Platz.	Der er ikke plads nok.	Det finns inte tillräckligt med plats.	Det er ikke nok plass.	Er is niet genoeg plaats.	Il n’y a pas assez de place.	No hay sitio suficiente.	Non c’è abbastanza spazio.	Não há espaço suficiente.	Brakuje miejsca.	Yeterli yer yok.	Місця недостатньо.	자리가 부족합니다.	場所が足りません。	空间不足。
There is no pirate lair next to that ship.	Neben diesem Schiff liegt kein Piratenlager.	Der er ingen piratlejr ved siden af det skib.	Det finns inget piratläger bredvid det skeppet.	Det er ingen piratleir ved siden av det skipet.	Naast dat schip ligt geen piratenkamp.	Il n’y a pas de repaire de pirates à côté de ce navire.	No hay ninguna guarida pirata junto a ese barco.	Non c’è nessun covo di pirati accanto a quella nave.	Não há nenhum covil de piratas ao lado desse navio.	Obok tego statku nie ma kryjówki piratów.	Bu geminin yanında korsan sığınağı yok.	Поруч із цим кораблем немає піратського лігва.	그 배 옆에는 해적 소굴이 없습니다.	その船の隣に海賊の巣窟はありません。	那艘船旁边没有海盗巢穴。
Your ship carries no units.	Dein Schiff hat keine Einheiten an Bord.	Dit skib har ingen enheder om bord.	Ditt skepp har inga enheter ombord.	Skipet ditt har ingen enheter om bord.	Je schip heeft geen eenheden aan boord.	Votre navire ne transporte aucune unité.	Tu barco no lleva unidades.	La tua nave non trasporta unità.	O seu navio não leva unidades.	Twój statek nie przewozi jednostek.	Geminde birim yok.	На вашому кораблі немає загонів.	내 배에는 부대가 없습니다.	あなたの船に部隊は乗っていません。	你的船上没有部队。
The lair is full.	Das Lager ist voll.	Lejren er fuld.	Lägret är fullt.	Leiren er full.	Het kamp is vol.	Le repaire est plein.	La guarida está llena.	Il covo è pieno.	O covil está cheio.	Kryjówka jest pełna.	Sığınak dolu.	Лігво заповнене.	소굴이 가득 찼습니다.	巣窟はいっぱいです。	巢穴已满。
You have no units there.	Du hast dort keine Einheiten.	Du har ingen enheder dér.	Du har inga enheter där.	Du har ingen enheter der.	Je hebt daar geen eenheden.	Vous n’avez pas d’unités là.	No tienes unidades allí.	Non hai unità lì.	Você não tem unidades ali.	Nie masz tam jednostek.	Orada birimin yok.	У вас там немає загонів.	그곳에 내 부대가 없습니다.	そこにあなたの部隊はいません。	你在那里没有部队。
The ship has no room.	Auf dem Schiff ist kein Platz.	Der er ikke plads på skibet.	Det finns ingen plats på skeppet.	Det er ikke plass på skipet.	Op het schip is geen plaats.	Il n’y a pas de place sur le navire.	En el barco no hay sitio.	Sulla nave non c’è posto.	O navio não tem espaço.	Na statku nie ma miejsca.	Gemide yer yok.	На кораблі немає місця.	배에 자리가 없습니다.	船に余裕がありません。	船上没有空间。
There is no spice village next to that ship.	Neben diesem Schiff liegt kein Gewürzdorf.	Der er ingen krydderilandsby ved siden af det skib.	Det finns ingen kryddby bredvid det skeppet.	Det er ingen krydderlandsby ved siden av det skipet.	Naast dat schip ligt geen specerijendorp.	Il n’y a pas de village d’épices à côté de ce navire.	No hay ninguna aldea de especias junto a ese barco.	Non c’è nessun villaggio delle spezie accanto a quella nave.	Não há nenhuma aldeia de especiarias ao lado desse navio.	Obok tego statku nie ma wioski przypraw.	Bu geminin yanında baharat köyü yok.	Поруч із цим кораблем немає селища спецій.	그 배 옆에는 향신료 마을이 없습니다.	その船の隣に香辛料の村はありません。	那艘船旁边没有香料村庄。
You are already friends with this village.	Du bist mit diesem Dorf schon befreundet.	Du er allerede venner med denne landsby.	Du är redan vän med den här byn.	Du er allerede venn med denne landsbyen.	Je bent al bevriend met dit dorp.	Vous êtes déjà ami avec ce village.	Ya eres amigo de esta aldea.	Sei già amico di questo villaggio.	Você já é amigo desta aldeia.	Jesteś już zaprzyjaźniony z tą wioską.	Bu köyle zaten dostsun.	Ви вже дружите з цим селищем.	이미 이 마을과 친구입니다.	この村とはすでに友達です。	你已经和这座村庄成为朋友了。
The village has no spice left.	Das Dorf hat keine Gewürze mehr.	Landsbyen har ikke flere krydderier.	Byn har inga kryddor kvar.	Landsbyen har ikke flere krydder.	Het dorp heeft geen specerijen meer.	Le village n’a plus d’épices.	La aldea ya no tiene especias.	Il villaggio non ha più spezie.	A aldeia já não tem especiarias.	Wioska nie ma już przypraw.	Köyde baharat kalmadı.	У селищі не залишилось спецій.	마을에 향신료가 남아 있지 않습니다.	村にはもう香辛料が残っていません。	村庄已没有香料。
Your ship carries no explorer.	Dein Schiff hat keinen Entdecker an Bord.	Dit skib har ingen opdager om bord.	Ditt skepp har ingen upptäckare ombord.	Skipet ditt har ingen oppdager om bord.	Je schip heeft geen ontdekker aan boord.	Votre navire ne transporte aucun explorateur.	Tu barco no lleva ningún explorador.	La tua nave non trasporta nessun esploratore.	O seu navio não leva nenhum explorador.	Twój statek nie przewozi odkrywcy.	Geminde kâşif yok.	На вашому кораблі немає дослідника.	내 배에는 탐험가가 없습니다.	あなたの船に探検者は乗っていません。	你的船上没有探险家。
The ship must point at the corner.	Das Schiff muss auf die Ecke zeigen.	Skibet skal pege mod hjørnet.	Skeppet måste peka mot hörnet.	Skipet må peke mot hjørnet.	Het schip moet naar de hoek wijzen.	Le navire doit pointer vers le coin.	El barco debe apuntar a la esquina.	La nave deve puntare all’angolo.	O navio tem de apontar para o canto.	Statek musi wskazywać ten róg.	Gemi köşeyi göstermelidir.	Корабель має вказувати на кут.	배가 그 꼭짓점을 가리켜야 합니다.	船はその角を指していなければなりません。	船必须指向该角。
There is no foreign pirate to chase.	Es gibt keinen fremden Piraten zu verjagen.	Der er ingen fremmed pirat at jage væk.	Det finns ingen främmande pirat att jaga bort.	Det er ingen fremmed pirat å jage bort.	Er is geen vreemde piraat om te verjagen.	Il n’y a aucun pirate étranger à chasser.	No hay ningún pirata ajeno que ahuyentar.	Non c’è nessun pirata altrui da cacciare.	Não há nenhum pirata alheio para afugentar.	Nie ma obcego pirata do przegnania.	Kovalanacak yabancı korsan yok.	Немає чужого пірата, якого можна прогнати.	쫓아낼 남의 해적이 없습니다.	追い払う他人の海賊がいません。	没有可驱逐的别人的海盗。
Only a ship that has not moved yet can fight, and only once.	Nur ein Schiff, das noch nicht gezogen wurde, kann kämpfen, und nur einmal.	Kun et skib, der ikke har sejlet endnu, kan kæmpe, og kun én gang.	Bara ett skepp som inte rört sig än kan strida, och bara en gång.	Bare et skip som ikke har seilt ennå, kan kjempe, og bare én gang.	Alleen een schip dat nog niet bewogen heeft kan vechten, en slechts één keer.	Seul un navire qui n’a pas encore bougé peut combattre, et une seule fois.	Solo un barco que aún no se ha movido puede luchar, y solo una vez.	Solo una nave che non si è ancora mossa può combattere, e una sola volta.	Só um navio que ainda não se moveu pode lutar, e apenas uma vez.	Walczyć może tylko statek, który jeszcze się nie ruszał, i tylko raz.	Yalnızca henüz hareket etmemiş bir gemi savaşabilir, o da yalnızca bir kez.	Битися може лише корабель, який ще не рухався, і лише раз.	아직 움직이지 않은 배만, 그것도 한 번만 싸울 수 있습니다.	まだ動いていない船だけが、1回だけ戦えます。	只有尚未移动的船才能战斗，且只能一次。
The ship must be next to the pirate.	Das Schiff muss neben dem Piraten liegen.	Skibet skal ligge ved siden af piraten.	Skeppet måste ligga bredvid piraten.	Skipet må ligge ved siden av piraten.	Het schip moet naast de piraat liggen.	Le navire doit être à côté du pirate.	El barco debe estar junto al pirata.	La nave deve essere accanto al pirata.	O navio tem de estar ao lado do pirata.	Statek musi stać obok pirata.	Gemi korsanın yanında olmalıdır.	Корабель має бути поруч із піратом.	배가 해적 옆에 있어야 합니다.	船は海賊の隣にいなければなりません。	船必须在海盗旁边。
Pick a harbor settlement or a ship next to one.	Wähle eine Hafensiedlung oder ein Schiff neben einer.	Vælg en havnebosættelse eller et skib ved siden af en.	Välj en hamnbosättning eller ett skepp bredvid en.	Velg en havnebosetning eller et skip ved siden av en.	Kies een havendorp of een schip naast een havendorp.	Choisissez une colonie portuaire ou un navire à côté d’une colonie portuaire.	Elige un poblado portuario o un barco junto a uno.	Scegli un insediamento portuale o una nave accanto a uno.	Escolha uma aldeia portuária ou um navio ao lado de uma.	Wybierz osadę portową lub statek obok niej.	Bir liman köyü veya yanındaki bir gemiyi seç.	Оберіть портове поселення або корабель біля нього.	항구 정착지나 그 옆의 배를 고르세요.	港の開拓地か、その隣の船を選んでください。	请选择一座港口村庄或其旁边的船。
There is no room there.	Dort ist kein Platz.	Dér er der ikke plads.	Där finns ingen plats.	Der er det ikke plass.	Daar is geen plaats.	Il n’y a pas de place là.	Allí no hay sitio.	Lì non c’è posto.	Ali não há espaço.	Tam nie ma miejsca.	Orada yer yok.	Там немає місця.	그곳에는 자리가 없습니다.	そこには余裕がありません。	那里没有空间。
{@p} moves ahead on the mission "{#m}" ({n}).	{@p} rückt bei der Mission „{#m}“ vor ({n}).	{@p} rykker frem i missionen “{#m}” ({n}).	{@p} går framåt i uppdraget ”{#m}” ({n}).	{@p} rykker fram i oppdraget «{#m}» ({n}).	{@p} schuift op in de missie “{#m}” ({n}).	{@p} avance dans la mission « {#m} » ({n}).	{@p} avanza en la misión «{#m}» ({n}).	{@p} avanza nella missione «{#m}» ({n}).	{@p} avança na missão «{#m}» ({n}).	{@p} przesuwa się w misji „{#m}” ({n}).	{@p}, “{#m}” görevinde ilerler ({n}).	{@p} просувається в місії «{#m}» ({n}).	{@p}이(가) 임무 “{#m}”에서 전진합니다({n}).	{@p}がミッション「{#m}」で進みます（{n}）。	{@p} 在任务“{#m}”中前进（{n}）。
{@p} earns {n} gold from the gold rivers.	{@p} erhält {n} Gold von den Goldflüssen.	{@p} får {n} guld fra guldfloderne.	{@p} får {n} guld från guldfloderna.	{@p} får {n} gull fra gullelvene.	{@p} krijgt {n} goud van de goudrivieren.	{@p} reçoit {n} or des rivières d’or.	{@p} recibe {n} de oro de los ríos de oro.	{@p} riceve {n} oro dai fiumi d’oro.	{@p} recebe {n} ouro dos rios de ouro.	{@p} dostaje {n} złota ze złotych rzek.	{@p} altın nehirlerden {n} altın alır.	{@p} отримує {n} золота із золотих річок.	{@p}이(가) 금 강에서 금 {n}개를 얻습니다.	{@p}は金の川から金{n}枚を得ます。	{@p} 从金河获得 {n} 黄金。
{@p}'s pirate ship is sent home.	Das Piratenschiff von {@p} wird nach Hause geschickt.	{@p}s piratskib sendes hjem.	{@p}s piratskepp skickas hem.	{@p}s piratskip sendes hjem.	Het piratenschip van {@p} wordt naar huis gestuurd.	Le navire pirate de {@p} est renvoyé chez lui.	El barco pirata de {@p} es enviado a casa.	La nave pirata di {@p} viene rimandata a casa.	O navio pirata de {@p} é mandado para casa.	Statek piracki gracza {@p} wraca do domu.	{@p} oyuncusunun korsan gemisi eve gönderilir.	Піратський корабель гравця {@p} відсилають додому.	{@p}의 해적선이 집으로 돌려보내집니다.	{@p}の海賊船は送り返されます。	{@p} 的海盗船被送回。
{@p} sets the pirate ship on a new field.	{@p} setzt das Piratenschiff auf ein neues Feld.	{@p} sætter piratskibet på et nyt felt.	{@p} sätter piratskeppet på ett nytt fält.	{@p} setter piratskipet på et nytt felt.	{@p} zet het piratenschip op een nieuw veld.	{@p} place le navire pirate sur un nouveau terrain.	{@p} coloca el barco pirata en un terreno nuevo.	{@p} sposta la nave pirata su un nuovo territorio.	{@p} coloca o navio pirata num novo terreno.	{@p} ustawia statek piracki na nowym polu.	{@p} korsan gemisini yeni bir araziye koyar.	{@p} ставить піратський корабель на нове поле.	{@p}이(가) 해적선을 새 지형에 놓습니다.	{@p}は海賊船を新しいタイルに置きます。	{@p} 将海盗船放到新的地块上。
The fish swarm is scared away by the pirates.	Die Piraten verscheuchen den Fischschwarm.	Piraterne skræmmer fiskestimen væk.	Piraterna skrämmer bort fiskstimmen.	Piratene skremmer bort fiskestimen.	De piraten verjagen de vissenzwerm.	Les pirates font fuir le banc de poissons.	Los piratas ahuyentan el banco de peces.	I pirati spaventano il banco di pesci.	Os piratas afugentam o cardume.	Piraci płoszą ławicę ryb.	Korsanlar balık sürüsünü korkutup kaçırır.	Пірати розлякують зграю риби.	해적이 물고기 떼를 쫓아 버립니다.	海賊が魚群を追い散らします。	海盗吓跑了鱼群。
{@p} takes 1 gold from {@q}.	{@p} nimmt {@q} 1 Gold ab.	{@p} tager 1 guld fra {@q}.	{@p} tar 1 guld från {@q}.	{@p} tar 1 gull fra {@q}.	{@p} neemt 1 goud van {@q}.	{@p} prend 1 or à {@q}.	{@p} toma 1 de oro de {@q}.	{@p} prende 1 oro da {@q}.	{@p} tira 1 ouro de {@q}.	{@p} zabiera 1 złoto graczowi {@q}.	{@p}, {@q} oyuncusundan 1 altın alır.	{@p} забирає 1 золото в {@q}.	{@p}이(가) {@q}에게서 금 1개를 가져갑니다.	{@p}は{@q}から金1枚を取ります。	{@p} 从 {@q} 那里拿走 1 黄金。
{@p} discovers a fishing ground.	{@p} entdeckt ein Fischfeld.	{@p} opdager en fiskeplads.	{@p} upptäcker en fiskeplats.	{@p} oppdager en fiskeplass.	{@p} ontdekt een visgrond.	{@p} découvre une zone de pêche.	{@p} descubre un caladero.	{@p} scopre una zona di pesca.	{@p} descobre uma zona de pesca.	{@p} odkrywa łowisko.	{@p} bir balık sahası keşfeder.	{@p} відкриває рибне місце.	{@p}이(가) 어장을 발견합니다.	{@p}は漁場を発見します。	{@p} 发现了一处渔场。
{@p} discovers a spice island.	{@p} entdeckt eine Gewürzinsel.	{@p} opdager en krydderiø.	{@p} upptäcker en kryddö.	{@p} oppdager en krydderøy.	{@p} ontdekt een specerijeneiland.	{@p} découvre une île aux épices.	{@p} descubre una isla de las especias.	{@p} scopre un’isola delle spezie.	{@p} descobre uma ilha das especiarias.	{@p} odkrywa wyspę przypraw.	{@p} bir baharat adası keşfeder.	{@p} відкриває острів спецій.	{@p}이(가) 향신료 섬을 발견합니다.	{@p}は香辛料の島を発見します。	{@p} 发现了一座香料岛。
{@p} discovers a gold river.	{@p} entdeckt einen Goldfluss.	{@p} opdager en guldflod.	{@p} upptäcker en guldflod.	{@p} oppdager en gullelv.	{@p} ontdekt een goudrivier.	{@p} découvre une rivière d’or.	{@p} descubre un río de oro.	{@p} scopre un fiume d’oro.	{@p} descobre um rio de ouro.	{@p} odkrywa złotą rzekę.	{@p} bir altın nehir keşfeder.	{@p} відкриває золоту річку.	{@p}이(가) 금 강을 발견합니다.	{@p}は金の川を発見します。	{@p} 发现了一条金河。
The pirate lair is conquered!	Das Piratenlager ist erobert!	Piratlejren er erobret!	Piratlägret är erövrat!	Piratleiren er erobret!	De piratenkamp is veroverd!	Le repaire de pirates est conquis !	¡La guarida pirata está conquistada!	Il covo dei pirati è conquistato!	O covil de piratas foi conquistado!	Kryjówka piratów zdobyta!	Korsan sığınağı fethedildi!	Піратське лігво завойовано!	해적 소굴을 정복했습니다!	海賊の巣窟を攻略しました！	海盗巢穴已被攻占！
{@p} rolls {n} and has {m} units there.	{@p} würfelt {n} und hat dort {m} Einheiten.	{@p} slår {n} og har {m} enheder dér.	{@p} slår {n} och har {m} enheter där.	{@p} kaster {n} og har {m} enheter der.	{@p} gooit {n} en heeft daar {m} eenheden.	{@p} obtient {n} et a {m} unités là-bas.	{@p} saca {n} y tiene {m} unidades allí.	{@p} tira {n} e ha lì {m} unità.	{@p} lança {n} e tem lá {m} unidades.	{@p} wyrzuca {n} i ma tam {m} jednostek.	{@p} {n} atar ve orada {m} birimi vardır.	{@p} викидає {n} і має там {m} загонів.	{@p}이(가) {n}을(를) 굴렸고 그곳에 부대 {m}개가 있습니다.	{@p}は{n}を出し、そこに部隊が{m}つあります。	{@p} 掷出 {n}，那里有 {m} 支部队。
{@p} is the hero of the battle.	{@p} ist der Held der Schlacht.	{@p} er slagets helt.	{@p} är slagets hjälte.	{@p} er slagets helt.	{@p} is de held van de strijd.	{@p} est le héros de la bataille.	{@p} es el héroe de la batalla.	{@p} è l’eroe della battaglia.	{@p} é o herói da batalha.	{@p} zostaje bohaterem bitwy.	{@p} savaşın kahramanıdır.	{@p} стає героєм битви.	{@p}이(가) 전투의 영웅입니다.	{@p}が戦いの英雄です。	{@p} 是这场战斗的英雄。
{@p} placed a harbor settlement.	{@p} hat eine Hafensiedlung gesetzt.	{@p} har placeret en havnebosættelse.	{@p} har placerat en hamnbosättning.	{@p} har plassert en havnebosetning.	{@p} heeft een havendorp geplaatst.	{@p} a placé une colonie portuaire.	{@p} ha colocado un poblado portuario.	{@p} ha piazzato un insediamento portuale.	{@p} colocou uma aldeia portuária.	{@p} ustawia osadę portową.	{@p} bir liman köyü yerleştirdi.	{@p} ставить портове поселення.	{@p}이(가) 항구 정착지를 놓았습니다.	{@p}は港の開拓地を置きました。	{@p} 放置了一座港口村庄。
{@p} places a neutral piece.	{@p} setzt ein neutrales Teil.	{@p} placerer en neutral brik.	{@p} placerar en neutral pjäs.	{@p} plasserer en nøytral brikke.	{@p} plaatst een neutraal stuk.	{@p} place une pièce neutre.	{@p} coloca una pieza neutral.	{@p} piazza un pezzo neutrale.	{@p} coloca uma peça neutra.	{@p} ustawia neutralny element.	{@p} tarafsız bir parça yerleştirir.	{@p} ставить нейтральну фігурку.	{@p}이(가) 중립 말을 놓습니다.	{@p}は中立の駒を置きます。	{@p} 放置了一个中立棋子。
{@p} sets out with an explorer ship.	{@p} sticht mit einem Entdeckerschiff in See.	{@p} stikker til søs med et opdagerskib.	{@p} ger sig ut med ett upptäckarskepp.	{@p} setter til sjøs med et oppdagerskip.	{@p} vaart uit met een ontdekkersschip.	{@p} prend la mer avec un navire d’explorateur.	{@p} zarpa con un barco explorador.	{@p} salpa con una nave esploratrice.	{@p} zarpa com um navio explorador.	{@p} wypływa statkiem z odkrywcą.	{@p} bir kâşif gemisiyle yola çıkar.	{@p} вирушає в море на кораблі з дослідником.	{@p}이(가) 탐험가 배와 함께 출항합니다.	{@p}は探検者の船で出航します。	{@p} 驾着探险家之船出海。
{@p} begins the movement phase.	{@p} beginnt die Bewegungsphase.	{@p} begynder bevægelsesfasen.	{@p} påbörjar rörelsefasen.	{@p} begynner bevegelsesfasen.	{@p} begint de bewegingsfase.	{@p} commence la phase de déplacement.	{@p} empieza la fase de movimiento.	{@p} inizia la fase di movimento.	{@p} começa a fase de movimento.	{@p} rozpoczyna fazę ruchu.	{@p} hareket aşamasına başlar.	{@p} починає фазу руху.	{@p}이(가) 이동 단계를 시작합니다.	{@p}は移動フェーズを始めます。	{@p} 开始移动阶段。
{@p} built a harbor settlement.	{@p} hat eine Hafensiedlung gebaut.	{@p} har bygget en havnebosættelse.	{@p} har byggt en hamnbosättning.	{@p} har bygget en havnebosetning.	{@p} heeft een havendorp gebouwd.	{@p} a construit une colonie portuaire.	{@p} ha construido un poblado portuario.	{@p} ha costruito un insediamento portuale.	{@p} construiu uma aldeia portuária.	{@p} buduje osadę portową.	{@p} bir liman köyü inşa etti.	{@p} будує портове поселення.	{@p}이(가) 항구 정착지를 건설했습니다.	{@p}は港の開拓地を建設しました。	{@p} 建造了一座港口村庄。
The cargo of {@p}'s ship is lost.	Die Ladung von {@p}s Schiff geht verloren.	Lasten på {@p}s skib går tabt.	Lasten på {@p}s skepp går förlorad.	Lasten på {@p}s skip går tapt.	De lading van het schip van {@p} gaat verloren.	La cargaison du navire de {@p} est perdue.	La carga del barco de {@p} se pierde.	Il carico della nave di {@p} va perso.	A carga do navio de {@p} perde-se.	Ładunek statku gracza {@p} przepada.	{@p} oyuncusunun geminin yükü kaybolur.	Вантаж корабля гравця {@p} втрачено.	{@p}의 배에 실린 화물이 사라집니다.	{@p}の船の積み荷が失われます。	{@p} 的船上货物丢失。
{@p} buys {$c} for 2 gold.	{@p} kauft {$c} für 2 Gold.	{@p} køber {$c} for 2 guld.	{@p} köper {$c} för 2 guld.	{@p} kjøper {$c} for 2 gull.	{@p} koopt {$c} voor 2 goud.	{@p} achète {$c} pour 2 or.	{@p} compra {$c} por 2 de oro.	{@p} compra {$c} per 2 oro.	{@p} compra {$c} por 2 ouros.	{@p} kupuje {$c} za 2 złota.	{@p} 2 altına {$c} satın alır.	{@p} купує {$c} за 2 золота.	{@p}이(가) 금 2개로 {$c}을(를) 삽니다.	{@p}は金2枚で{$c}を買います。	{@p} 用 2 黄金购买 {$c}。
{@p} sells {$c} to the gold traders for 1 gold.	{@p} verkauft {$c} an die Goldhändler für 1 Gold.	{@p} sælger {$c} til guldhandlerne for 1 guld.	{@p} säljer {$c} till guldhandlarna för 1 guld.	{@p} selger {$c} til gullhandlerne for 1 gull.	{@p} verkoopt {$c} aan de goudhandelaren voor 1 goud.	{@p} vend {$c} aux marchands d’or pour 1 or.	{@p} vende {$c} a los comerciantes de oro por 1 de oro.	{@p} vende {$c} ai mercanti d’oro per 1 oro.	{@p} vende {$c} aos mercadores de ouro por 1 ouro.	{@p} sprzedaje {$c} handlarzom złotem za 1 złoto.	{@p}, {$c} kaynağını altın tüccarlarına 1 altına satar.	{@p} продає {$c} золотим торговцям за 1 золото.	{@p}이(가) {$c}을(를) 금 상인에게 팔아 금 1개를 얻습니다.	{@p}は{$c}を金の商人に売って金1枚を得ます。	{@p} 将 {$c} 卖给黄金商人，换得 1 黄金。
{@p} pays 1 gold tribute to the pirates.	{@p} zahlt den Piraten 1 Gold Tribut.	{@p} betaler piraterne 1 guld i tribut.	{@p} betalar piraterna 1 guld i tribut.	{@p} betaler piratene 1 gull i tributt.	{@p} betaalt de piraten 1 goud tribuut.	{@p} verse 1 or de tribut aux pirates.	{@p} paga 1 de oro de tributo a los piratas.	{@p} paga 1 oro di tributo ai pirati.	{@p} paga 1 ouro de tributo aos piratas.	{@p} płaci piratom 1 złoto daniny.	{@p} korsanlara 1 altın haraç öder.	{@p} платить піратам 1 золото данини.	{@p}이(가) 해적에게 조공으로 금 1개를 냅니다.	{@p}は海賊に貢ぎ物として金1枚を払います。	{@p} 向海盗缴纳 1 黄金贡金。
{@p} pays 1 wool for 2 more moves.	{@p} zahlt 1 Wolle für 2 weitere Züge.	{@p} betaler 1 uld for 2 ekstra træk.	{@p} betalar 1 ull för 2 extra drag.	{@p} betaler 1 ull for 2 ekstra trekk.	{@p} betaalt 1 wol voor 2 extra zetten.	{@p} paie 1 laine pour 2 déplacements de plus.	{@p} paga 1 lana por 2 movimientos más.	{@p} paga 1 lana per 2 mosse in più.	{@p} paga 1 lã por 2 movimentos a mais.	{@p} płaci 1 wełny za 2 dodatkowe ruchy.	{@p} 2 ek hamle için 1 yün öder.	{@p} платить 1 вовну за 2 додаткові ходи.	{@p}이(가) 양모 1장으로 추가 이동 2번을 삽니다.	{@p}は羊毛1枚を払って追加の移動を2つ得ます。	{@p} 支付 1 张羊毛，多得 2 步。
{@p} rolls a {n} for the fish.	{@p} würfelt für die Fische eine {n}.	{@p} slår {n} for fiskene.	{@p} slår {n} för fiskarna.	{@p} kaster {n} for fiskene.	{@p} gooit een {n} voor de vissen.	{@p} obtient un {n} pour les poissons.	{@p} saca un {n} para los peces.	{@p} tira {n} per i pesci.	{@p} lança {n} para os peixes.	{@p} wyrzuca {n} dla ryb.	{@p} balıklar için {n} atar.	{@p} викидає {n} для риби.	{@p}이(가) 물고기를 위해 {n}을(를) 굴립니다.	{@p}は魚のために{n}を出しました。	{@p} 为鱼群掷出 {n}。
No fish swarm appears.	Es erscheint kein Fischschwarm.	Der dukker ingen fiskestim op.	Ingen fiskstim dyker upp.	Det dukker ikke opp noen fiskestim.	Er verschijnt geen vissenzwerm.	Aucun banc de poissons n’apparaît.	No aparece ningún banco de peces.	Non compare nessun banco di pesci.	Não surge nenhum cardume.	Nie pojawia się żadna ławica ryb.	Hiçbir balık sürüsü belirmez.	Зграя риби не з’являється.	물고기 떼가 나타나지 않습니다.	魚群は現れません。	没有出现鱼群。
A fish swarm appears.	Ein Fischschwarm erscheint.	En fiskestim dukker op.	En fiskstim dyker upp.	En fiskestim dukker opp.	Er verschijnt een vissenzwerm.	Un banc de poissons apparaît.	Aparece un banco de peces.	Compare un banco di pesci.	Surge um cardume.	Pojawia się ławica ryb.	Bir balık sürüsü belirir.	З’являється зграя риби.	물고기 떼가 나타납니다.	魚群が現れます。	出现了一群鱼。
{@p} catches a fish swarm.	{@p} fängt einen Fischschwarm.	{@p} fanger en fiskestim.	{@p} fångar en fiskstim.	{@p} fanger en fiskestim.	{@p} vangt een vissenzwerm.	{@p} attrape un banc de poissons.	{@p} captura un banco de peces.	{@p} cattura un banco di pesci.	{@p} apanha um cardume.	{@p} łowi ławicę ryb.	{@p} bir balık sürüsü yakalar.	{@p} ловить зграю риби.	{@p}이(가) 물고기 떼를 잡습니다.	{@p}は魚群を捕まえます。	{@p} 捕获了一群鱼。
{@p} delivers {n} fish swarm to the council.	{@p} liefert {n} Fischschwarm an den Rat.	{@p} leverer {n} fiskestim til rådet.	{@p} lämnar {n} fiskstim till rådet.	{@p} leverer {n} fiskestim til rådet.	{@p} levert {n} vissenzwerm af bij de raad.	{@p} livre {n} banc de poissons au conseil.	{@p} entrega {n} banco de peces al consejo.	{@p} consegna {n} banco di pesci al consiglio.	{@p} entrega {n} cardume ao conselho.	{@p} dostarcza radzie ławice ryb: {n}.	{@p} konseye {n} balık sürüsü teslim eder.	{@p} доставляє раді зграй риби: {n}.	{@p}이(가) 물고기 떼 {n}개를 의회에 배달합니다.	{@p}は魚群{n}つを評議会に納めます。	{@p} 向议会运送了 {n} 群鱼。
{@p} delivers {n} spice to the council.	{@p} liefert {n} Gewürzsack an den Rat.	{@p} leverer {n} krydderisæk til rådet.	{@p} lämnar {n} kryddsäck till rådet.	{@p} leverer {n} krydderpose til rådet.	{@p} levert {n} zak specerijen af bij de raad.	{@p} livre {n} sac d’épices au conseil.	{@p} entrega {n} saco de especias al consejo.	{@p} consegna {n} sacco di spezie al consiglio.	{@p} entrega {n} saco de especiarias ao conselho.	{@p} dostarcza radzie worki przypraw: {n}.	{@p} konseye {n} baharat çuvalı teslim eder.	{@p} доставляє раді мішків спецій: {n}.	{@p}이(가) 향신료 자루 {n}개를 의회에 배달합니다.	{@p}は香辛料の袋{n}つを評議会に納めます。	{@p} 向议会运送了 {n} 袋香料。
{@p} puts a piece back into the supply.	{@p} legt eine Figur zurück in den Vorrat.	{@p} lægger en brik tilbage i forrådet.	{@p} lägger tillbaka en pjäs i förrådet.	{@p} legger en brikke tilbake i forrådet.	{@p} legt een figuur terug in de voorraad.	{@p} remet une pièce dans la réserve.	{@p} devuelve una pieza a la reserva.	{@p} rimette un pezzo nella riserva.	{@p} devolve uma peça à reserva.	{@p} odkłada figurę do zapasu.	{@p} bir taşı stoğa geri koyar.	{@p} повертає фігурку до запасу.	{@p}이(가) 말 하나를 보급품으로 되돌립니다.	{@p}は駒を1つ在庫に戻します。	{@p} 将一枚棋子放回库存。
{@p} loads and unloads at a harbor settlement.	{@p} lädt an einer Hafensiedlung ein und aus.	{@p} lader og losser ved en havnebosættelse.	{@p} lastar och lossar vid en hamnbosättning.	{@p} laster og losser ved en havnebosetning.	{@p} laadt en lost bij een havendorp.	{@p} charge et décharge à une colonie portuaire.	{@p} carga y descarga en un poblado portuario.	{@p} carica e scarica presso un insediamento portuale.	{@p} carrega e descarrega numa aldeia portuária.	{@p} załadowuje i rozładowuje przy osadzie portowej.	{@p} bir liman köyünde yükleme ve boşaltma yapar.	{@p} завантажує й розвантажує біля портового поселення.	{@p}이(가) 항구 정착지에서 싣고 내립니다.	{@p}は港の開拓地で積み降ろしをします。	{@p} 在港口村庄装卸货物。
{@p} lands {n} units on a pirate lair.	{@p} setzt {n} Einheiten auf einem Piratenlager ab.	{@p} landsætter {n} enheder på en piratlejr.	{@p} landsätter {n} enheter på ett piratläger.	{@p} setter {n} enheter i land på en piratleir.	{@p} zet {n} eenheden aan land op een piratenkamp.	{@p} débarque {n} unités sur un repaire de pirates.	{@p} desembarca {n} unidades en una guarida pirata.	{@p} sbarca {n} unità su un covo di pirati.	{@p} desembarca {n} unidades num covil de piratas.	{@p} wysadza {n} jednostek w kryjówce piratów.	{@p} bir korsan sığınağına {n} birim indirir.	{@p} висаджує {n} загонів на піратському лігві.	{@p}이(가) 해적 소굴에 부대 {n}개를 상륙시킵니다.	{@p}は海賊の巣窟に部隊を{n}つ上陸させます。	{@p} 在海盗巢穴登陆了 {n} 支部队。
{@p} picks up {n} units.	{@p} nimmt {n} Einheiten auf.	{@p} samler {n} enheder op.	{@p} tar upp {n} enheter.	{@p} tar opp {n} enheter.	{@p} neemt {n} eenheden op.	{@p} reprend {n} unités.	{@p} recoge {n} unidades.	{@p} riprende {n} unità.	{@p} recolhe {n} unidades.	{@p} zabiera {n} jednostek.	{@p} {n} birimi geri alır.	{@p} забирає {n} загонів.	{@p}이(가) 부대 {n}개를 태웁니다.	{@p}は部隊を{n}つ回収します。	{@p} 接回了 {n} 支部队。
{@p} befriends a spice village and loads a bag of spice.	{@p} freundet sich mit einem Gewürzdorf an und lädt einen Gewürzsack.	{@p} bliver venner med en krydderilandsby og lader en krydderisæk.	{@p} blir vän med en kryddby och lastar en kryddsäck.	{@p} blir venn med en krydderlandsby og laster en krydderpose.	{@p} sluit vriendschap met een specerijendorp en laadt een zak specerijen.	{@p} devient ami d’un village d’épices et charge un sac d’épices.	{@p} se hace amigo de una aldea de especias y carga un saco de especias.	{@p} fa amicizia con un villaggio delle spezie e carica un sacco di spezie.	{@p} faz amizade com uma aldeia de especiarias e carrega um saco de especiarias.	{@p} zaprzyjaźnia się z wioską przypraw i ładuje worek przypraw.	{@p} bir baharat köyüyle dost olur ve bir baharat çuvalı yükler.	{@p} здружується із селищем спецій і завантажує мішок спецій.	{@p}이(가) 향신료 마을과 친구가 되어 향신료 자루를 싣습니다.	{@p}は香辛料の村と友達になり、香辛料の袋を積み込みます。	{@p} 与香料村庄结为朋友，并装载了一袋香料。
{@p} founds a settlement with an explorer.	{@p} gründet mit einem Entdecker eine Siedlung.	{@p} grundlægger en bosættelse med en opdager.	{@p} grundar en bosättning med en upptäckare.	{@p} grunnlegger en bosetning med en oppdager.	{@p} sticht met een ontdekker een dorp.	{@p} fonde une colonie avec un explorateur.	{@p} funda un poblado con un explorador.	{@p} fonda un insediamento con un esploratore.	{@p} funda uma aldeia com um explorador.	{@p} zakłada osadę za pomocą odkrywcy.	{@p} bir kâşifle köy kurar.	{@p} засновує поселення за допомогою дослідника.	{@p}이(가) 탐험가로 정착지를 세웁니다.	{@p}は探検者で開拓地を築きます。	{@p} 用探险家建立了一座村庄。
{@p} rolls a {n} against the pirates.	{@p} würfelt gegen die Piraten eine {n}.	{@p} slår {n} mod piraterne.	{@p} slår {n} mot piraterna.	{@p} kaster {n} mot piratene.	{@p} gooit een {n} tegen de piraten.	{@p} obtient un {n} contre les pirates.	{@p} saca un {n} contra los piratas.	{@p} tira {n} contro i pirati.	{@p} lança {n} contra os piratas.	{@p} wyrzuca {n} przeciw piratom.	{@p} korsanlara karşı {n} atar.	{@p} викидає {n} проти піратів.	{@p}이(가) 해적과 맞서 {n}을(를) 굴립니다.	{@p}は海賊に対して{n}を出しました。	{@p} 对海盗掷出 {n}。
{@p} chases away {@q}'s pirate ship.	{@p} verjagt das Piratenschiff von {@q}.	{@p} jager {@q}s piratskib væk.	{@p} jagar bort {@q}s piratskepp.	{@p} jager bort {@q}s piratskip.	{@p} verjaagt het piratenschip van {@q}.	{@p} chasse le navire pirate de {@q}.	{@p} ahuyenta el barco pirata de {@q}.	{@p} caccia la nave pirata di {@q}.	{@p} afugenta o navio pirata de {@q}.	{@p} przegania statek piracki gracza {@q}.	{@p}, {@q} oyuncusunun korsan gemisini kovar.	{@p} проганяє піратський корабель гравця {@q}.	{@p}이(가) {@q}의 해적선을 쫓아냅니다.	{@p}は{@q}の海賊船を追い払います。	{@p} 赶走了 {@q} 的海盗船。
The pirates stay.	Die Piraten bleiben.	Piraterne bliver.	Piraterna stannar.	Piratene blir.	De piraten blijven.	Les pirates restent.	Los piratas se quedan.	I pirati restano.	Os piratas ficam.	Piraci zostają.	Korsanlar kalır.	Пірати залишаються.	해적은 그대로 남습니다.	海賊は居座ります。	海盗留了下来。
{@p} sends out an explorer.	{@p} schickt einen Entdecker los.	{@p} sender en opdager af sted.	{@p} skickar ut en upptäckare.	{@p} sender ut en oppdager.	{@p} stuurt een ontdekker eropuit.	{@p} envoie un explorateur.	{@p} envía a un explorador.	{@p} manda un esploratore.	{@p} envia um explorador.	{@p} wysyła odkrywcę.	{@p} bir kâşif gönderir.	{@p} відправляє дослідника.	{@p}이(가) 탐험가를 내보냅니다.	{@p}は探検者を送り出します。	{@p} 派出了一名探险家。
{@p} recruits a unit.	{@p} wirbt eine Einheit an.	{@p} hverver en enhed.	{@p} värvar en enhet.	{@p} verver en enhet.	{@p} werft een eenheid aan.	{@p} recrute une unité.	{@p} recluta una unidad.	{@p} recluta un’unità.	{@p} recruta uma unidade.	{@p} werbuje jednostkę.	{@p} bir birim devşirir.	{@p} наймає загін.	{@p}이(가) 부대를 모집합니다.	{@p}は部隊を雇います。	{@p} 招募了一支部队。
The ship goes on a sea path next to your harbor settlement.	Das Schiff kommt auf einen Seeweg neben deiner Hafensiedlung.	Skibet kommer på en søvej ved siden af din havnebosættelse.	Skeppet läggs på en sjöväg bredvid din hamnbosättning.	Skipet legges på en sjøvei ved siden av havnebosetningen din.	Het schip komt op een zeeweg naast je havendorp.	Le navire se place sur une route maritime à côté de votre colonie portuaire.	El barco va en una ruta marítima junto a tu poblado portuario.	La nave va su una rotta marittima accanto al tuo insediamento portuale.	O navio vai para uma rota marítima ao lado da sua aldeia portuária.	Statek trafia na szlak morski obok twojej osady portowej.	Gemi, liman köyünün yanındaki bir deniz yoluna konur.	Корабель ставиться на морський шлях біля вашого портового поселення.	배는 내 항구 정착지 옆의 바닷길에 놓습니다.	船は自分の港の開拓地の隣の海路に置きます。	船要放在你港口村庄旁边的海路上。
The ship goes on a sea path next to one of your harbor settlements.	Das Schiff kommt auf einen Seeweg neben einer deiner Hafensiedlungen.	Skibet kommer på en søvej ved siden af en af dine havnebosættelser.	Skeppet läggs på en sjöväg bredvid en av dina hamnbosättningar.	Skipet legges på en sjøvei ved siden av en av havnebosetningene dine.	Het schip komt op een zeeweg naast een van je havendorpen.	Le navire se place sur une route maritime à côté de l’une de vos colonies portuaires.	El barco va en una ruta marítima junto a uno de tus poblados portuarios.	La nave va su una rotta marittima accanto a uno dei tuoi insediamenti portuali.	O navio vai para uma rota marítima ao lado de uma das suas aldeias portuárias.	Statek trafia na szlak morski obok jednej z twoich osad portowych.	Gemi, liman köylerinden birinin yanındaki bir deniz yoluna konur.	Корабель ставиться на морський шлях біля одного з ваших портових поселень.	배는 내 항구 정착지 중 하나 옆의 바닷길에 놓습니다.	船は自分の港の開拓地の1つの隣の海路に置きます。	船要放在你某座港口村庄旁边的海路上。
No explorers left.	Keine Entdecker mehr übrig.	Ingen opdagere tilbage.	Inga upptäckare kvar.	Ingen oppdagere igjen.	Geen ontdekkers meer over.	Plus d’explorateurs disponibles.	No quedan exploradores.	Nessun esploratore rimasto.	Não restam exploradores.	Brak odkrywców.	Kâşif kalmadı.	Дослідників не залишилось.	남은 탐험가가 없습니다.	探検者が残っていません。	没有剩余的探险家。
No units left.	Keine Einheiten mehr übrig.	Ingen enheder tilbage.	Inga enheter kvar.	Ingen enheter igjen.	Geen eenheden meer over.	Plus d’unités disponibles.	No quedan unidades.	Nessuna unità rimasta.	Não restam unidades.	Brak jednostek.	Birim kalmadı.	Загонів не залишилось.	남은 부대가 없습니다.	部隊が残っていません。	没有剩余的部队。
