The Caravans	Der Handelstross	Karavanen	Karavanen	Karavanen	De karavaan	La caravane	La caravana	La carovana	A caravana	Karawana	Kervan	Караван	대상 행렬	キャラバン	商队
Barbarian Attack	Der Barbarenüberfall	Barbarernes angreb	Barbarernas anfall	Barbarenes angrep	De barbarenaanval	L'attaque des barbares	El ataque de los bárbaros	L'attacco dei barbari	O ataque dos bárbaros	Najazd barbarzyńców	Barbar Saldırısı	Напад варварів	야만인의 습격	蛮族の襲撃	蛮族来袭
Friendly robber	Freundlicher Räuber	Venlig røver	Vänlig rövare	Vennlig røver	Vriendelijke rover	Voleur amical	Ladrón amistoso	Brigante amichevole	Ladrão amigável	Przyjazny rozbójnik	Dost haydut	Привітний розбійник	친절한 도둑	やさしい盗賊	友善强盗
Harbors of Broch	Die Häfen von Broch	Havnene på Broch	Hamnarna på Broch	Havnene på Broch	De havens van Broch	Les ports de Broch	Los puertos de Broch	I porti di Broch	Os portos de Broch	Porty Broch	Broch Limanları	Гавані Broch	Broch의 항구	Brochの港	Broch 港口
Nomads send wagons out; vote with wool and grain. 3–4 players.	Nomaden schicken Trosswagen aus; stimmt mit Wolle und Getreide ab. 3–4 Personen.	Nomader sender vogne ud; stem med uld og korn. 3–4 spillere.	Nomader skickar ut vagnar; rösta med ull och säd. 3–4 spelare.	Nomader sender ut vogner; stem med ull og korn. 3–4 spillere.	Nomaden sturen wagens uit; stem met wol en graan. 3–4 spelers.	Des nomades envoient des chariots ; votez avec de la laine et du blé. 3–4 joueurs.	Los nómadas envían carretas; votad con lana y cereal. 3–4 jugadores.	I nomadi mandano carri; votate con lana e grano. 3–4 giocatori.	Os nómadas enviam carroças; votem com lã e cereal. 3–4 jogadores.	Nomadzi wysyłają wozy; głosujcie wełną i zbożem. 3–4 graczy.	Göçebeler araba gönderir; yün ve tahılla oy verin. 3–4 oyuncu.	Кочівники висилають вози; голосуйте вовною та зерном. 3–4 гравці.	유목민이 마차를 보냅니다. 양모와 곡물로 투표하세요. 3–4명.	遊牧民が荷馬車を送り出します。羊毛と小麦で投票します。3〜4人。	游牧民派出马车，用羊毛和粮食投票。3–4名玩家。
Barbarians land on the coast; knights drive them off. 3–4 players.	Barbaren landen an der Küste; Ritter vertreiben sie. 3–4 Personen.	Barbarer lander på kysten; riddere driver dem væk. 3–4 spillere.	Barbarer landar vid kusten; riddare driver bort dem. 3–4 spelare.	Barbarer lander på kysten; riddere driver dem bort. 3–4 spillere.	Barbaren landen aan de kust; ridders verdrijven ze. 3–4 spelers.	Des barbares débarquent sur la côte ; les chevaliers les repoussent. 3–4 joueurs.	Los bárbaros desembarcan en la costa; los caballeros los expulsan. 3–4 jugadores.	I barbari sbarcano sulla costa; i cavalieri li scacciano. 3–4 giocatori.	Os bárbaros desembarcam na costa; os cavaleiros expulsam-nos. 3–4 jogadores.	Barbarzyńcy lądują na wybrzeżu; rycerze ich przeganiają. 3–4 graczy.	Barbarlar kıyıya çıkar; şövalyeler onları kovar. 3–4 oyuncu.	Варвари висаджуються на узбережжі; лицарі їх проганяють. 3–4 гравці.	야만인이 해안에 상륙하고, 기사들이 그들을 몰아냅니다. 3–4명.	蛮族が海岸に上陸し、騎士が追い払います。3〜4人。	野蛮人在海岸登陆，骑士将其驱逐。3–4名玩家。
Haul glass, marble, sand and tools with your wagon. 3–4 players.	Bringt mit eurem Wagen Glas, Marmor, Sand und Werkzeuge ans Ziel. 3–4 Personen.	Kør glas, marmor, sand og værktøj med din vogn. 3–4 spillere.	Kör glas, marmor, sand och verktyg med din vagn. 3–4 spelare.	Kjør glass, marmor, sand og verktøy med vogna di. 3–4 spillere.	Vervoer glas, marmer, zand en gereedschap met je wagen. 3–4 spelers.	Transportez verre, marbre, sable et outils avec votre chariot. 3–4 joueurs.	Transporta vidrio, mármol, arena y herramientas con tu carreta. 3–4 jugadores.	Trasporta vetro, marmo, sabbia e attrezzi con il tuo carro. 3–4 giocatori.	Transporta vidro, mármore, areia e ferramentas com a tua carroça. 3–4 jogadores.	Wieź wozem szkło, marmur, piasek i narzędzia. 3–4 graczy.	Arabanla cam, mermer, kum ve aletleri taşıyın. 3–4 oyuncu.	Возьте возом скло, мармур, пісок та інструменти. 3–4 гравці.	마차로 유리, 대리석, 모래, 도구를 나르세요. 3–4명.	荷馬車でガラス・大理石・砂・道具を運びます。3〜4人。	用马车运送玻璃、大理石、沙子和工具。3–4名玩家。
The robber spares players with 2 points or fewer.	Der Räuber verschont Personen mit höchstens 2 Siegpunkten.	Røveren skåner spillere med 2 point eller færre.	Rövaren skonar spelare med 2 poäng eller färre.	Røveren skåner spillere med 2 poeng eller færre.	De rover spaart spelers met 2 punten of minder.	Le voleur épargne les joueurs qui ont 2 points ou moins.	El ladrón respeta a los jugadores con 2 puntos o menos.	Il brigante risparmia chi ha 2 punti o meno.	O ladrão poupa os jogadores com 2 pontos ou menos.	Rozbójnik oszczędza graczy z co najwyżej 2 punktami.	Haydut 2 puan veya daha azı olan oyunculara dokunmaz.	Розбійник щадить гравців із 2 очками або менше.	도둑은 점수가 2점 이하인 플레이어를 봐줍니다.	盗賊は2点以下のプレイヤーを見逃します。	强盗不会找2分或更少的玩家的麻烦。
Settlements and cities at harbors earn harbor points; the Strongest Harbors plaque is worth 2 points.	Siedlungen und Städte an Häfen bringen Hafenpunkte; die Sondersiegpunkttafel Stärkste Häfen ist 2 Siegpunkte wert.	Bosættelser og byer ved havne giver havnepoint; pladen Stærkeste havne er 2 point værd.	Bosättningar och städer vid hamnar ger hamnpoäng; plaketten Starkaste hamnar är värd 2 poäng.	Bosetninger og byer ved havner gir havnepoeng; plaketten Sterkeste havner er verdt 2 poeng.	Dorpen en steden bij havens leveren havenpunten op; het plaatje Sterkste havens is 2 punten waard.	Les colonies et villes sur les ports rapportent des points de port ; la plaque Ports les plus forts vaut 2 points.	Los poblados y ciudades en puertos dan puntos de puerto; la placa Puertos más fuertes vale 2 puntos.	Insediamenti e città sui porti danno punti porto; la tessera Porti più forti vale 2 punti.	Aldeias e cidades em portos dão pontos de porto; a placa Portos mais fortes vale 2 pontos.	Osady i miasta przy portach dają punkty portowe; tabliczka Najsilniejsze porty jest warta 2 punkty.	Limanlardaki köyler ve şehirler liman puanı kazandırır; En Güçlü Limanlar plakası 2 puan değerindedir.	Поселення та міста біля гаваней дають очки гаваней; табличка «Найсильніші гавані» варта 2 очки.	항구의 정착지와 도시는 항구 점수를 줍니다. 최강 항구 판은 2점입니다.	港の開拓地と都市は港ポイントになり、「最強の港」プレートは2点です。	港口处的村庄和城市可获得港口点数；“最强港口”牌价值2分。
Robber Raid	Räuberüberfall	Røverangreb	Rövarräd	Røverangrep	Roversoverval	Attaque du voleur	Asalto del ladrón	Assalto del brigante	Ataque do ladrão	Napad rozbójnika	Haydut Baskını	Напад розбійника	도둑의 습격	盗賊の襲撃	强盗袭击
Plague	Seuche	Pest	Pest	Pest	Pestepidemie	Épidémie	Epidemia	Epidemia	Epidemia	Zaraza	Salgın	Чума	역병	疫病	瘟疫
Earthquake	Erdbeben	Jordskælv	Jordbävning	Jordskjelv	Aardbeving	Tremblement de terre	Terremoto	Terremoto	Terramoto	Trzęsienie ziemi	Deprem	Землетрус	지진	地震	地震
Good Neighbors	Gute Nachbarschaft	God nabolag	Gott grannskap	Godt naboskap	Goede buren	Bon voisinage	Buena vecindad	Buon vicinato	Boa vizinhança	Dobre sąsiedztwo	İyi Komşuluk	Добре сусідство	좋은 이웃	良き隣人	睦邻友好
Knight Tournament	Ritterturnier	Ridderturnering	Riddarturnering	Ridderturnering	Riddertoernooi	Tournoi de chevaliers	Torneo de caballeros	Torneo dei cavalieri	Torneio de cavaleiros	Turniej rycerski	Şövalye Turnuvası	Лицарський турнір	기사 토너먼트	騎士の武闘会	骑士比武
Trade Advantage	Handelsvorteil	Handelsfordel	Handelsfördel	Handelsfordel	Handelsvoordeel	Avantage commercial	Ventaja comercial	Vantaggio commerciale	Vantagem comercial	Przewaga handlowa	Ticaret Avantajı	Торгова перевага	무역 이점	交易の利点	贸易优势
Calm Sea	Ruhige See	Rolig sø	Lugnt hav	Rolig sjø	Kalme zee	Mer calme	Mar en calma	Mare calmo	Mar calmo	Spokojne morze	Sakin Deniz	Тихе море	잔잔한 바다	穏やかな海	风平浪静
Neighborly Help	Nachbarschaftshilfe	Naboskabshjælp	Grannhjälp	Naboskapshjelp	Burenhulp	Entraide	Ayuda vecinal	Aiuto tra vicini	Ajuda entre vizinhos	Pomoc sąsiedzka	Komşu Yardımı	Допомога сусідів	이웃의 도움	ご近所の助け合い	邻里互助
Conflict	Konflikt	Konflikt	Konflikt	Konflikt	Conflict	Conflit	Conflicto	Conflitto	Conflito	Konflikt	Çatışma	Конфлікт	갈등	対立	冲突
Bountiful Year	Ertragreiches Jahr	Rigeligt år	Rikt år	Rikt år	Vruchtbaar jaar	Année fructueuse	Año fructífero	Anno fruttuoso	Ano frutuoso	Urodzajny rok	Bereketli Yıl	Врожайний рік	풍년	豊作の年	丰收之年
Robber Retreats	Rückzug des Räubers	Røverens tilbagetog	Rövarens reträtt	Røverens retrett	Terugtocht van de rover	Retraite du voleur	Retirada del ladrón	Ritirata del brigante	Retirada do ladrão	Odwrót rozbójnika	Haydut Çekiliyor	Відступ розбійника	도둑의 퇴각	盗賊の撤退	强盗撤退
A Fine Day	Ein schöner Tag	En smuk dag	En vacker dag	En fin dag	Een mooie dag	Une belle journée	Un buen día	Una bella giornata	Um belo dia	Piękny dzień	Güzel Bir Gün	Гарний день	화창한 날	良い一日	美好的一天
New Year	Jahreswechsel	Nytår	Nyår	Nyttår	Jaarwisseling	Nouvel An	Año nuevo	Nuovo anno	Ano novo	Nowy Rok	Yeni Yıl	Новий рік	새해	新年	新年
brown	braun	brun	brun	brun	bruin	brun	marrón	marrone	castanho	brązowy	kahverengi	коричневий	갈색	茶色	棕色
green	grün	grøn	grön	grønn	groen	vert	verde	verde	verde	zielony	yeşil	зелений	초록색	緑	绿色
purple	lila	lilla	lila	lilla	paars	violet	morado	viola	roxo	fioletowy	mor	фіолетовий	보라색	紫	紫色
glass	Glas	glas	glas	glass	glas	verre	vidrio	vetro	vidro	szkło	cam	скло	유리	ガラス	玻璃
tools	Werkzeug	værktøj	verktyg	verktøy	gereedschap	outils	herramientas	attrezzi	ferramentas	narzędzia	aletler	інструменти	도구	道具	工具
sand	Sand	sand	sand	sand	zand	sable	arena	sabbia	areia	piasek	kum	пісок	모래	砂	沙子
marble	Marmor	marmor	marmor	marmor	marmer	marbre	mármol	marmo	mármore	marmur	mermer	мармур	대리석	大理石	大理石
castle	Burg	borgen	borgen	borgen	kasteel	château	castillo	castello	castelo	zamek	kale	замок	성	城	城堡
quarry	Marmorsteinbruch	stenbruddet	stenbrottet	steinbruddet	steengroeve	carrière	cantera	cava	pedreira	kamieniołom	taş ocağı	каменоломня	채석장	採石場	采石场
glassworks	Glashütte	glasværket	glasbruket	glassverket	glasblazerij	verrerie	vidriería	vetreria	vidraria	huta szkła	cam fabrikası	скляна майстерня	유리 공방	ガラス工房	玻璃厂
Swamp	Sumpflandschaft	Sump	Träsk	Sump	Moeras	Marais	Pantano	Palude	Pântano	Bagno	Bataklık	Болото	늪	沼地	沼泽
Lake	See	Sø	Sjö	Innsjø	Meer	Lac	Lago	Lago	Lago	Jezioro	Göl	Озеро	호수	湖	湖泊
Waterhole	Wasserstelle	Vandhul	Vattenhål	Vannhull	Waterplaats	Point d'eau	Abrevadero	Pozza d'acqua	Pozzo d'acqua	Wodopój	Su Kaynağı	Водопій	물웅덩이	水場	水源地
Knight Consecration	Ritterweihe	Ridderslag	Riddarslag	Ridderslag	Ridderslag	Adoubement	Investidura de caballero	Investitura a cavaliere	Sagração de cavaleiro	Pasowanie na rycerza	Şövalyelik Töreni	Посвята в лицарі	기사 서임	騎士叙任	册封骑士
Strong Knight	Starker Ritter	Stærk ridder	Stark riddare	Sterk ridder	Sterke ridder	Chevalier puissant	Caballero fuerte	Cavaliere forte	Cavaleiro forte	Silny rycerz	Güçlü Şövalye	Сильний лицар	강한 기사	強い騎士	强大骑士
Treason	Verrat	Forræderi	Förräderi	Forræderi	Verraad	Trahison	Traición	Tradimento	Traição	Zdrada	İhanet	Зрада	배신	裏切り	背叛
Captive	Gefangen	Fange	Fånge	Fange	Gevangene	Captif	Cautivo	Prigioniero	Cativo	Jeniec	Esir	Бранець	포로	捕虜	俘虏
Good Journey	Gute Reise	God rejse	God resa	God reise	Goede reis	Bon voyage	Buen viaje	Buon viaggio	Boa viagem	Dobra podróż	İyi Yolculuk	Щасливої дороги	즐거운 여행	良い旅	一路顺风
Caravans	Handelstrosse	Karavaner	Karavaner	Karavaner	Karavanen	Caravanes	Caravanas	Carovane	Caravanas	Karawany	Kervanlar	Каравани	대상 행렬	キャラバン	商队
Barbarians	Barbaren	Barbarer	Barbarer	Barbarer	Barbaren	Barbares	Bárbaros	Barbari	Bárbaros	Barbarzyńcy	Barbarlar	Варвари	야만인	蛮族	野蛮人
Wagons	Wagen	Vogne	Vagnar	Vogner	Wagens	Chariots	Carretas	Carri	Carroças	Wozy	Arabalar	Вози	마차	荷馬車	马车
Players with more than 7 cards give up half. Move the robber and steal a card.	Wer mehr als 7 Handkarten besitzt, gibt die Hälfte ab. Versetze den Räuber und ziehe 1 Handkarte.	Spillere med mere end 7 kort afleverer halvdelen. Flyt røveren og stjæl et kort.	Spelare med fler än 7 kort lämnar ifrån sig hälften. Flytta rövaren och stjäl ett kort.	Spillere med mer enn 7 kort gir fra seg halvparten. Flytt røveren og stjel et kort.	Spelers met meer dan 7 kaarten leveren de helft in. Verplaats de rover en steel een kaart.	Les joueurs avec plus de 7 cartes en défaussent la moitié. Déplacez le voleur et volez une carte.	Quien tenga más de 7 cartas descarta la mitad. Mueve al ladrón y roba una carta.	Chi ha più di 7 carte ne scarta la metà. Sposta il brigante e ruba una carta.	Quem tiver mais de 7 cartas descarta metade. Move o ladrão e rouba uma carta.	Gracze z więcej niż 7 kartami oddają połowę. Przesuń rozbójnika i ukradnij kartę.	7'den fazla kartı olanlar yarısını atar. Hırsızı taşı ve bir kart çal.	Гравці з понад 7 картами віддають половину. Перемістіть розбійника та вкрадіть карту.	카드가 7장보다 많은 사람은 절반을 버립니다. 도둑을 옮기고 카드 한 장을 훔칩니다.	8枚以上持つ人は半分を捨てます。盗賊を動かしてカードを1枚奪います。	手牌超过7张的玩家弃掉一半。移动强盗并偷一张牌。
Cities yield only 1 resource this roll.	Städte bringen bei diesem Wurf nur 1 Rohstoff.	Byer giver kun 1 råstof ved dette slag.	Städer ger bara 1 råvara vid det här kastet.	Byer gir bare 1 råvare ved dette kastet.	Steden leveren bij deze worp maar 1 grondstof op.	Les villes ne produisent qu'1 ressource à ce lancer.	Las ciudades solo dan 1 recurso en esta tirada.	Le città producono solo 1 risorsa con questo lancio.	As cidades só rendem 1 recurso nesta jogada.	Miasta dają w tym rzucie tylko 1 surowiec.	Bu atışta şehirler yalnızca 1 hammadde verir.	Міста дають лише 1 ресурс за цей кидок.	이번 굴림에서 도시는 자원을 1개만 줍니다.	このロールでは都市は資源を1つしか産出しません。	本次掷骰城市只产出1份资源。
Everybody turns one of their roads sideways. It must be repaired (1 lumber, 1 brick) before you build new roads.	Alle drehen eine ihrer Straßen quer. Sie muss repariert werden (1 Holz, 1 Lehm), bevor ihr neue Straßen baut.	Alle vender en af deres veje på tværs. Den skal repareres (1 træ, 1 mursten), før du bygger nye veje.	Alla vänder en av sina vägar på tvären. Den måste repareras (1 trä, 1 tegel) innan du bygger nya vägar.	Alle snur en av veiene sine på tvers. Den må repareres (1 tre, 1 murstein) før du bygger nye veier.	Iedereen draait een van zijn straten dwars. Die moet worden gerepareerd (1 hout, 1 baksteen) voordat je nieuwe straten bouwt.	Chacun couche une de ses routes. Elle doit être réparée (1 bois, 1 argile) avant de construire de nouvelles routes.	Todos giran una de sus carreteras. Hay que repararla (1 madera, 1 arcilla) antes de construir carreteras nuevas.	Tutti girano una delle proprie strade di traverso. Va riparata (1 legno, 1 argilla) prima di costruire nuove strade.	Todos viram uma das suas estradas de lado. Tem de ser reparada (1 madeira, 1 argila) antes de construíres novas estradas.	Wszyscy kładą jedną ze swoich dróg bokiem. Trzeba ją naprawić (1 drewno, 1 glina), zanim zbudujecie nowe drogi.	Herkes yollarından birini yan çevirir. Yeni yol yapmadan önce onarılmalıdır (1 odun, 1 kil).	Кожен кладе одну зі своїх доріг упоперек. Її треба відремонтувати (1 деревина, 1 глина), перш ніж будувати нові дороги.	모두 자기 도로 하나를 가로로 눕힙니다. 새 도로를 짓기 전에 수리해야 합니다(목재 1, 점토 1).	全員が自分の道路を1本横に倒します。新しい道路を作る前に修理が必要です(木材1・レンガ1)。	每人把自己的一条道路横放。建新路之前必须先修好它(木材1、砖块1)。
Everybody gives the player on their left 1 card of their choice.	Alle geben der Person links neben sich 1 beliebige Handkarte.	Alle giver spilleren til venstre 1 kort efter eget valg.	Alla ger spelaren till vänster 1 valfritt kort.	Alle gir spilleren til venstre 1 valgfritt kort.	Iedereen geeft de speler links van zich 1 kaart naar keuze.	Chacun donne 1 carte de son choix au joueur à sa gauche.	Todos dan 1 carta a su elección al jugador de su izquierda.	Ognuno dà 1 carta a scelta al giocatore alla propria sinistra.	Todos dão 1 carta à sua escolha ao jogador da esquerda.	Każdy daje graczowi po swojej lewej 1 kartę do wyboru.	Herkes solundaki oyuncuya istediği 1 kartı verir.	Кожен дає гравцеві ліворуч 1 карту на свій вибір.	모두 왼쪽 사람에게 원하는 카드 1장을 줍니다.	全員が左隣の人に好きなカードを1枚渡します。	每人给左边的玩家1张自选的牌。
Whoever played the most knights takes a resource of their choice.	Wer die meisten Ritterkarten ausgespielt hat, erhält 1 beliebigen Rohstoff.	Den, der har spillet flest riddere, tager et råstof efter eget valg.	Den som spelat flest riddare tar en valfri råvara.	Den som har spilt flest riddere, tar en valgfri råvare.	Wie de meeste ridders heeft gespeeld, pakt een grondstof naar keuze.	Qui a joué le plus de chevaliers prend une ressource de son choix.	Quien haya jugado más caballeros toma un recurso a su elección.	Chi ha giocato più cavalieri prende una risorsa a scelta.	Quem jogou mais cavaleiros recebe um recurso à sua escolha.	Kto zagrał najwięcej rycerzy, bierze dowolny surowiec.	En çok şövalye oynayan istediği bir hammaddeyi alır.	Хто зіграв найбільше лицарів, бере ресурс на вибір.	기사를 가장 많이 낸 사람이 원하는 자원 1개를 가져갑니다.	騎士を最も多く使った人が好きな資源を1つ受け取ります。	打出骑士最多的玩家获得1份自选资源。
The holder of the Longest Road draws a card from a player of their choice.	Wer die Längste Handelsroute besitzt, zieht von einer beliebigen Person verdeckt 1 Handkarte.	Indehaveren af den længste vej trækker et kort fra en spiller efter eget valg.	Den som har längsta vägen drar ett kort från en valfri spelare.	Den som har lengste vei, trekker et kort fra en valgfri spiller.	Wie de langste handelsroute heeft, trekt een kaart van een speler naar keuze.	Le détenteur de la route la plus longue pioche une carte chez un joueur de son choix.	Quien tenga la ruta comercial más larga roba una carta a un jugador de su elección.	Chi ha la strada più lunga pesca una carta da un giocatore a scelta.	Quem tiver a estrada mais longa tira uma carta a um jogador à sua escolha.	Posiadacz najdłuższej drogi dobiera kartę od wybranego gracza.	En uzun yolun sahibi istediği bir oyuncudan bir kart çeker.	Власник найдовшої дороги бере карту в обраного гравця.	최장 도로 보유자가 원하는 플레이어에게서 카드 1장을 뽑습니다.	最長交易路を持つ人が好きなプレイヤーからカードを1枚引きます。	持有最长道路的玩家从自选的一名玩家那里抽1张牌。
Whoever has the most settlements and cities at harbors takes a resource of their choice.	Wer die meisten Siedlungen oder Städte an einem Hafen errichtet hat, erhält 1 beliebigen Rohstoff.	Den med flest bosættelser og byer ved havne tager et råstof efter eget valg.	Den med flest bosättningar och städer vid hamnar tar en valfri råvara.	Den med flest bosetninger og byer ved havner tar en valgfri råvare.	Wie de meeste dorpen en steden bij havens heeft, pakt een grondstof naar keuze.	Qui a le plus de colonies et villes sur des ports prend une ressource de son choix.	Quien tenga más poblados y ciudades en puertos toma un recurso a su elección.	Chi ha più insediamenti e città sui porti prende una risorsa a scelta.	Quem tiver mais aldeias e cidades em portos recebe um recurso à sua escolha.	Kto ma najwięcej osad i miast przy portach, bierze dowolny surowiec.	Limanlarda en çok köy ve şehri olan istediği bir hammaddeyi alır.	Хто має найбільше поселень і міст біля гаваней, бере ресурс на вибір.	항구에 정착지와 도시가 가장 많은 사람이 원하는 자원 1개를 가져갑니다.	港に開拓地と都市が最も多い人が好きな資源を1つ受け取ります。	在港口拥有最多村庄和城市的玩家获得1份自选资源。
The leaders give 1 card to a player with fewer points.	Wer die meisten Siegpunkte besitzt, schenkt einer Person mit weniger Siegpunkten 1 Handkarte.	De førende giver 1 kort til en spiller med færre point.	De ledande ger 1 kort till en spelare med färre poäng.	De ledende gir 1 kort til en spiller med færre poeng.	De koplopers geven 1 kaart aan een speler met minder punten.	Les meneurs donnent 1 carte à un joueur ayant moins de points.	Los líderes dan 1 carta a un jugador con menos puntos.	I primi in classifica danno 1 carta a un giocatore con meno punti.	Os líderes dão 1 carta a um jogador com menos pontos.	Prowadzący oddają 1 kartę graczowi z mniejszą liczbą punktów.	Lider olanlar daha az puanı olan bir oyuncuya 1 kart verir.	Лідери дарують 1 карту гравцеві з меншою кількістю очок.	선두인 사람이 점수가 더 낮은 플레이어에게 카드 1장을 줍니다.	トップの人は点数の低い人にカードを1枚贈ります。	领先的玩家送给分数较少的玩家1张牌。
Whoever is alone ahead in knights draws a card from a player of their choice.	Wer alleine die meisten Ritterkarten ausgespielt hat, zieht bei einer beliebigen Person verdeckt 1 Handkarte.	Den, der er alene foran med riddere, trækker et kort fra en spiller efter eget valg.	Den som ensam leder i riddare drar ett kort från en valfri spelare.	Den som er alene foran med riddere, trekker et kort fra en valgfri spiller.	Wie alleen voorop ligt met ridders, trekt een kaart van een speler naar keuze.	Qui est seul en tête en chevaliers pioche une carte chez un joueur de son choix.	Quien vaya solo en cabeza en caballeros roba una carta a un jugador de su elección.	Chi è solo in testa ai cavalieri pesca una carta da un giocatore a scelta.	Quem estiver sozinho na frente em cavaleiros tira uma carta a um jogador à sua escolha.	Kto samotnie prowadzi pod względem rycerzy, dobiera kartę od wybranego gracza.	Şövalyelerde tek başına önde olan istediği bir oyuncudan bir kart çeker.	Хто сам лідирує за лицарями, бере карту в обраного гравця.	기사에서 혼자 앞서는 사람이 원하는 플레이어에게서 카드 1장을 뽑습니다.	騎士で単独トップの人が好きなプレイヤーからカードを1枚引きます。	骑士数独自领先的玩家从自选的一名玩家那里抽1张牌。
Everybody takes a resource of their choice.	Alle erhalten 1 beliebigen Rohstoff aus dem Vorrat.	Alle tager et råstof efter eget valg.	Alla tar en valfri råvara.	Alle tar en valgfri råvare.	Iedereen pakt een grondstof naar keuze.	Chacun prend une ressource de son choix.	Todos toman un recurso a su elección.	Tutti prendono una risorsa a scelta.	Todos recebem um recurso à sua escolha.	Każdy bierze dowolny surowiec.	Herkes istediği bir hammaddeyi alır.	Кожен бере ресурс на вибір.	모두 원하는 자원 1개를 가져갑니다.	全員が好きな資源を1つ受け取ります。	每人获得1份自选资源。
The robber goes back to his hideout. Nobody is robbed.	Stellt den Räuber sofort zurück auf die Wüste. Es wird bei niemandem eine Handkarte gezogen.	Røveren vender tilbage til sit skjul. Ingen bliver bestjålet.	Rövaren återvänder till sitt gömställe. Ingen blir bestulen.	Røveren går tilbake til skjulestedet sitt. Ingen blir frastjålet.	De rover keert terug naar zijn schuilplaats. Niemand wordt bestolen.	Le voleur retourne dans sa cachette. Personne n'est volé.	El ladrón vuelve a su escondite. Nadie es robado.	Il brigante torna al suo nascondiglio. Nessuno viene derubato.	O ladrão volta ao seu esconderijo. Ninguém é roubado.	Rozbójnik wraca do kryjówki. Nikt nie jest okradany.	Haydut sığınağına döner. Kimse soyulmaz.	Розбійник повертається у схованку. Нікого не грабують.	도둑이 은신처로 돌아갑니다. 아무도 도둑맞지 않습니다.	盗賊は隠れ家に戻ります。誰も盗まれません。	强盗回到藏身处。没有人被偷。
Nothing happens. The resources are paid out.	Es findet kein Ereignis statt. Die Rohstoffe werden normal ausgeschüttet.	Der sker ikke noget. Råstofferne udbetales.	Inget händer. Råvarorna delas ut.	Ingenting skjer. Råvarene utbetales.	Er gebeurt niets. De grondstoffen worden uitgedeeld.	Rien ne se passe. Les ressources sont distribuées.	No pasa nada. Se reparten los recursos.	Non succede nulla. Le risorse vengono distribuite.	Nada acontece. Os recursos são distribuídos.	Nic się nie dzieje. Surowce są wypłacane.	Hiçbir şey olmaz. Hammaddeler dağıtılır.	Нічого не відбувається. Ресурси роздаються.	아무 일도 일어나지 않습니다. 자원이 지급됩니다.	何も起こりません。資源が配られます。	什么也不会发生。照常发放资源。
After a regular move, your wagon gets a whole second move.	Hast du mit deinem Trosswagen einen regulären Zug ausgeführt, erhältst du einen kompletten zweiten Zug.	Efter en almindelig bevægelse får din vogn endnu en hel bevægelse.	Efter en vanlig förflyttning får din vagn ytterligare en hel förflyttning.	Etter en vanlig flytting får vogna di en hel flytting til.	Na een gewone verplaatsing krijgt je wagen een volledige tweede verplaatsing.	Après un déplacement normal, votre chariot obtient un second déplacement complet.	Tras un movimiento normal, tu carreta obtiene un segundo movimiento completo.	Dopo un movimento normale, il tuo carro ottiene un secondo movimento completo.	Depois de um movimento normal, a tua carroça faz um segundo movimento completo.	Po zwykłym ruchu twój wóz dostaje cały drugi ruch.	Normal bir hareketten sonra arabanız tam bir ikinci hareket yapar.	Після звичайного ходу ваш віз отримує ще один повний хід.	일반 이동 후, 마차가 이동을 한 번 더 합니다.	通常の移動のあと、荷馬車がもう1回まるごと移動できます。	常规移动之后，你的马车可以再完整移动一次。
Move a barbarian to another path or road. On a road, draw a card from its owner.	Versetze 1 Barbaren auf eine andere Straße/einen anderen Weg. Setzt du ihn auf eine Straße, ziehe 1 Handkarte von der Person, der die Straße gehört.	Flyt en barbar til en anden sti eller vej. På en vej trækker du et kort fra ejeren.	Flytta en barbar till en annan stig eller väg. Landar han på en väg drar du ett kort från ägaren.	Flytt en barbar til en annen sti eller vei. På en vei trekker du et kort fra eieren.	Verplaats een barbaar naar een ander pad of een andere straat. Op een straat trek je een kaart van de eigenaar.	Déplacez un barbare sur un autre chemin ou une autre route. Sur une route, piochez une carte chez son propriétaire.	Mueve un bárbaro a otro camino o carretera. En una carretera, roba una carta a su dueño.	Sposta un barbaro su un altro sentiero o un'altra strada. Su una strada, pesca una carta dal proprietario.	Move um bárbaro para outro trilho ou estrada. Numa estrada, tira uma carta ao dono.	Przesuń barbarzyńcę na inną ścieżkę lub drogę. Na drodze dobierz kartę od jej właściciela.	Bir barbarı başka bir patikaya veya yola taşıyın. Yola koyarsanız sahibinden bir kart çekersiniz.	Перемістіть варвара на іншу стежку чи дорогу. Якщо на дорогу, візьміть карту в її власника.	야만인 하나를 다른 오솔길이나 도로로 옮깁니다. 도로라면 그 주인에게서 카드 1장을 뽑습니다.	蛮族を別の小道か道路に動かします。道路なら持ち主からカードを1枚引きます。	把一个野蛮人移到另一条小路或道路。若移到道路上，从其主人那里抽一张牌。
Pick one scenario: Fishermen, Rivers, Caravans, Barbarian Attack or Traders & Barbarians. Variants mix in.	Wähle ein Szenario: Fischfang, Flüsse, Handelstross, Barbarenüberfall oder Händler & Barbaren. Varianten lassen sich dazumischen.	Vælg ét scenarie: Fiskerne, Floderne, Karavanen, Barbarernes angreb eller Handlere & barbarer. Varianter kan blandes ind.	Välj ett scenario: Fiskarna, Floderna, Karavanen, Barbarernas anfall eller Handlare & barbarer. Varianter kan blandas in.	Velg ett scenario: Fiskerne, Elvene, Karavanen, Barbarenes angrep eller Handelsmenn & barbarer. Varianter kan blandes inn.	Kies één scenario: Vissers, Rivieren, Karavaan, Barbarenaanval of Handelaren & barbaren. Varianten kun je erbij mengen.	Choisissez un scénario : Pêcheurs, Rivières, Caravane, Attaque des barbares ou Marchands & barbares. Les variantes se combinent.	Elige un escenario: Pescadores, Ríos, Caravana, Ataque de los bárbaros o Mercaderes y bárbaros. Las variantes se pueden mezclar.	Scegli uno scenario: Pescatori, Fiumi, Carovana, Attacco dei barbari o Mercanti e barbari. Le varianti si possono aggiungere.	Escolhe um cenário: Pescadores, Rios, Caravana, Ataque dos bárbaros ou Mercadores e bárbaros. As variantes podem ser juntadas.	Wybierz jeden scenariusz: Rybacy, Rzeki, Karawana, Najazd barbarzyńców lub Kupcy i barbarzyńcy. Warianty można dołączyć.	Bir senaryo seçin: Balıkçılar, Nehirler, Kervan, Barbar Saldırısı veya Tüccarlar ve Barbarlar. Varyantlar eklenebilir.	Оберіть один сценарій: Рибалки, Річки, Караван, Напад варварів або Торговці та варвари. Варіанти можна додавати.	시나리오 하나를 고르세요: 어부, 강, 대상 행렬, 야만인의 습격, 상인과 야만인. 변형은 함께 쓸 수 있습니다.	シナリオを1つ選びます：漁師、川、キャラバン、蛮族の襲撃、商人と蛮族。バリエーションは組み合わせ可能です。	选择一个场景：渔夫、河流、商队、蛮族来袭或商人与蛮族。变体可以叠加。
2 take the robber off the board · 3 steal · 4 take a resource · 5 a road · 7 a development card. At most 7 tokens.	2 Räuber vom Spielfeld nehmen · 3 Rohstoff ziehen · 4 Rohstoff nehmen · 5 Straße · 7 Entwicklungskarte. Höchstens 7 Plättchen.	2 fjern røveren fra brættet · 3 stjæl · 4 tag et råstof · 5 en vej · 7 et udviklingskort. Højst 7 brikker.	2 ta bort rövaren från brädet · 3 stjäl · 4 ta en råvara · 5 en väg · 7 ett utvecklingskort. Högst 7 brickor.	2 fjern røveren fra brettet · 3 stjel · 4 ta en råvare · 5 en vei · 7 et utviklingskort. Maks 7 brikker.	2 haal de rover van het bord · 3 steel · 4 pak een grondstof · 5 een straat · 7 een ontwikkelingskaart. Maximaal 7 tegels.	2 retirer le voleur du plateau · 3 voler · 4 prendre une ressource · 5 une route · 7 une carte développement. 7 jetons au plus.	2 quitar al ladrón del tablero · 3 robar · 4 tomar un recurso · 5 una carretera · 7 una carta de desarrollo. Como máximo 7 fichas.	2 togli il brigante dal tavolo · 3 ruba · 4 prendi una risorsa · 5 una strada · 7 una carta sviluppo. Al massimo 7 tessere.	2 tirar o ladrão do tabuleiro · 3 roubar · 4 pegar um recurso · 5 uma estrada · 7 uma carta de desenvolvimento. No máximo 7 fichas.	2 zdejmij rozbójnika z planszy · 3 kradnij · 4 weź surowiec · 5 droga · 7 karta rozwoju. Najwyżej 7 żetonów.	2 haydutu tahtadan kaldır · 3 çal · 4 bir hammadde al · 5 bir yol · 7 bir gelişim kartı. En çok 7 jeton.	2 зняти розбійника з поля · 3 вкрасти · 4 взяти ресурс · 5 дорога · 7 карта розвитку. Не більше 7 жетонів.	2 도둑을 판에서 치우기 · 3 훔치기 · 4 자원 받기 · 5 도로 · 7 발전 카드. 타일은 최대 7개.	2 盗賊を盤から取り除く · 3 奪う · 4 資源を取る · 5 道路 · 7 発展カード。タイルは最大7枚。	2 把强盗移出棋盘 · 3 偷牌 · 4 拿资源 · 5 道路 · 7 发展卡。最多7块。
Whoever fishes it up needs one more point to win, and may hand it on to a player with as many points or more.	Wer den alten Schuh besitzt, benötigt 1 Siegpunkt mehr zum Sieg und darf ihn an eine Person mit gleich vielen oder mehr Siegpunkten weitergeben.	Den, der fisker den op, skal bruge et point mere for at vinde og kan give den videre til en spiller med lige så mange point eller flere.	Den som fiskar upp den behöver en poäng till för att vinna och får ge den vidare till en spelare med lika många eller fler poäng.	Den som fisker den opp, trenger ett poeng mer for å vinne og kan gi den videre til en spiller med like mange poeng eller flere.	Wie hem opvist heeft 1 punt meer nodig om te winnen en mag hem doorgeven aan een speler met evenveel of meer punten.	Qui le pêche a besoin d'un point de plus pour gagner et peut le passer à un joueur ayant autant de points ou plus.	Quien lo pesque necesita un punto más para ganar y puede pasárselo a un jugador con los mismos puntos o más.	Chi lo pesca ha bisogno di un punto in più per vincere e può passarlo a un giocatore con altrettanti punti o più.	Quem o pescar precisa de mais um ponto para ganhar e pode passá-lo a um jogador com tantos pontos ou mais.	Kto go wyłowi, potrzebuje jednego punktu więcej do wygranej i może go przekazać graczowi z taką samą lub większą liczbą punktów.	Kim çıkarırsa kazanmak için bir puan daha gerekir ve onu eşit veya daha fazla puanı olan bir oyuncuya devredebilir.	Хто його виловив, потребує на одне очко більше для перемоги й може передати його гравцеві з таким самим чи більшим числом очок.	낚아 올린 사람은 이기려면 1점이 더 필요하며, 점수가 같거나 더 많은 플레이어에게 넘길 수 있습니다.	釣り上げた人は勝つのに1点多く必要で、同点か高得点のプレイヤーに渡せます。	钓到的人需要多1分才能获胜，并可以把它交给分数相同或更高的玩家。
A settlement gets 1 token, a city 2. The lake pays on 2, 3, 11 and 12.	Eine Siedlung erhält 1 Plättchen, eine Stadt 2. Der See zahlt bei 2, 3, 11 und 12.	En bosættelse får 1 brik, en by 2. Søen betaler ved 2, 3, 11 og 12.	En bosättning får 1 bricka, en stad 2. Sjön betalar på 2, 3, 11 och 12.	En bosetning får 1 brikke, en by 2. Innsjøen betaler på 2, 3, 11 og 12.	Een dorp krijgt 1 tegel, een stad 2. Het meer betaalt bij 2, 3, 11 en 12.	Une colonie reçoit 1 jeton, une ville 2. Le lac rapporte sur 2, 3, 11 et 12.	Un poblado recibe 1 ficha, una ciudad 2. El lago paga con 2, 3, 11 y 12.	Un insediamento riceve 1 tessera, una città 2. Il lago rende con 2, 3, 11 e 12.	Uma aldeia recebe 1 ficha, uma cidade 2. O lago paga com 2, 3, 11 e 12.	Osada dostaje 1 żeton, miasto 2. Jezioro płaci przy 2, 3, 11 i 12.	Bir köy 1 jeton, bir şehir 2 jeton alır. Göl 2, 3, 11 ve 12'de verir.	Поселення отримує 1 жетон, місто 2. Озеро платить на 2, 3, 11 і 12.	정착지는 타일 1개, 도시는 2개를 받습니다. 호수는 2, 3, 11, 12에서 수확합니다.	開拓地はタイル1枚、都市は2枚。湖は2・3・11・12で収穫できます。	村庄得1块，城市得2块。湖泊在2、3、11、12时产出。
Swap 2 gold for any resource, twice per turn. The richest player gets +1 point, the poorest −2.	Tausche 2 Gold gegen einen beliebigen Rohstoff, bis zu zweimal pro Zug. Die reichste Person erhält +1 Siegpunkt, die ärmste −2.	Byt 2 guld til et vilkårligt råstof, op til to gange pr. tur. Den rigeste får +1 point, den fattigste −2.	Byt 2 guld mot en valfri råvara, upp till två gånger per tur. Den rikaste får +1 poäng, den fattigaste −2.	Bytt 2 gull mot en valgfri råvare, opptil to ganger per tur. Den rikeste får +1 poeng, den fattigste −2.	Ruil 2 goud voor een grondstof naar keuze, maximaal twee keer per beurt. De rijkste speler krijgt +1 punt, de armste −2.	Échangez 2 or contre une ressource au choix, deux fois par tour. Le plus riche gagne +1 point, le plus pauvre −2.	Cambia 2 de oro por un recurso a tu elección, hasta dos veces por turno. El más rico obtiene +1 punto, el más pobre −2.	Scambia 2 oro con una risorsa a scelta, fino a due volte per turno. Il più ricco ottiene +1 punto, il più povero −2.	Troca 2 de ouro por um recurso à escolha, até duas vezes por turno. O mais rico ganha +1 ponto, o mais pobre −2.	Wymień 2 złota na dowolny surowiec, do dwóch razy na turę. Najbogatszy dostaje +1 punkt, najbiedniejszy −2.	2 altını istediğiniz bir hammaddeyle değiştirin, turda en çok iki kez. En zengin +1 puan, en fakir −2 puan alır.	Обміняйте 2 золота на будь-який ресурс, до двох разів за хід. Найбагатший отримує +1 очко, найбідніший −2.	금 2개를 원하는 자원과 바꿉니다(턴당 최대 2번). 가장 부자는 +1점, 가장 가난한 사람은 −2점.	金2枚を好きな資源と交換できます(1ターンに2回まで)。最も裕福な人は+1点、最も貧しい人は−2点。	2金币可换任意资源，每回合最多两次。最富有者+1分，最贫穷者−2分。
A deck of 37 cards replaces the dice. Every number comes up as often as it should, and some cards bring an event.	37 Karten ersetzen die Würfel. Jede Zahl kommt so häufig vor, wie es die Wahrscheinlichkeit vorgibt, und einige Karten lösen ein Ereignis aus.	Et spil med 37 kort erstatter terningerne. Hvert tal kommer lige så ofte, som det skal, og nogle kort udløser en begivenhed.	En kortlek med 37 kort ersätter tärningarna. Varje tal kommer lika ofta som det ska, och en del kort utlöser en händelse.	En kortstokk med 37 kort erstatter terningene. Hvert tall kommer like ofte som det skal, og noen kort utløser en hendelse.	Een stapel van 37 kaarten vervangt de dobbelstenen. Elk getal komt zo vaak voor als het hoort, en sommige kaarten brengen een gebeurtenis.	Un paquet de 37 cartes remplace les dés. Chaque nombre sort aussi souvent qu'il le doit, et certaines cartes déclenchent un événement.	Un mazo de 37 cartas sustituye a los dados. Cada número sale tan a menudo como debe y algunas cartas provocan un evento.	Un mazzo di 37 carte sostituisce i dadi. Ogni numero esce con la frequenza giusta e alcune carte scatenano un evento.	Um baralho de 37 cartas substitui os dados. Cada número sai com a frequência certa e algumas cartas trazem um evento.	Talia 37 kart zastępuje kostki. Każda liczba wypada tak często, jak powinna, a niektóre karty wywołują wydarzenie.	37 kartlık bir deste zarların yerini alır. Her sayı olması gereken sıklıkta gelir ve bazı kartlar bir olay getirir.	Колода з 37 карт замінює кубики. Кожне число випадає так часто, як має, а деякі карти викликають подію.	37장의 카드 더미가 주사위를 대신합니다. 모든 숫자가 알맞은 빈도로 나오고, 일부 카드는 사건을 일으킵니다.	37枚のカードの山がサイコロの代わりになります。どの数字も確率どおりに出て、一部のカードはイベントを起こします。	37张牌组代替骰子。每个数字出现的频率都恰到好处，部分牌还会触发事件。
Nomads send wagons out from the waterhole. After you build, vote with wool and grain where the next wagon goes. 12 points.	An der Wasserstelle schicken Nomaden Trosswagen aus. Nach dem Bauen stimmt ihr mit Wolle und Getreide ab, wohin der nächste Wagen kommt. 12 Siegpunkte.	Nomader sender vogne ud fra vandhullet. Efter du har bygget, stemmer I med uld og korn om, hvor den næste vogn skal hen. 12 point.	Nomader skickar ut vagnar från vattenhålet. När du har byggt röstar ni med ull och säd om vart nästa vagn ska. 12 poäng.	Nomader sender ut vogner fra vannhullet. Etter at du har bygget, stemmer dere med ull og korn om hvor neste vogn skal. 12 poeng.	Nomaden sturen wagens uit vanaf de waterplaats. Nadat je gebouwd hebt, stemmen jullie met wol en graan waar de volgende wagen heen gaat. 12 punten.	Des nomades envoient des chariots depuis le point d'eau. Après avoir construit, votez avec de la laine et du blé pour décider où va le prochain. 12 points.	Los nómadas envían carretas desde el abrevadero. Tras construir, votáis con lana y cereal adónde va la siguiente. 12 puntos.	I nomadi mandano carri dalla pozza d'acqua. Dopo aver costruito, votate con lana e grano dove andrà il prossimo. 12 punti.	Os nómadas enviam carroças do poço de água. Depois de construíres, votam com lã e cereal para onde vai a próxima. 12 pontos.	Nomadzi wysyłają wozy od wodopoju. Po budowie głosujecie wełną i zbożem, dokąd pojedzie następny. 12 punktów.	Göçebeler su kaynağından araba gönderir. İnşa ettikten sonra yün ve tahılla bir sonraki arabanın nereye gideceğine oy verirsiniz. 12 puan.	Кочівники висилають вози від водопою. Після будівництва голосуйте вовною й зерном, куди піде наступний. 12 очок.	유목민이 물웅덩이에서 마차를 보냅니다. 건설한 뒤 양모와 곡물로 다음 마차가 갈 곳을 투표합니다. 12점.	遊牧民が水場から荷馬車を送り出します。建設後、羊毛と小麦で次の荷馬車の行き先を投票します。12点。	游牧民从水源地派出马车。建造后用羊毛和粮食投票决定下一辆马车去哪里。12分。
Barbarians land on the coast after every settlement or city. Knights from the castle drive them off, and 2 prisoners are worth 1 point. 12 points.	Nach jeder Siedlung und Stadt landen Barbaren an der Küste. Ritter aus der Burg vertreiben sie; je 2 Gefangene zählen 1 Siegpunkt. 12 Siegpunkte.	Efter hver bosættelse og by lander barbarer på kysten. Riddere fra borgen driver dem væk, og 2 fanger er 1 point værd. 12 point.	Efter varje bosättning och stad landar barbarer vid kusten. Riddare från borgen driver bort dem, och 2 fångar är värda 1 poäng. 12 poäng.	Etter hver bosetning og by lander barbarer på kysten. Riddere fra borgen driver dem bort, og 2 fanger er verdt 1 poeng. 12 poeng.	Na elk dorp en elke stad landen barbaren aan de kust. Ridders uit het kasteel verdrijven ze, en 2 gevangenen zijn 1 punt waard. 12 punten.	Après chaque colonie ou ville, des barbares débarquent sur la côte. Les chevaliers du château les repoussent, et 2 prisonniers valent 1 point. 12 points.	Tras cada poblado o ciudad desembarcan bárbaros en la costa. Los caballeros del castillo los expulsan y 2 prisioneros valen 1 punto. 12 puntos.	Dopo ogni insediamento o città, dei barbari sbarcano sulla costa. I cavalieri del castello li scacciano e 2 prigionieri valgono 1 punto. 12 punti.	Depois de cada aldeia ou cidade, desembarcam bárbaros na costa. Os cavaleiros do castelo expulsam-nos e 2 prisioneiros valem 1 ponto. 12 pontos.	Po każdej osadzie i mieście barbarzyńcy lądują na wybrzeżu. Rycerze z zamku ich przeganiają, a 2 jeńców to 1 punkt. 12 punktów.	Her köy ve şehirden sonra barbarlar kıyıya çıkar. Kaleden çıkan şövalyeler onları kovar, 2 esir 1 puan değerindedir. 12 puan.	Після кожного поселення чи міста варвари висаджуються на узбережжі. Лицарі із замку їх проганяють, а 2 бранці — це 1 очко. 12 очок.	정착지나 도시를 지을 때마다 야만인이 해안에 상륙합니다. 성의 기사들이 그들을 몰아내며, 포로 2명은 1점입니다. 12점.	開拓地や都市を建てるたびに蛮族が海岸に上陸します。城の騎士が追い払い、捕虜2人で1点です。12点。	每次建造村庄或城市后，野蛮人都会在海岸登陆。城堡的骑士把他们赶走，每2名俘虏价值1分。12分。
Haul glass, marble, sand and tools with your wagon for points and gold. 13 points.	Bringt mit eurem Trosswagen Glas, Marmor, Sand und Werkzeuge zu den Zielfeldern – für Siegpunkte und Gold. 13 Siegpunkte.	Kør glas, marmor, sand og værktøj med din vogn for point og guld. 13 point.	Kör glas, marmor, sand och verktyg med din vagn för poäng och guld. 13 poäng.	Kjør glass, marmor, sand og verktøy med vogna di for poeng og gull. 13 poeng.	Vervoer glas, marmer, zand en gereedschap met je wagen voor punten en goud. 13 punten.	Transportez verre, marbre, sable et outils avec votre chariot pour des points et de l'or. 13 points.	Transporta vidrio, mármol, arena y herramientas con tu carreta por puntos y oro. 13 puntos.	Trasporta vetro, marmo, sabbia e attrezzi con il tuo carro per punti e oro. 13 punti.	Transporta vidro, mármore, areia e ferramentas com a tua carroça por pontos e ouro. 13 pontos.	Wieź wozem szkło, marmur, piasek i narzędzia za punkty i złoto. 13 punktów.	Arabanızla cam, mermer, kum ve aletleri taşıyarak puan ve altın kazanın. 13 puan.	Возьте возом скло, мармур, пісок та інструменти за очки й золото. 13 очок.	마차로 유리, 대리석, 모래, 도구를 날라 점수와 금을 얻으세요. 13점.	荷馬車でガラス・大理石・砂・道具を運んで、点数と金を稼ぎます。13点。	用马车运送玻璃、大理石、沙子和工具，赢取分数和金币。13分。
The friendly robber spares players with 2 points or fewer. Harbors of Broch reward settlements at harbors with a plaque worth 2 points.	Der freundliche Räuber verschont Personen mit höchstens 2 Siegpunkten. Die Häfen von Broch belohnen Siedlungen an Häfen mit einer Sondersiegpunkttafel (2 Siegpunkte).	Den venlige røver skåner spillere med 2 point eller færre. Havnene på Broch belønner bosættelser ved havne med en plade, der er 2 point værd.	Den vänliga rövaren skonar spelare med 2 poäng eller färre. Hamnarna på Broch belönar bosättningar vid hamnar med en plakett värd 2 poäng.	Den vennlige røveren skåner spillere med 2 poeng eller færre. Havnene på Broch belønner bosetninger ved havner med en plakett verdt 2 poeng.	De vriendelijke rover spaart spelers met 2 punten of minder. De havens van Broch belonen dorpen bij havens met een plaatje van 2 punten.	Le voleur amical épargne les joueurs ayant 2 points ou moins. Les ports de Broch récompensent les colonies sur les ports avec une plaque de 2 points.	El ladrón amistoso respeta a quien tiene 2 puntos o menos. Los puertos de Broch premian los poblados en puertos con una placa de 2 puntos.	Il brigante amichevole risparmia chi ha 2 punti o meno. I porti di Broch premiano gli insediamenti sui porti con una tessera da 2 punti.	O ladrão amigável poupa quem tem 2 pontos ou menos. Os portos de Broch recompensam aldeias em portos com uma placa de 2 pontos.	Przyjazny rozbójnik oszczędza graczy z co najwyżej 2 punktami. Porty Broch nagradzają osady przy portach tabliczką wartą 2 punkty.	Dost haydut 2 puan veya daha azı olanlara dokunmaz. Broch Limanları, limandaki köyleri 2 puanlık bir plakayla ödüllendirir.	Привітний розбійник щадить гравців із 2 очками чи менше. Гавані Broch винагороджують поселення біля гаваней табличкою за 2 очки.	친절한 도둑은 2점 이하인 플레이어를 봐줍니다. Broch의 항구는 항구의 정착지에 2점짜리 판으로 보상합니다.	やさしい盗賊は2点以下のプレイヤーを見逃します。Brochの港は、港の開拓地に2点のプレートで報います。	友善强盗放过2分或更少的玩家。Broch 港口用价值2分的牌奖励港口处的村庄。
No order yet	Noch kein Auftrag	Endnu ingen ordre	Ingen order än	Ingen ordre ennå	Nog geen opdracht	Pas encore de commande	Aún sin encargo	Ancora nessun ordine	Ainda sem encomenda	Jeszcze brak zlecenia	Henüz sipariş yok	Ще немає замовлення	아직 주문 없음	まだ注文なし	暂无订单
Earthquake! Pick one of your roads.	Erdbeben! Wähle eine deiner Straßen.	Jordskælv! Vælg en af dine veje.	Jordbävning! Välj en av dina vägar.	Jordskjelv! Velg en av veiene dine.	Aardbeving! Kies een van je straten.	Tremblement de terre ! Choisissez une de vos routes.	¡Terremoto! Elige una de tus carreteras.	Terremoto! Scegli una delle tue strade.	Terramoto! Escolhe uma das tuas estradas.	Trzęsienie ziemi! Wybierz jedną ze swoich dróg.	Deprem! Yollarından birini seç.	Землетрус! Оберіть одну зі своїх доріг.	지진! 도로 하나를 고르세요.	地震！自分の道路を1本選んでください。	地震！选择你的一条道路。
Tap a road to turn it sideways. Repair it with 1 lumber and 1 brick before you build new roads.	Tippe auf eine Straße, um sie querzustellen. Repariere sie mit 1 Holz und 1 Lehm, bevor du neue Straßen baust.	Tryk på en vej for at vende den på tværs. Reparér den med 1 træ og 1 mursten, før du bygger nye veje.	Tryck på en väg för att vända den på tvären. Reparera den med 1 trä och 1 tegel innan du bygger nya vägar.	Trykk på en vei for å snu den på tvers. Reparer den med 1 tre og 1 murstein før du bygger nye veier.	Tik op een straat om hem dwars te leggen. Repareer hem met 1 hout en 1 baksteen voordat je nieuwe straten bouwt.	Touchez une route pour la coucher. Réparez-la avec 1 bois et 1 argile avant de construire de nouvelles routes.	Toca una carretera para ponerla de lado. Repárala con 1 madera y 1 arcilla antes de construir carreteras nuevas.	Tocca una strada per metterla di traverso. Riparala con 1 legno e 1 argilla prima di costruire nuove strade.	Toca numa estrada para a pôr de lado. Repara-a com 1 madeira e 1 argila antes de construíres novas estradas.	Dotknij drogi, aby położyć ją bokiem. Napraw ją za 1 drewno i 1 glinę, zanim zbudujesz nowe drogi.	Bir yolu yan çevirmek için dokun. Yeni yol yapmadan önce 1 odun ve 1 kille onar.	Торкніться дороги, щоб покласти її впоперек. Відремонтуйте її за 1 деревину та 1 глину, перш ніж будувати нові дороги.	도로를 눌러 눕히세요. 새 도로를 짓기 전에 목재 1, 점토 1로 수리해야 합니다.	道路をタップして横に倒します。新しい道路を作る前に木材1・レンガ1で修理してください。	点击一条道路将其横放。建新路之前需用木材1、砖块1修好。
Take {n} from the bank.	Nimm {n} aus dem Vorrat.	Tag {n} fra banken.	Ta {n} från banken.	Ta {n} fra banken.	Pak {n} van de bank.	Prenez {n} à la banque.	Toma {n} del banco.	Prendi {n} dalla banca.	Pega {n} do banco.	Weź {n} z banku.	Bankadan {n} al.	Візьміть {n} з банку.	은행에서 {n}개를 가져가세요.	銀行から{n}枚取ります。	从银行拿取{n}张。
Choose any resource the bank has.	Wähle einen beliebigen Rohstoff, den der Vorrat hat.	Vælg et vilkårligt råstof, banken har.	Välj en valfri råvara som banken har.	Velg en valgfri råvare banken har.	Kies een grondstof die de bank heeft.	Choisissez une ressource que la banque possède.	Elige cualquier recurso que tenga el banco.	Scegli una qualsiasi risorsa che la banca ha.	Escolhe um recurso que o banco tenha.	Wybierz dowolny surowiec, który ma bank.	Bankada bulunan herhangi bir hammaddeyi seç.	Оберіть будь-який ресурс, що є в банку.	은행에 있는 자원 중 아무거나 고르세요.	銀行にある好きな資源を選びます。	选择银行里有的任意资源。
Neighborly help: give a card.	Nachbarschaftshilfe: schenke eine Karte.	Naboskabshjælp: giv et kort.	Grannhjälp: ge ett kort.	Naboskapshjelp: gi et kort.	Burenhulp: geef een kaart.	Entraide : donnez une carte.	Ayuda vecinal: da una carta.	Aiuto tra vicini: dai una carta.	Ajuda entre vizinhos: dá uma carta.	Pomoc sąsiedzka: podaruj kartę.	Komşu yardımı: bir kart ver.	Допомога сусідів: подаруйте карту.	이웃의 도움: 카드 한 장을 주세요.	ご近所の助け合い：カードを1枚贈ります。	邻里互助：送出一张牌。
You lead: give 1 card to a player with fewer points.	Du führst: Schenke einer Person mit weniger Siegpunkten 1 Handkarte.	Du fører: giv 1 kort til en spiller med færre point.	Du leder: ge 1 kort till en spelare med färre poäng.	Du leder: gi 1 kort til en spiller med færre poeng.	Jij staat voorop: geef 1 kaart aan een speler met minder punten.	Vous menez : donnez 1 carte à un joueur ayant moins de points.	Vas en cabeza: da 1 carta a un jugador con menos puntos.	Sei in testa: dai 1 carta a un giocatore con meno punti.	Estás na frente: dá 1 carta a um jogador com menos pontos.	Prowadzisz: podaruj 1 kartę graczowi z mniejszą liczbą punktów.	Öndesin: daha az puanı olan bir oyuncuya 1 kart ver.	Ви лідируєте: подаруйте 1 карту гравцеві з меншою кількістю очок.	당신이 선두입니다. 점수가 더 낮은 플레이어에게 카드 1장을 주세요.	あなたがトップです。点数の低い人にカードを1枚贈ります。	你领先：送给分数较少的玩家1张牌。
Your hand of fish tokens is full.	Du hast schon 7 Fischplättchen.	Din hånd med fiskebrikker er fuld.	Din hand med fiskbrickor är full.	Hånden din med fiskebrikker er full.	Je hand met vistegels is vol.	Votre main de jetons poisson est pleine.	Tu mano de fichas de pescado está llena.	La tua mano di tessere pesce è piena.	A tua mão de fichas de peixe está cheia.	Twoja ręka żetonów ryb jest pełna.	Balık jetonu elin dolu.	Ваші жетони риби заповнені.	물고기 타일이 가득 찼습니다.	魚タイルがいっぱいです。	你的鱼牌已满。
Swap one of your tokens for a new one from the stock, or keep them all.	Tausche eines deiner Plättchen gegen ein anderes aus dem Vorrat oder behalte alle.	Byt en af dine brikker med en ny fra bunken, eller behold dem alle.	Byt en av dina brickor mot en ny från högen, eller behåll alla.	Bytt en av brikkene dine mot en ny fra bunken, eller behold alle.	Ruil een van je tegels voor een nieuwe uit de voorraad, of houd ze allemaal.	Échangez un de vos jetons contre un nouveau de la réserve, ou gardez-les tous.	Cambia una de tus fichas por una nueva de la reserva, o quédate con todas.	Scambia una delle tue tessere con una nuova dalla riserva, o tienile tutte.	Troca uma das tuas fichas por uma nova da reserva, ou fica com todas.	Wymień jeden ze swoich żetonów na nowy ze stosu lub zachowaj wszystkie.	Jetonlarından birini destedeki yenisiyle değiştir ya da hepsini sakla.	Обміняйте один зі своїх жетонів на новий із запасу або залиште всі.	타일 하나를 더미의 새 타일과 바꾸거나 전부 유지하세요.	タイルを1枚、山札の新しいものと交換するか、全部持ち続けます。	可用一块牌换取储备中的新牌，或全部保留。
A caravan wagon is set out.	Ein Trosswagen wird eingesetzt.	En karavanevogn sættes ud.	En karavanvagn sätts ut.	En karavanevogn settes ut.	Er wordt een karavaanwagen uitgezet.	Un chariot de caravane est mis en route.	Se pone en marcha una carreta de la caravana.	Viene messo in strada un carro della carovana.	É posta em marcha uma carroça da caravana.	Wyruszył wóz karawany.	Bir kervan arabası yola çıkıyor.	Виставляється віз каравана.	대상 행렬의 마차가 출발합니다.	キャラバンの荷馬車が送り出されます。	一辆商队马车出发。
Lay out wool and grain as votes. Every card is 1 vote and goes back to the bank.	Legt Wolle- und Getreidekarten als Stimmen aus. Jede Karte ist 1 Stimme und geht zurück in den Vorrat.	Læg uld og korn ud som stemmer. Hvert kort er 1 stemme og går tilbage til banken.	Lägg ut ull och säd som röster. Varje kort är 1 röst och går tillbaka till banken.	Legg ut ull og korn som stemmer. Hvert kort er 1 stemme og går tilbake til banken.	Leg wol en graan uit als stemmen. Elke kaart is 1 stem en gaat terug naar de bank.	Posez de la laine et du blé comme votes. Chaque carte vaut 1 vote et retourne à la banque.	Pon lana y cereal como votos. Cada carta es 1 voto y vuelve al banco.	Metti lana e grano come voti. Ogni carta è 1 voto e torna alla banca.	Põe lã e cereal como votos. Cada carta é 1 voto e volta ao banco.	Wyłóż wełnę i zboże jako głosy. Każda karta to 1 głos i wraca do banku.	Yün ve tahılı oy olarak koy. Her kart 1 oydur ve bankaya geri döner.	Викладіть вовну й зерно як голоси. Кожна карта — 1 голос і повертається в банк.	양모와 곡물을 투표로 내세요. 카드 한 장이 1표이며 은행으로 돌아갑니다.	羊毛と小麦を票として出します。1枚が1票で、銀行に戻ります。	打出羊毛和粮食作为选票。每张牌1票，之后回到银行。
Vote	Abstimmen	Stem	Rösta	Stem	Stem	Voter	Votar	Vota	Votar	Głosuj	Oy ver	Голосувати	투표	投票	投票
Vote: where does the wagon go? You have {n} votes.	Abstimmung: Wohin kommt der Wagen? Du hast {n} Stimmen.	Afstemning: hvor skal vognen hen? Du har {n} stemmer.	Omröstning: vart ska vagnen? Du har {n} röster.	Avstemning: hvor skal vogna? Du har {n} stemmer.	Stemming: waar gaat de wagen heen? Je hebt {n} stemmen.	Vote : où va le chariot ? Vous avez {n} votes.	Votación: ¿adónde va la carreta? Tienes {n} votos.	Votazione: dove va il carro? Hai {n} voti.	Votação: para onde vai a carroça? Tens {n} votos.	Głosowanie: dokąd pojedzie wóz? Masz {n} głosów.	Oylama: araba nereye gitsin? {n} oyun var.	Голосування: куди піде віз? У вас {n} голосів.	투표: 마차는 어디로 갈까요? {n}표가 있습니다.	投票：荷馬車はどこへ？あなたは{n}票持っています。	投票：马车去哪里？你有{n}票。
Tap a glowing path. All your votes go to one place.	Tippe auf einen leuchtenden Weg. Alle deine Stimmen gehen an eine Position.	Tryk på en lysende sti. Alle dine stemmer går til ét sted.	Tryck på en lysande stig. Alla dina röster går till en plats.	Trykk på en lysende sti. Alle stemmene dine går til ett sted.	Tik op een oplichtend pad. Al je stemmen gaan naar één plek.	Touchez un chemin lumineux. Tous vos votes vont au même endroit.	Toca un camino brillante. Todos tus votos van a un solo lugar.	Tocca un sentiero luminoso. Tutti i tuoi voti vanno a un solo posto.	Toca num trilho brilhante. Todos os teus votos vão para um só sítio.	Dotknij świecącej ścieżki. Wszystkie twoje głosy idą w jedno miejsce.	Parlayan bir patikaya dokun. Tüm oylarının hepsi tek yere gider.	Торкніться підсвіченої стежки. Усі ваші голоси йдуть в одне місце.	빛나는 오솔길을 누르세요. 모든 표는 한 곳에 줍니다.	光る小道をタップします。票はすべて1か所に入れます。	点击发光的小路。你的所有选票投给同一处。
You decide where the wagon goes.	Du bestimmst, wohin der Wagen kommt.	Du bestemmer, hvor vognen skal hen.	Du bestämmer vart vagnen ska.	Du bestemmer hvor vogna skal.	Jij bepaalt waar de wagen heen gaat.	Vous décidez où va le chariot.	Tú decides adónde va la carreta.	Decidi tu dove va il carro.	Tu decides para onde vai a carroça.	Ty decydujesz, dokąd pojedzie wóz.	Arabanın nereye gideceğine sen karar verirsin.	Ви вирішуєте, куди піде віз.	마차가 갈 곳은 당신이 정합니다.	荷馬車の行き先はあなたが決めます。	由你决定马车去哪里。
Tap a glowing path.	Tippe auf einen leuchtenden Weg.	Tryk på en lysende sti.	Tryck på en lysande stig.	Trykk på en lysende sti.	Tik op een oplichtend pad.	Touchez un chemin lumineux.	Toca un camino brillante.	Tocca un sentiero luminoso.	Toca num trilho brilhante.	Dotknij świecącej ścieżki.	Parlayan bir patikaya dokun.	Торкніться підсвіченої стежки.	빛나는 오솔길을 누르세요.	光る小道をタップします。	点击发光的小路。
Set your knight on a free path.	Setze deinen Ritter auf einen freien Weg.	Sæt din ridder på en fri sti.	Placera din riddare på en ledig stig.	Sett ridderen din på en ledig sti.	Zet je ridder op een vrij pad.	Placez votre chevalier sur un chemin libre.	Coloca tu caballero en un camino libre.	Metti il tuo cavaliere su un sentiero libero.	Coloca o teu cavaleiro num trilho livre.	Postaw swojego rycerza na wolnej ścieżce.	Şövalyeni boş bir patikaya yerleştir.	Поставте свого лицаря на вільну стежку.	기사를 빈 오솔길에 세우세요.	騎士を空いている小道に置きます。	把你的骑士放在一条空着的小路上。
Treason! Move two barbarians.	Verrat! Versetze zwei Barbaren.	Forræderi! Flyt to barbarer.	Förräderi! Flytta två barbarer.	Forræderi! Flytt to barbarer.	Verraad! Verplaats twee barbaren.	Trahison ! Déplacez deux barbares.	¡Traición! Mueve dos bárbaros.	Tradimento! Sposta due barbari.	Traição! Move dois bárbaros.	Zdrada! Przesuń dwóch barbarzyńców.	İhanet! İki barbarı taşı.	Зрада! Перемістіть двох варварів.	배신! 야만인 둘을 옮기세요.	裏切り！蛮族を2体動かします。	背叛！移动两个野蛮人。
Tap two tiles with barbarians, then two other tiles to send them to.	Tippe auf zwei Felder mit Barbaren und danach auf zwei andere Felder, auf die sie kommen.	Tryk på to felter med barbarer og derefter på to andre felter, de skal sendes til.	Tryck på två brickor med barbarer och sedan på två andra brickor dit de ska skickas.	Trykk på to felt med barbarer og deretter på to andre felt de skal sendes til.	Tik op twee velden met barbaren en daarna op twee andere velden waar ze heen gaan.	Touchez deux terrains avec des barbares, puis deux autres où les envoyer.	Toca dos casillas con bárbaros y después otras dos adonde enviarlos.	Tocca due caselle con barbari e poi altre due dove mandarli.	Toca em dois campos com bárbaros e depois em outros dois para onde os enviar.	Dotknij dwóch pól z barbarzyńcami, a potem dwóch innych, na które ich wyślesz.	Barbar olan iki araziye, sonra onları göndereceğin iki başka araziye dokun.	Торкніться двох полів із варварами, потім двох інших, куди їх надіслати.	야만인이 있는 땅 두 곳을 누른 뒤, 그들을 보낼 다른 땅 두 곳을 누르세요.	蛮族のいる土地を2つ、続けて送り先の別の土地を2つタップします。	点击两块有野蛮人的地块，再点击两块要送去的其他地块。
Take a prisoner.	Mache einen Gefangenen.	Tag en fange.	Ta en fånge.	Ta en fange.	Maak een gevangene.	Faites un prisonnier.	Haz un prisionero.	Fai un prigioniero.	Faz um prisioneiro.	Weź jeńca.	Bir esir al.	Візьміть бранця.	포로를 잡으세요.	捕虜を取ります。	俘虏一人。
Tap a tile with a barbarian.	Tippe auf ein Feld mit einem Barbaren.	Tryk på et felt med en barbar.	Tryck på en bricka med en barbar.	Trykk på et felt med en barbar.	Tik op een veld met een barbaar.	Touchez un terrain avec un barbare.	Toca una casilla con un bárbaro.	Tocca una casella con un barbaro.	Toca num campo com um bárbaro.	Dotknij pola z barbarzyńcą.	Barbar olan bir araziye dokun.	Торкніться поля з варваром.	야만인이 있는 땅을 누르세요.	蛮族のいる土地をタップします。	点击有野蛮人的地块。
Move your knights.	Bewege deine Ritter.	Flyt dine riddere.	Flytta dina riddare.	Flytt ridderne dine.	Verplaats je ridders.	Déplacez vos chevaliers.	Mueve tus caballeros.	Muovi i tuoi cavalieri.	Move os teus cavaleiros.	Przesuń swoich rycerzy.	Şövalyelerini hareket ettir.	Перемістіть своїх лицарів.	기사들을 움직이세요.	騎士を動かします。	移动你的骑士。
Tap a knight, then its new path: up to 3 paths, or 5 for 1 grain. Knights must leave the castle.	Tippe auf einen Ritter und dann auf seinen neuen Weg: bis zu 3 Wege weit, für 1 Getreide bis zu 5. Ritter müssen die Burg verlassen.	Tryk på en ridder og derefter på hans nye sti: op til 3 stier, eller 5 for 1 korn. Riddere skal forlade borgen.	Tryck på en riddare och sedan på hans nya stig: upp till 3 stigar, eller 5 för 1 säd. Riddare måste lämna borgen.	Trykk på en ridder og deretter på hans nye sti: opptil 3 stier, eller 5 for 1 korn. Riddere må forlate borgen.	Tik op een ridder en dan op zijn nieuwe pad: tot 3 paden ver, of 5 voor 1 graan. Ridders moeten het kasteel verlaten.	Touchez un chevalier puis son nouveau chemin : jusqu'à 3 chemins, ou 5 pour 1 blé. Les chevaliers doivent quitter le château.	Toca un caballero y luego su nuevo camino: hasta 3 caminos, o 5 por 1 cereal. Los caballeros deben salir del castillo.	Tocca un cavaliere e poi il suo nuovo sentiero: fino a 3 sentieri, o 5 con 1 grano. I cavalieri devono lasciare il castello.	Toca num cavaleiro e depois no novo trilho: até 3 trilhos, ou 5 por 1 cereal. Os cavaleiros têm de sair do castelo.	Dotknij rycerza, potem jego nowej ścieżki: do 3 ścieżek, a za 1 zboże do 5. Rycerze muszą opuścić zamek.	Bir şövalyeye, sonra yeni patikasına dokun: en çok 3 patika, 1 tahılla 5. Şövalyeler kaleyi terk etmeli.	Торкніться лицаря, потім його нової стежки: до 3 стежок, а за 1 зерно до 5. Лицарі мусять залишити замок.	기사를 누른 뒤 새 오솔길을 누르세요. 최대 3칸, 곡물 1개로 5칸. 기사는 성을 떠나야 합니다.	騎士をタップし、新しい小道をタップします。最大3マス、小麦1つで5マス。騎士は城から出なければなりません。	点击一名骑士，再点击新的小路：最多3步，花1粮食可走5步。骑士必须离开城堡。
Move a barbarian.	Versetze einen Barbaren.	Flyt en barbar.	Flytta en barbar.	Flytt en barbar.	Verplaats een barbaar.	Déplacez un barbare.	Mueve un bárbaro.	Sposta un barbaro.	Move um bárbaro.	Przesuń barbarzyńcę.	Bir barbarı taşı.	Перемістіть варвара.	야만인을 옮기세요.	蛮族を動かします。	移动一个野蛮人。
Tap a barbarian, then a path or road. On a road you draw a card from its owner.	Tippe auf einen Barbaren und dann auf einen Weg oder eine Straße. Auf einer Straße ziehst du eine Karte von deren Besitzer.	Tryk på en barbar og derefter på en sti eller vej. På en vej trækker du et kort fra ejeren.	Tryck på en barbar och sedan på en stig eller väg. På en väg drar du ett kort från ägaren.	Trykk på en barbar og deretter på en sti eller vei. På en vei trekker du et kort fra eieren.	Tik op een barbaar en dan op een pad of straat. Op een straat trek je een kaart van de eigenaar.	Touchez un barbare puis un chemin ou une route. Sur une route, piochez une carte chez son propriétaire.	Toca un bárbaro y luego un camino o carretera. En una carretera, robas una carta a su dueño.	Tocca un barbaro e poi un sentiero o una strada. Su una strada pesca una carta dal proprietario.	Toca num bárbaro e depois num trilho ou estrada. Numa estrada, tiras uma carta ao dono.	Dotknij barbarzyńcy, potem ścieżki lub drogi. Na drodze dobierasz kartę od jej właściciela.	Bir barbara, sonra bir patikaya veya yola dokun. Yola koyarsan sahibinden bir kart çekersin.	Торкніться варвара, потім стежки чи дороги. На дорозі ви берете карту в її власника.	야만인을 누른 뒤 오솔길이나 도로를 누르세요. 도로라면 주인에게서 카드를 뽑습니다.	蛮族をタップし、小道か道路をタップします。道路なら持ち主からカードを引きます。	点击一个野蛮人，再点击小路或道路。放在道路上时，从其主人那里抽一张牌。
The barbarian is driven away. Place him somewhere else.	Der Barbar ist vertrieben. Setze ihn an anderer Stelle wieder ein.	Barbaren er drevet væk. Sæt ham et andet sted.	Barbaren är bortdriven. Placera honom någon annanstans.	Barbaren er drevet bort. Sett ham et annet sted.	De barbaar is verdreven. Zet hem ergens anders neer.	Le barbare est chassé. Replacez-le ailleurs.	El bárbaro ha sido expulsado. Colócalo en otro sitio.	Il barbaro è stato scacciato. Mettilo altrove.	O bárbaro foi expulso. Coloca-o noutro sítio.	Barbarzyńca przegnany. Postaw go w innym miejscu.	Barbar kovuldu. Onu başka bir yere koy.	Варвара прогнано. Поставте його деінде.	야만인을 몰아냈습니다. 다른 곳에 놓으세요.	蛮族を追い払いました。別の場所に置いてください。	野蛮人被赶走了。把他放到别处。
Tap a glowing path or road.	Tippe auf einen leuchtenden Weg oder eine Straße.	Tryk på en lysende sti eller vej.	Tryck på en lysande stig eller väg.	Trykk på en lysende sti eller vei.	Tik op een oplichtend pad of een straat.	Touchez un chemin ou une route lumineux.	Toca un camino o carretera brillante.	Tocca un sentiero o una strada luminosi.	Toca num trilho ou estrada brilhante.	Dotknij świecącej ścieżki lub drogi.	Parlayan bir patikaya veya yola dokun.	Торкніться підсвіченої стежки чи дороги.	빛나는 오솔길이나 도로를 누르세요.	光る小道か道路をタップします。	点击发光的小路或道路。
Drive the barbarian away	Barbaren vertreiben	Driv barbaren væk	Driv bort barbaren	Driv barbaren bort	Verdrijf de barbaar	Chasser le barbare	Expulsar al bárbaro	Scaccia il barbaro	Expulsar o bárbaro	Przegoń barbarzyńcę	Barbarı kov	Прогнати варвара	야만인 몰아내기	蛮族を追い払う	驱赶野蛮人
Feed the oxen (1 grain)	Ochsen füttern (1 Getreide)	Fodr oksene (1 korn)	Mata oxarna (1 säd)	Gi oksene mat (1 korn)	Voer de ossen (1 graan)	Nourrir les bœufs (1 blé)	Alimentar a los bueyes (1 cereal)	Dai da mangiare ai buoi (1 grano)	Alimentar os bois (1 cereal)	Nakarm woły (1 zboże)	Öküzleri besle (1 tahıl)	Нагодувати волів (1 зерно)	소에게 먹이 주기 (곡물 1)	牛にえさをやる（小麦1）	喂牛(1粮食)
Good journey	Gute Reise	God rejse	God resa	God reise	Goede reis	Bon voyage	Buen viaje	Buon viaggio	Boa viagem	Dobra podróż	İyi yolculuk	Щасливої дороги	즐거운 여행	良い旅	一路顺风
Move your wagon: {n} movement points left.	Bewege deinen Trosswagen: noch {n} Bewegungspunkte.	Flyt din vogn: {n} bevægelsespoint tilbage.	Flytta din vagn: {n} rörelsepoäng kvar.	Flytt vogna di: {n} bevegelsespoeng igjen.	Verplaats je wagen: nog {n} bewegingspunten.	Déplacez votre chariot : {n} points de mouvement restants.	Mueve tu carreta: te quedan {n} puntos de movimiento.	Muovi il tuo carro: restano {n} punti movimento.	Move a tua carroça: restam {n} pontos de movimento.	Przesuń swój wóz: zostało {n} punktów ruchu.	Arabanı hareket ettir: {n} hareket puanı kaldı.	Рухайте віз: залишилось {n} очок руху.	마차를 움직이세요: 이동 점수 {n} 남음.	荷馬車を動かします：残り移動ポイント{n}。	移动你的马车：还剩{n}点移动点数。
Path 2 points, your road 1, another road 1 and 1 gold to its owner, a barbarian 2 more. Tap a glowing corner.	Weg 2 Punkte, eigene Straße 1, fremde Straße 1 und 1 Gold an die Besitzerin bzw. den Besitzer, ein Barbar 2 mehr. Tippe auf eine leuchtende Kreuzung.	Sti 2 point, egen vej 1, andens vej 1 og 1 guld til ejeren, en barbar 2 ekstra. Tryk på et lysende kryds.	Stig 2 poäng, egen väg 1, annans väg 1 och 1 guld till ägaren, en barbar 2 extra. Tryck på en lysande korsning.	Sti 2 poeng, egen vei 1, andres vei 1 og 1 gull til eieren, en barbar 2 ekstra. Trykk på et lysende kryss.	Pad 2 punten, eigen straat 1, andermans straat 1 en 1 goud aan de eigenaar, een barbaar 2 extra. Tik op een oplichtende kruising.	Chemin 2 points, votre route 1, route d'un autre 1 et 1 or à son propriétaire, un barbare 2 de plus. Touchez une intersection lumineuse.	Camino 2 puntos, tu carretera 1, carretera ajena 1 y 1 de oro a su dueño, un bárbaro 2 más. Toca una intersección brillante.	Sentiero 2 punti, tua strada 1, strada altrui 1 e 1 oro al proprietario, un barbaro 2 in più. Tocca un incrocio luminoso.	Trilho 2 pontos, estrada tua 1, estrada alheia 1 e 1 de ouro ao dono, um bárbaro 2 a mais. Toca num cruzamento brilhante.	Ścieżka 2 punkty, własna droga 1, cudza droga 1 i 1 złoto dla właściciela, barbarzyńca 2 więcej. Dotknij świecącego skrzyżowania.	Patika 2 puan, kendi yolun 1, başkasının yolu 1 ve sahibine 1 altın, bir barbar 2 fazla. Parlayan bir kavşağa dokun.	Стежка 2 очки, своя дорога 1, чужа дорога 1 і 1 золото власникові, варвар ще 2. Торкніться підсвіченого перехрестя.	오솔길 2점, 내 도로 1점, 남의 도로 1점과 주인에게 금 1개, 야만인은 2점 추가. 빛나는 교차로를 누르세요.	小道は2ポイント、自分の道路は1、他人の道路は1と持ち主に金1枚、蛮族はさらに2。光る交差点をタップします。	小路2点，自己的道路1点，他人的道路1点并付给主人1金币，野蛮人再加2点。点击发光的路口。
Take from the bank	Aus dem Vorrat nehmen	Tag fra banken	Ta från banken	Ta fra banken	Pak van de bank	Prendre à la banque	Tomar del banco	Prendi dalla banca	Pegar do banco	Weź z banku	Bankadan al	Взяти з банку	은행에서 가져가기	銀行から取る	从银行拿取
Neighborly help	Nachbarschaftshilfe	Naboskabshjælp	Grannhjälp	Naboskapshjelp	Burenhulp	Entraide	Ayuda vecinal	Aiuto tra vicini	Ajuda entre vizinhos	Pomoc sąsiedzka	Komşu yardımı	Допомога сусідів	이웃의 도움	ご近所の助け合い	邻里互助
Who gets your card?	Wer bekommt deine Karte?	Hvem får dit kort?	Vem får ditt kort?	Hvem får kortet ditt?	Wie krijgt je kaart?	Qui reçoit votre carte ?	¿Quién recibe tu carta?	Chi riceve la tua carta?	Quem recebe a tua carta?	Kto dostanie twoją kartę?	Kartını kim alacak?	Хто отримає вашу карту?	누구에게 카드를 줄까요?	誰にカードを贈りますか？	谁得到你的牌？
Which card?	Welche Karte?	Hvilket kort?	Vilket kort?	Hvilket kort?	Welke kaart?	Quelle carte ?	¿Qué carta?	Quale carta?	Que carta?	Którą kartę?	Hangi kart?	Яку карту?	어떤 카드?	どのカード？	哪张牌？
Swap a fish token	Fischplättchen tauschen	Byt en fiskebrik	Byt en fiskbricka	Bytt en fiskebrikke	Ruil een vistegel	Échanger un jeton poisson	Cambiar una ficha de pescado	Scambia una tessera pesce	Trocar uma ficha de peixe	Wymień żeton ryb	Bir balık jetonunu değiştir	Обміняти жетон риби	물고기 타일 교환	魚タイルを交換	更换鱼牌
You hold 7 tokens. Give one back and draw a new one, or keep them.	Du besitzt 7 Plättchen. Gib eines zurück und ziehe ein neues oder behalte alle.	Du har 7 brikker. Aflevér en og træk en ny, eller behold dem.	Du har 7 brickor. Lämna tillbaka en och dra en ny, eller behåll dem.	Du har 7 brikker. Lever tilbake en og trekk en ny, eller behold dem.	Je hebt 7 tegels. Geef er een terug en trek een nieuwe, of houd ze.	Vous avez 7 jetons. Rendez-en un et piochez-en un nouveau, ou gardez-les.	Tienes 7 fichas. Devuelve una y roba una nueva, o quédate con todas.	Hai 7 tessere. Restituiscine una e pescane una nuova, o tienile.	Tens 7 fichas. Devolve uma e tira uma nova, ou fica com todas.	Masz 7 żetonów. Oddaj jeden i dobierz nowy albo zachowaj wszystkie.	7 jetonun var. Birini geri ver ve yenisini çek ya da hepsini sakla.	У вас 7 жетонів. Поверніть один і візьміть новий або залиште всі.	타일이 7개 있습니다. 하나를 돌려주고 새로 뽑거나 그대로 두세요.	タイルを7枚持っています。1枚返して新しく引くか、そのまま持ちます。	你有7块牌。可退回一块并抽新的，或全部保留。
Return this token	Dieses Plättchen zurückgeben	Aflevér denne brik	Lämna tillbaka den här brickan	Lever tilbake denne brikken	Geef deze tegel terug	Rendre ce jeton	Devolver esta ficha	Restituisci questa tessera	Devolver esta ficha	Oddaj ten żeton	Bu jetonu geri ver	Повернути цей жетон	이 타일 돌려주기	このタイルを返す	退回这块牌
Keep my tokens	Plättchen behalten	Behold mine brikker	Behåll mina brickor	Behold brikkene mine	Houd mijn tegels	Garder mes jetons	Quedarme mis fichas	Tengo le mie tessere	Ficar com as minhas fichas	Zachowaj moje żetony	Jetonlarımı sakla	Залишити мої жетони	내 타일 유지	タイルを持ち続ける	保留我的牌
Vote for the new wagon	Abstimmung über den neuen Wagen	Stem om den nye vogn	Rösta om den nya vagnen	Stem om den nye vogna	Stem over de nieuwe wagen	Vote pour le nouveau chariot	Votación de la nueva carreta	Votazione per il nuovo carro	Votação para a nova carroça	Głosowanie nad nowym wozem	Yeni araba için oylama	Голосування за новий віз	새 마차 투표	新しい荷馬車への投票	为新马车投票
Every card you lay out is 1 vote. The cards go back to the bank. You may lay out none.	Jede ausgelegte Karte ist 1 Stimme. Die Karten gehen zurück in den Vorrat. Du darfst auch keine auslegen.	Hvert kort, du lægger ud, er 1 stemme. Kortene går tilbage til banken. Du må også lægge ingen ud.	Varje kort du lägger ut är 1 röst. Korten går tillbaka till banken. Du får också lägga ut inga.	Hvert kort du legger ut, er 1 stemme. Kortene går tilbake til banken. Du kan også legge ut ingen.	Elke kaart die je uitlegt is 1 stem. De kaarten gaan terug naar de bank. Je mag ook niets uitleggen.	Chaque carte posée vaut 1 vote. Les cartes retournent à la banque. Vous pouvez n'en poser aucune.	Cada carta que pongas es 1 voto. Las cartas vuelven al banco. Puedes no poner ninguna.	Ogni carta che metti è 1 voto. Le carte tornano alla banca. Puoi anche non metterne nessuna.	Cada carta que puseres é 1 voto. As cartas voltam ao banco. Podes não pôr nenhuma.	Każda wyłożona karta to 1 głos. Karty wracają do banku. Możesz nie wykładać żadnej.	Koyduğun her kart 1 oydur. Kartlar bankaya döner. Hiç kart koymayabilirsin.	Кожна викладена карта — 1 голос. Карти повертаються в банк. Можна не викладати жодної.	내는 카드 한 장이 1표입니다. 카드는 은행으로 돌아갑니다. 아무것도 안 내도 됩니다.	出したカード1枚が1票で、銀行に戻ります。1枚も出さなくても構いません。	打出的每张牌算1票，之后回到银行。也可以一张都不出。
No votes	Keine Stimmen	Ingen stemmer	Inga röster	Ingen stemmer	Geen stemmen	Aucun vote	Sin votos	Nessun voto	Sem votos	Brak głosów	Oy yok	Без голосів	투표 안 함	票なし	不投票
Tap a tile with a barbarian to take him prisoner.	Tippe auf ein Feld mit einem Barbaren, um ihn gefangen zu nehmen.	Tryk på et felt med en barbar for at tage ham til fange.	Tryck på en bricka med en barbar för att ta honom till fånga.	Trykk på et felt med en barbar for å ta ham til fange.	Tik op een veld met een barbaar om hem gevangen te nemen.	Touchez un terrain avec un barbare pour le faire prisonnier.	Toca una casilla con un bárbaro para hacerlo prisionero.	Tocca una casella con un barbaro per farlo prigioniero.	Toca num campo com um bárbaro para o fazeres prisioneiro.	Dotknij pola z barbarzyńcą, aby wziąć go do niewoli.	Esir almak için barbar olan bir araziye dokun.	Торкніться поля з варваром, щоб узяти його в полон.	야만인이 있는 땅을 눌러 포로로 잡으세요.	蛮族のいる土地をタップして捕虜にします。	点击有野蛮人的地块，将其俘虏。
Treason: tap a tile to take a barbarian from ({n}/{m}).	Verrat: Tippe auf ein Feld, von dem ein Barbar entfernt wird ({n}/{m}).	Forræderi: tryk på et felt at tage en barbar fra ({n}/{m}).	Förräderi: tryck på en bricka att ta en barbar från ({n}/{m}).	Forræderi: trykk på et felt å ta en barbar fra ({n}/{m}).	Verraad: tik op een veld om een barbaar weg te halen ({n}/{m}).	Trahison : touchez un terrain où retirer un barbare ({n}/{m}).	Traición: toca la casilla de la que quitar un bárbaro ({n}/{m}).	Tradimento: tocca la casella da cui togliere un barbaro ({n}/{m}).	Traição: toca no campo de onde tirar um bárbaro ({n}/{m}).	Zdrada: dotknij pola, z którego zdejmiesz barbarzyńcę ({n}/{m}).	İhanet: bir barbarı alacağın araziye dokun ({n}/{m}).	Зрада: торкніться поля, з якого забрати варвара ({n}/{m}).	배신: 야만인을 가져올 땅을 누르세요 ({n}/{m}).	裏切り：蛮族を取り除く土地をタップ({n}/{m})。	背叛：点击要拿走野蛮人的地块({n}/{m})。
Treason: tap a tile to send a barbarian to ({n}/2).	Verrat: Tippe auf ein Feld, auf das ein Barbar kommt ({n}/2).	Forræderi: tryk på et felt at sende en barbar til ({n}/2).	Förräderi: tryck på en bricka att skicka en barbar till ({n}/2).	Forræderi: trykk på et felt å sende en barbar til ({n}/2).	Verraad: tik op een veld om een barbaar heen te sturen ({n}/2).	Trahison : touchez un terrain où envoyer un barbare ({n}/2).	Traición: toca la casilla a la que enviar un bárbaro ({n}/2).	Tradimento: tocca la casella dove mandare un barbaro ({n}/2).	Traição: toca no campo para onde enviar um bárbaro ({n}/2).	Zdrada: dotknij pola, na które wyślesz barbarzyńcę ({n}/2).	İhanet: bir barbarı göndereceğin araziye dokun ({n}/2).	Зрада: торкніться поля, куди надіслати варвара ({n}/2).	배신: 야만인을 보낼 땅을 누르세요 ({n}/2).	裏切り：蛮族を送る土地をタップ({n}/2)。	背叛：点击要送去野蛮人的地块({n}/2)。
Tap the barbarian you want to move.	Tippe auf den Barbaren, den du versetzen möchtest.	Tryk på den barbar, du vil flytte.	Tryck på barbaren du vill flytta.	Trykk på barbaren du vil flytte.	Tik op de barbaar die je wilt verplaatsen.	Touchez le barbare que vous voulez déplacer.	Toca el bárbaro que quieres mover.	Tocca il barbaro che vuoi spostare.	Toca no bárbaro que queres mover.	Dotknij barbarzyńcy, którego chcesz przesunąć.	Taşımak istediğin barbara dokun.	Торкніться варвара, якого хочете перемістити.	옮기고 싶은 야만인을 누르세요.	動かしたい蛮族をタップします。	点击你想移动的野蛮人。
Tap the path or road he goes to.	Tippe auf den Weg oder die Straße, auf die er kommt.	Tryk på den sti eller vej, han skal hen til.	Tryck på stigen eller vägen han ska till.	Trykk på stien eller veien han skal til.	Tik op het pad of de straat waar hij heen gaat.	Touchez le chemin ou la route où il va.	Toca el camino o carretera adonde va.	Tocca il sentiero o la strada dove va.	Toca no trilho ou estrada para onde ele vai.	Dotknij ścieżki lub drogi, na którą trafi.	Gideceği patikaya veya yola dokun.	Торкніться стежки чи дороги, куди він піде.	그가 갈 오솔길이나 도로를 누르세요.	行き先の小道か道路をタップします。	点击他要去的小路或道路。
Repair road	Straße reparieren	Reparér vej	Reparera väg	Reparer vei	Straat repareren	Réparer une route	Reparar carretera	Ripara strada	Reparar estrada	Napraw drogę	Yolu onar	Відремонтувати дорогу	도로 수리	道路を修理	修路
1 lumber, 1 brick	1 Holz, 1 Lehm	1 træ, 1 mursten	1 trä, 1 tegel	1 tre, 1 murstein	1 hout, 1 baksteen	1 bois, 1 argile	1 madera, 1 arcilla	1 legno, 1 argilla	1 madeira, 1 argila	1 drewno, 1 glina	1 odun, 1 kil	1 деревина, 1 глина	목재 1, 점토 1	木材1、レンガ1	木材1、砖块1
Wagon	Wagen	Vogn	Vagn	Vogn	Wagen	Chariot	Carreta	Carro	Carroça	Wóz	Araba	Віз	마차	荷馬車	马车
Level {n}: upgrade	Stufe {n}: aufwerten	Trin {n}: opgradér	Nivå {n}: uppgradera	Nivå {n}: oppgrader	Niveau {n}: upgraden	Niveau {n} : améliorer	Nivel {n}: mejorar	Livello {n}: potenzia	Nível {n}: melhorar	Poziom {n}: ulepsz	Seviye {n}: yükselt	Рівень {n}: покращити	{n}단계: 업그레이드	レベル{n}：アップグレード	{n}级：升级
Fully upgraded	Voll ausgebaut	Fuldt opgraderet	Fullt uppgraderad	Fullt oppgradert	Volledig opgewaardeerd	Entièrement amélioré	Totalmente mejorada	Completamente potenziato	Totalmente melhorada	W pełni ulepszony	Tamamen yükseltildi	Повністю покращено	최대 업그레이드	最大までアップグレード済み	已完全升级
Pass the old boot	Alten Schuh weitergeben	Giv den gamle støvle videre	Ge den gamla kängan vidare	Gi den gamle støvelen videre	Geef de oude laars door	Passer la vieille botte	Pasar la bota vieja	Passa il vecchio stivale	Passar a bota velha	Przekaż stary but	Eski botu devret	Передати старий чобіт	낡은 장화 넘기기	古い長靴を渡す	传递旧靴子
to a player with as many points or more	an eine Person mit gleich vielen oder mehr Siegpunkten	til en spiller med lige så mange point eller flere	till en spelare med lika många poäng eller fler	til en spiller med like mange poeng eller flere	aan een speler met evenveel of meer punten	à un joueur avec autant de points ou plus	a un jugador con los mismos puntos o más	a un giocatore con altrettanti punti o più	a um jogador com tantos pontos ou mais	graczowi z taką samą lub większą liczbą punktów	eşit veya daha çok puanı olan bir oyuncuya	гравцеві з таким самим чи більшим числом очок	점수가 같거나 더 많은 플레이어에게	同点かそれ以上の人に	给分数相同或更高的玩家
{n} knights left	{n} Ritter übrig	{n} riddere tilbage	{n} riddare kvar	{n} riddere igjen	{n} ridders over	{n} chevaliers restants	Quedan {n} caballeros	Restano {n} cavalieri	Restam {n} cavaleiros	Zostało {n} rycerzy	{n} şövalye kaldı	Залишилось {n} лицарів	기사 {n}명 남음	騎士の残り{n}体	剩余{n}名骑士
Knights in your supply	Ritter in deinem Vorrat	Riddere i din forsyning	Riddare i ditt förråd	Riddere i forsyningen din	Ridders in je voorraad	Chevaliers dans votre réserve	Caballeros en tu reserva	Cavalieri nella tua riserva	Cavaleiros na tua reserva	Rycerze w twojej rezerwie	Stokundaki şövalyeler	Лицарі у вашому запасі	내 보유 기사	手元の騎士	你储备中的骑士
Prisoners: 2 are worth 1 point	Gefangene: je 2 zählen 1 Siegpunkt	Fanger: 2 er 1 point værd	Fångar: 2 är värda 1 poäng	Fanger: 2 er verdt 1 poeng	Gevangenen: 2 zijn 1 punt waard	Prisonniers : 2 valent 1 point	Prisioneros: 2 valen 1 punto	Prigionieri: 2 valgono 1 punto	Prisioneiros: 2 valem 1 ponto	Jeńcy: 2 to 1 punkt	Esirler: 2 esir 1 puan	Бранці: 2 — це 1 очко	포로: 2명이 1점	捕虜：2人で1点	俘虏：每2名价值1分
Wagon {n}/5	Wagen {n}/5	Vogn {n}/5	Vagn {n}/5	Vogn {n}/5	Wagen {n}/5	Chariot {n}/5	Carreta {n}/5	Carro {n}/5	Carroça {n}/5	Wóz {n}/5	Araba {n}/5	Віз {n}/5	마차 {n}/5	荷馬車 {n}/5	马车 {n}/5
Your wagon tableau	Dein Wagen-Tableau	Dit vognbræt	Ditt vagnbord	Ditt vognbrett	Je wagenbord	Votre tableau de chariot	Tu tablero de carreta	La tua plancia del carro	O teu tabuleiro da carroça	Twoja plansza wozu	Araba panon	Ваша таблиця воза	내 마차 보드	荷馬車ボード	你的马车板
The ware you carry and where it goes	Die Ware, die du geladen hast, und ihr Ziel	Den vare, du bærer, og hvor den skal hen	Varan du bär på och dit den ska	Varen du bærer og hvor den skal	De waar die je vervoert en waar die heen moet	La marchandise transportée et sa destination	La mercancía que llevas y su destino	La merce che trasporti e dove va	A mercadoria que levas e o seu destino	Towar, który wieziesz, i dokąd ma trafić	Taşıdığın mal ve gideceği yer	Товар, який ви везете, і куди він іде	싣고 있는 물건과 목적지	運んでいる品物と行き先	你运送的货物及其目的地
Harbor points: 3 earn the Strongest Harbors plaque (+2 points)	Hafenpunkte: 3 bringen die Tafel Stärkste Häfen (+2 Siegpunkte)	Havnepoint: 3 giver pladen Stærkeste havne (+2 point)	Hamnpoäng: 3 ger plaketten Starkaste hamnar (+2 poäng)	Havnepoeng: 3 gir plaketten Sterkeste havner (+2 poeng)	Havenpunten: 3 leveren het plaatje Sterkste havens op (+2 punten)	Points de port : 3 rapportent la plaque Ports les plus forts (+2 points)	Puntos de puerto: 3 dan la placa Puertos más fuertes (+2 puntos)	Punti porto: 3 danno la tessera Porti più forti (+2 punti)	Pontos de porto: 3 dão a placa Portos mais fortes (+2 pontos)	Punkty portowe: 3 dają tabliczkę Najsilniejsze porty (+2 punkty)	Liman puanı: 3 puan En Güçlü Limanlar plakasını kazandırır (+2 puan)	Очки гаваней: 3 дають табличку «Найсильніші гавані» (+2 очки)	항구 점수: 3점이면 최강 항구 판(+2점)	港ポイント：3で「最強の港」プレート（+2点）	港口点数：3点获得“最强港口”牌(+2分)
Barbarians still to land	Barbaren, die noch landen werden	Barbarer, der endnu skal lande	Barbarer som ännu ska landa	Barbarer som ennå skal lande	Barbaren die nog moeten landen	Barbares qui doivent encore débarquer	Bárbaros que aún han de desembarcar	Barbari che devono ancora sbarcare	Bárbaros que ainda vão desembarcar	Barbarzyńcy, którzy jeszcze wylądują	Henüz karaya çıkmamış barbarlar	Варвари, що ще висадяться	아직 상륙하지 않은 야만인	まだ上陸していない蛮族	尚未登陆的野蛮人
Development cards left	Entwicklungskarten übrig	Udviklingskort tilbage	Utvecklingskort kvar	Utviklingskort igjen	Ontwikkelingskaarten over	Cartes développement restantes	Cartas de desarrollo restantes	Carte sviluppo rimaste	Cartas de desenvolvimento restantes	Pozostałe karty rozwoju	Kalan gelişim kartları	Залишилось карт розвитку	남은 발전 카드	発展カードの残り	剩余发展卡
Caravan wagons left	Trosswagen übrig	Karavanevogne tilbage	Karavanvagnar kvar	Karavanevogner igjen	Karavaanwagens over	Chariots de caravane restants	Carretas de caravana restantes	Carri della carovana rimasti	Carroças da caravana restantes	Pozostałe wozy karawany	Kalan kervan arabaları	Залишилось возів каравана	남은 대상 마차	キャラバンの荷馬車の残り	剩余商队马车
Goods tiles left	Warenplättchen übrig	Varebrikker tilbage	Varubrickor kvar	Varebrikker igjen	Goederentegels over	Tuiles de marchandises restantes	Fichas de mercancía restantes	Tessere merce rimaste	Fichas de mercadoria restantes	Pozostałe żetony towarów	Kalan mal jetonları	Залишилось жетонів товарів	남은 물건 타일	品物タイルの残り	剩余货物牌
Strongest Harbors plaque	Sondersiegpunkttafel Stärkste Häfen	Pladen Stærkeste havne	Plaketten Starkaste hamnar	Plaketten Sterkeste havner	Plaatje Sterkste havens	Plaque Ports les plus forts	Placa Puertos más fuertes	Tessera Porti più forti	Placa Portos mais fortes	Tabliczka Najsilniejsze porty	En Güçlü Limanlar plakası	Табличка «Найсильніші гавані»	최강 항구 판	「最強の港」プレート	“最强港口”牌
Prisoners	Gefangene	Fanger	Fångar	Fanger	Gevangenen	Prisonniers	Prisioneros	Prigionieri	Prisioneiros	Jeńcy	Esirler	Бранці	포로	捕虜	俘虏
Wagon level · deliveries	Wagen-Stufe · Lieferungen	Vogntrin · leverancer	Vagnnivå · leveranser	Vognnivå · leveranser	Wagenniveau · leveringen	Niveau du chariot · livraisons	Nivel de carreta · entregas	Livello del carro · consegne	Nível da carroça · entregas	Poziom wozu · dostawy	Araba seviyesi · teslimatlar	Рівень воза · доставки	마차 단계 · 배달	荷馬車レベル・配達	马车等级 · 交付
Houses between two wagons	Siedlungen und Städte zwischen zwei Trosswagen	Huse mellem to vogne	Hus mellan två vagnar	Hus mellom to vogner	Huizen tussen twee wagens	Bâtiments entre deux chariots	Edificios entre dos carretas	Edifici tra due carri	Edifícios entre duas carroças	Budynki między dwoma wozami	İki araba arasındaki binalar	Будівлі між двома возами	마차 두 대 사이의 건물	2台の荷馬車の間の建物	两辆马车之间的建筑
Harbor points	Hafenpunkte	Havnepoint	Hamnpoäng	Havnepoeng	Havenpunten	Points de port	Puntos de puerto	Punti porto	Pontos de porto	Punkty portowe	Liman puanları	Очки гаваней	항구 점수	港ポイント	港口点数
Tap the damaged road to repair.	Tippe auf die beschädigte Straße, um sie zu reparieren.	Tryk på den beskadigede vej for at reparere den.	Tryck på den skadade vägen för att reparera den.	Trykk på den skadde veien for å reparere den.	Tik op de beschadigde straat om hem te repareren.	Touchez la route endommagée pour la réparer.	Toca la carretera dañada para repararla.	Tocca la strada danneggiata per ripararla.	Toca na estrada danificada para a reparar.	Dotknij uszkodzonej drogi, aby ją naprawić.	Onarmak için hasarlı yola dokun.	Торкніться пошкодженої дороги, щоб відремонтувати.	수리할 파손된 도로를 누르세요.	修理する壊れた道路をタップします。	点击受损的道路进行修理。
The old boot goes to a player with at least as many points as you.	Der alte Schuh geht an eine Person mit gleich vielen oder mehr Siegpunkten als du.	Den gamle støvle går til en spiller med mindst lige så mange point som dig.	Den gamla kängan går till en spelare med minst lika många poäng som du.	Den gamle støvelen går til en spiller med minst like mange poeng som deg.	De oude laars gaat naar een speler met minstens evenveel punten als jij.	La vieille botte va à un joueur ayant au moins autant de points que vous.	La bota vieja pasa a un jugador con al menos tantos puntos como tú.	Il vecchio stivale va a un giocatore con almeno i tuoi punti.	A bota velha vai para um jogador com pelo menos tantos pontos como tu.	Stary but trafia do gracza z co najmniej taką samą liczbą punktów.	Eski bot, en az senin kadar puanı olan bir oyuncuya gider.	Старий чобіт іде гравцеві, у якого очок не менше, ніж у вас.	낡은 장화는 점수가 당신과 같거나 더 많은 플레이어에게 갑니다.	古い長靴は、あなた以上の点数のプレイヤーに渡ります。	旧靴子交给分数不低于你的玩家。
Tap the barbarian to drive away.	Tippe auf den Barbaren, den du vertreiben willst.	Tryk på den barbar, du vil drive væk.	Tryck på barbaren du vill driva bort.	Trykk på barbaren du vil drive bort.	Tik op de barbaar die je wilt verdrijven.	Touchez le barbare à chasser.	Toca el bárbaro que quieres expulsar.	Tocca il barbaro da scacciare.	Toca no bárbaro a expulsar.	Dotknij barbarzyńcy, którego chcesz przegonić.	Kovmak istediğin barbara dokun.	Торкніться варвара, якого хочете прогнати.	몰아낼 야만인을 누르세요.	追い払う蛮族をタップします。	点击要驱赶的野蛮人。
Take the robber off the board	Räuber vom Spielfeld nehmen	Fjern røveren fra brættet	Ta bort rövaren från brädet	Fjern røveren fra brettet	Haal de rover van het bord	Retirer le voleur du plateau	Quitar al ladrón del tablero	Togli il brigante dal tavolo	Tirar o ladrão do tabuleiro	Zdejmij rozbójnika z planszy	Haydutu tahtadan kaldır	Зняти розбійника з поля	도둑을 판에서 치우기	盗賊を盤から取り除く	把强盗移出棋盘
He comes back with the next 7 or the next knight.	Mit der nächsten „7“ oder einer gespielten Ritterkarte kommt er wieder ins Spiel.	Han kommer tilbage ved næste 7 eller næste ridder.	Han kommer tillbaka vid nästa 7 eller nästa riddare.	Han kommer tilbake ved neste 7 eller neste ridder.	Hij komt terug bij de volgende 7 of de volgende ridder.	Il revient au prochain 7 ou au prochain chevalier.	Vuelve con el próximo 7 o el próximo caballero.	Torna con il prossimo 7 o il prossimo cavaliere.	Volta com o próximo 7 ou o próximo cavaleiro.	Wraca przy następnej siódemce lub następnym rycerzu.	Bir sonraki 7 veya şövalye ile geri döner.	Повертається з наступною сімкою чи наступним лицарем.	다음 7이나 다음 기사 카드와 함께 돌아옵니다.	次の7か次の騎士で戻ってきます。	下一次掷出7或打出骑士时他会回来。
Pick tokens (or let the game choose the best fit). Fish above the price are lost. Fish cannot be traded or stolen.	Wähle Plättchen (oder lass das Spiel die passendsten wählen). Überzählige Fische verfallen. Mit Fischen darf nicht gehandelt werden; sie können nicht gestohlen werden.	Vælg brikker (eller lad spillet vælge den bedste pasning). Fisk ud over prisen går tabt. Fisk kan ikke handles eller stjæles.	Välj brickor (eller låt spelet välja den bästa passningen). Fisk över priset går förlorade. Fisk kan inte handlas eller stjälas.	Velg brikker (eller la spillet velge best tilpasning). Fisk utover prisen går tapt. Fisk kan ikke byttes eller stjeles.	Kies tegels (of laat het spel de beste combinatie kiezen). Vissen boven de prijs vervallen. Vis kan niet worden geruild of gestolen.	Choisissez des jetons (ou laissez le jeu choisir au mieux). Les poissons en trop sont perdus. Les poissons ne s'échangent ni ne se volent.	Elige fichas (o deja que el juego elija las más ajustadas). Los peces sobrantes se pierden. Los peces no se comercian ni se roban.	Scegli le tessere (o lascia che il gioco scelga le più adatte). I pesci in eccesso vanno persi. I pesci non si scambiano né si rubano.	Escolhe fichas (ou deixa o jogo escolher as mais ajustadas). Os peixes a mais perdem-se. Os peixes não se trocam nem se roubam.	Wybierz żetony (lub pozwól grze wybrać najlepiej pasujące). Nadmiarowe ryby przepadają. Ryb nie można wymieniać ani kraść.	Jeton seç (ya da oyun en uygununu seçsin). Fazla balıklar boşa gider. Balıklar takas edilemez ve çalınamaz.	Оберіть жетони (або дозвольте грі вибрати найкращі). Зайва риба згорає. Рибою не торгують, її не можна вкрасти.	타일을 고르거나 게임이 가장 알맞게 고르게 하세요. 값을 넘는 물고기는 사라집니다. 물고기는 거래하거나 훔칠 수 없습니다.	タイルを選ぶか、ゲームに最適なものを選ばせます。超過した魚は失われます。魚は取引も盗みもできません。	选择牌(或让游戏自动选最合适的)。多出的鱼会作废。鱼不能交易或被偷。
You have no fish tokens.	Du hast keine Fischplättchen.	Du har ingen fiskebrikker.	Du har inga fiskbrickor.	Du har ingen fiskebrikker.	Je hebt geen vistegels.	Vous n'avez aucun jeton poisson.	No tienes fichas de pescado.	Non hai tessere pesce.	Não tens fichas de peixe.	Nie masz żetonów ryb.	Balık jetonun yok.	У вас немає жетонів риби.	물고기 타일이 없습니다.	魚タイルがありません。	你没有鱼牌。
Wagon upgrade	Wagen-Tableau aufwerten	Opgradér vogn	Uppgradera vagn	Oppgrader vogn	Wagen upgraden	Amélioration du chariot	Mejora de carreta	Potenziamento del carro	Melhoria da carroça	Ulepszenie wozu	Araba yükseltme	Покращення воза	마차 업그레이드	荷馬車のアップグレード	马车升级
Levels 2 and 3; levels 4 and 5 need 2 lumber	Stufen 2 und 3; für Stufen 4 und 5 braucht man 2 Holz	Trin 2 og 3; trin 4 og 5 kræver 2 træ	Nivå 2 och 3; nivå 4 och 5 kräver 2 trä	Nivå 2 og 3; nivå 4 og 5 krever 2 tre	Niveau 2 en 3; niveau 4 en 5 kosten 2 hout	Niveaux 2 et 3 ; les niveaux 4 et 5 demandent 2 bois	Niveles 2 y 3; los niveles 4 y 5 requieren 2 madera	Livelli 2 e 3; i livelli 4 e 5 richiedono 2 legno	Níveis 2 e 3; os níveis 4 e 5 exigem 2 madeira	Poziomy 2 i 3; poziomy 4 i 5 wymagają 2 drewna	Seviye 2 ve 3; seviye 4 ve 5 için 2 odun gerekir	Рівні 2 і 3; для рівнів 4 і 5 потрібно 2 деревини	2·3단계; 4·5단계는 목재 2개 필요	レベル2と3。レベル4と5は木材2枚が必要	2、3级；4、5级需要木材2份
Turned over and played at once	Wird sofort aufgedeckt und ausgeführt	Vendes og spilles med det samme	Vänds upp och spelas direkt	Vendes og spilles med en gang	Wordt direct omgedraaid en gespeeld	Retournée et jouée aussitôt	Se revela y se juega al instante	Si scopre e si gioca subito	É virada e jogada de imediato	Odkrywana i zagrywana od razu	Hemen açılır ve oynanır	Відкривається й розігрується одразу	즉시 뒤집어 사용	すぐにめくって使う	立刻翻开并执行
After an earthquake	Nach einem Erdbeben	Efter et jordskælv	Efter en jordbävning	Etter et jordskjelv	Na een aardbeving	Après un tremblement de terre	Tras un terremoto	Dopo un terremoto	Depois de um terramoto	Po trzęsieniu ziemi	Depremden sonra	Після землетрусу	지진 후	地震のあと	地震之后
Fish: 2 fish take the robber off the board, 3 steal a card, 4 take a resource, 5 build a road, 7 buy a development card. At most 7 tokens; the old boot costs you 1 more point to win.	Fische: 2 nehmen den Räuber vom Spielfeld, 3 ziehen einen Rohstoff, 4 nehmen einen Rohstoff, 5 bauen eine Straße, 7 geben eine Entwicklungskarte. Höchstens 7 Plättchen; der alte Schuh kostet dich 1 Siegpunkt mehr zum Sieg.	Fisk: 2 fjerner røveren fra brættet, 3 stjæler et kort, 4 tager et råstof, 5 bygger en vej, 7 køber et udviklingskort. Højst 7 brikker; den gamle støvle koster dig 1 point mere for at vinde.	Fisk: 2 tar bort rövaren från brädet, 3 stjäl ett kort, 4 tar en råvara, 5 bygger en väg, 7 köper ett utvecklingskort. Högst 7 brickor; den gamla kängan kostar dig 1 poäng till för att vinna.	Fisk: 2 fjerner røveren fra brettet, 3 stjeler et kort, 4 tar en råvare, 5 bygger en vei, 7 kjøper et utviklingskort. Maks 7 brikker; den gamle støvelen koster deg 1 poeng til for å vinne.	Vis: 2 haalt de rover van het bord, 3 steelt een kaart, 4 pakt een grondstof, 5 bouwt een straat, 7 koopt een ontwikkelingskaart. Maximaal 7 tegels; de oude laars kost je 1 punt extra om te winnen.	Poissons : 2 retirent le voleur du plateau, 3 volent une carte, 4 prennent une ressource, 5 construisent une route, 7 achètent une carte développement. 7 jetons au plus ; la vieille botte vous coûte 1 point de plus pour gagner.	Peces: 2 quitan al ladrón del tablero, 3 roban una carta, 4 toman un recurso, 5 construyen una carretera, 7 compran una carta de desarrollo. Máximo 7 fichas; la bota vieja te cuesta 1 punto más para ganar.	Pesci: 2 tolgono il brigante dal tavolo, 3 rubano una carta, 4 prendono una risorsa, 5 costruiscono una strada, 7 comprano una carta sviluppo. Al massimo 7 tessere; il vecchio stivale ti costa 1 punto in più per vincere.	Peixes: 2 tiram o ladrão do tabuleiro, 3 roubam uma carta, 4 pegam um recurso, 5 constroem uma estrada, 7 compram uma carta de desenvolvimento. No máximo 7 fichas; a bota velha custa-te mais 1 ponto para ganhar.	Ryby: 2 zdejmują rozbójnika z planszy, 3 kradną kartę, 4 dają surowiec, 5 budują drogę, 7 kupują kartę rozwoju. Najwyżej 7 żetonów; stary but kosztuje cię 1 punkt więcej do wygranej.	Balık: 2 haydutu tahtadan kaldırır, 3 kart çalar, 4 hammadde alır, 5 yol yapar, 7 gelişim kartı alır. En çok 7 jeton; eski bot kazanmak için sana 1 puan daha gerektirir.	Риба: 2 знімають розбійника з поля, 3 крадуть карту, 4 беруть ресурс, 5 будують дорогу, 7 купують карту розвитку. Не більше 7 жетонів; старий чобіт вимагає на 1 очко більше для перемоги.	물고기: 2는 도둑을 판에서 치우고, 3은 카드 훔치기, 4는 자원 받기, 5는 도로 건설, 7은 발전 카드. 타일은 최대 7개이며, 낡은 장화가 있으면 이기려면 1점이 더 필요합니다.	魚：2で盗賊を盤から除き、3でカードを奪い、4で資源を取り、5で道路を建て、7で発展カードを買えます。タイルは最大7枚で、古い長靴があると勝利に1点多く必要です。	鱼：2移走强盗，3偷一张牌，4拿一份资源，5建一条路，7买一张发展卡。最多7块牌；持有旧靴子需要多1分才能获胜。
Gold: 2 gold buy a resource (twice per turn). 4:1, 3:1 or 2:1 buys a gold. Gold cannot be stolen.	Gold: 2 Gold kaufen einen Rohstoff (zweimal pro Zug). 4:1, 3:1 oder 2:1 kauft 1 Gold. Gold kann nicht gestohlen werden.	Guld: 2 guld køber et råstof (to gange pr. tur). 4:1, 3:1 eller 2:1 køber 1 guld. Guld kan ikke stjæles.	Guld: 2 guld köper en råvara (två gånger per tur). 4:1, 3:1 eller 2:1 köper 1 guld. Guld kan inte stjälas.	Gull: 2 gull kjøper en råvare (to ganger per tur). 4:1, 3:1 eller 2:1 kjøper 1 gull. Gull kan ikke stjeles.	Goud: 2 goud kopen een grondstof (twee keer per beurt). 4:1, 3:1 of 2:1 koopt 1 goud. Goud kan niet worden gestolen.	Or : 2 or achètent une ressource (deux fois par tour). 4:1, 3:1 ou 2:1 achète 1 or. L'or ne peut pas être volé.	Oro: 2 de oro compran un recurso (dos veces por turno). 4:1, 3:1 o 2:1 compra 1 de oro. El oro no se puede robar.	Oro: 2 oro comprano una risorsa (due volte per turno). 4:1, 3:1 o 2:1 compra 1 oro. L'oro non si può rubare.	Ouro: 2 de ouro compram um recurso (duas vezes por turno). 4:1, 3:1 ou 2:1 compra 1 de ouro. O ouro não pode ser roubado.	Złoto: 2 złota kupują surowiec (dwa razy na turę). 4:1, 3:1 lub 2:1 kupuje 1 złoto. Złota nie można ukraść.	Altın: 2 altın bir hammadde alır (turda iki kez). 4:1, 3:1 veya 2:1 ile 1 altın alınır. Altın çalınamaz.	Золото: 2 золота купують ресурс (двічі за хід). 4:1, 3:1 або 2:1 купує 1 золото. Золото не можна вкрасти.	금: 금 2개로 자원 1개를 삽니다(턴당 2번). 4:1, 3:1, 2:1로 금 1개를 살 수 있습니다. 금은 훔칠 수 없습니다.	金：金2枚で資源を1つ買えます(1ターンに2回)。4:1・3:1・2:1で金1枚を買えます。金は盗まれません。	金币：2金币买1份资源(每回合两次)。4:1、3:1或2:1可买1金币。金币不会被偷。
Caravans: after you build a settlement or city, vote with wool and grain where the next wagon goes. Houses between two wagons are worth 1 more; roads along a wagon count twice for the Longest Road.	Handelstross: Nach dem Bau einer Siedlung oder Stadt stimmt ihr mit Wolle und Getreide ab, wohin der nächste Wagen kommt. Siedlungen und Städte zwischen zwei Wagen zählen 1 Siegpunkt mehr; Straßen neben einem Wagen zählen für die Längste Handelsroute doppelt.	Karavaner: Når du har bygget en bosættelse eller by, stemmer I med uld og korn om, hvor den næste vogn skal hen. Huse mellem to vogne er 1 point mere værd; veje langs en vogn tæller dobbelt for den længste vej.	Karavaner: När du har byggt en bosättning eller stad röstar ni med ull och säd om vart nästa vagn ska. Hus mellan två vagnar är värda 1 poäng extra; vägar längs en vagn räknas dubbelt för längsta vägen.	Karavaner: Etter at du har bygget en bosetning eller by, stemmer dere med ull og korn om hvor neste vogn skal. Hus mellom to vogner er verdt 1 poeng ekstra; veier langs en vogn teller dobbelt for lengste vei.	Karavaan: nadat je een dorp of stad hebt gebouwd, stemmen jullie met wol en graan waar de volgende wagen heen gaat. Huizen tussen twee wagens zijn 1 punt meer waard; straten langs een wagen tellen dubbel voor de langste handelsroute.	Caravane : après une colonie ou une ville, votez avec de la laine et du blé pour décider où va le prochain chariot. Les bâtiments entre deux chariots valent 1 point de plus ; les routes le long d'un chariot comptent double pour la route la plus longue.	Caravana: tras construir un poblado o ciudad, votáis con lana y cereal adónde va la siguiente carreta. Los edificios entre dos carretas valen 1 punto más; las carreteras junto a una carreta cuentan doble para la ruta más larga.	Carovana: dopo un insediamento o una città, votate con lana e grano dove va il prossimo carro. Gli edifici tra due carri valgono 1 punto in più; le strade lungo un carro contano doppio per la strada più lunga.	Caravana: depois de construíres uma aldeia ou cidade, votam com lã e cereal para onde vai a próxima carroça. Edifícios entre duas carroças valem mais 1 ponto; estradas ao longo de uma carroça contam a dobrar para a estrada mais longa.	Karawana: po zbudowaniu osady lub miasta głosujecie wełną i zbożem, dokąd pojedzie następny wóz. Budynki między dwoma wozami są warte o 1 punkt więcej; drogi wzdłuż wozu liczą się podwójnie do najdłuższej drogi.	Kervan: bir köy veya şehir kurduktan sonra yün ve tahılla bir sonraki arabanın nereye gideceğine oy verirsiniz. İki araba arasındaki binalar 1 puan fazla sayılır; bir arabanın yanındaki yollar en uzun yol için iki sayılır.	Караван: після будівництва поселення чи міста голосуйте вовною й зерном, куди піде наступний віз. Будівлі між двома возами варті на 1 очко більше; дороги вздовж воза рахуються подвійно для найдовшої дороги.	대상 행렬: 정착지나 도시를 지은 뒤 양모와 곡물로 다음 마차가 갈 곳을 투표합니다. 마차 두 대 사이의 건물은 1점이 더 높고, 마차 옆 도로는 최장 도로에서 두 배로 셉니다.	キャラバン：開拓地か都市を建てたあと、羊毛と小麦で次の荷馬車の行き先を投票します。2台の荷馬車の間の建物は1点多く、荷馬車に沿った道路は最長交易路で2倍に数えます。	商队：建造村庄或城市后，用羊毛和粮食投票决定下一辆马车去哪里。两辆马车之间的建筑多值1分；马车旁的道路在最长道路中算两倍。
Barbarians: they land after every settlement or city you build. Three conquer a tile. Knights drive them off when there are more knights than barbarians around a tile. 2 prisoners are worth 1 point.	Barbaren: Sie landen nach jeder Siedlung oder Stadt, die du baust. Drei erobern ein Küstenfeld. Ritter vertreiben sie, wenn um ein Feld mehr Ritter als Barbaren stehen. Je 2 Gefangene zählen 1 Siegpunkt.	Barbarer: de lander efter hver bosættelse eller by, du bygger. Tre erobrer et felt. Riddere driver dem væk, når der er flere riddere end barbarer rundt om et felt. 2 fanger er 1 point værd.	Barbarer: de landar efter varje bosättning eller stad du bygger. Tre erövrar en bricka. Riddare driver bort dem när det finns fler riddare än barbarer runt en bricka. 2 fångar är värda 1 poäng.	Barbarer: de lander etter hver bosetning eller by du bygger. Tre erobrer et felt. Riddere driver dem bort når det er flere riddere enn barbarer rundt et felt. 2 fanger er verdt 1 poeng.	Barbaren: ze landen na elk dorp of elke stad die je bouwt. Drie veroveren een veld. Ridders verdrijven ze als er rond een veld meer ridders dan barbaren staan. 2 gevangenen zijn 1 punt waard.	Barbares : ils débarquent après chaque colonie ou ville que vous construisez. Trois conquièrent un terrain. Les chevaliers les repoussent quand il y a plus de chevaliers que de barbares autour d'un terrain. 2 prisonniers valent 1 point.	Bárbaros: desembarcan tras cada poblado o ciudad que construyes. Tres conquistan una casilla. Los caballeros los expulsan cuando hay más caballeros que bárbaros alrededor de una casilla. 2 prisioneros valen 1 punto.	Barbari: sbarcano dopo ogni insediamento o città che costruisci. Tre conquistano una casella. I cavalieri li scacciano quando intorno a una casella ci sono più cavalieri che barbari. 2 prigionieri valgono 1 punto.	Bárbaros: desembarcam depois de cada aldeia ou cidade que construíres. Três conquistam um campo. Os cavaleiros expulsam-nos quando há mais cavaleiros do que bárbaros à volta de um campo. 2 prisioneiros valem 1 ponto.	Barbarzyńcy: lądują po każdej zbudowanej osadzie lub mieście. Trzech zdobywa pole. Rycerze ich przeganiają, gdy wokół pola jest więcej rycerzy niż barbarzyńców. 2 jeńców to 1 punkt.	Barbarlar: kurduğun her köy veya şehirden sonra karaya çıkarlar. Üçü bir araziyi fetheder. Bir arazinin çevresinde barbarlardan çok şövalye olunca şövalyeler onları kovar. 2 esir 1 puan değerindedir.	Варвари: висаджуються після кожного вашого поселення чи міста. Троє захоплюють поле. Лицарі проганяють їх, коли навколо поля лицарів більше, ніж варварів. 2 бранці — це 1 очко.	야만인: 정착지나 도시를 지을 때마다 상륙합니다. 셋이 모이면 땅을 점령합니다. 땅 둘레에 야만인보다 기사가 더 많으면 기사가 그들을 몰아냅니다. 포로 2명은 1점입니다.	蛮族：開拓地や都市を建てるたびに上陸します。3人で1枚のタイルを占領します。タイルの周りに蛮族より多く騎士がいると、騎士が追い払います。捕虜2人で1点です。	蛮族：建造村庄或城市后上陆。三人占领一块地。当地块周围的骑士比野蛮人多时，骑士将其驱逐。每2名俘虏价值1分。
Wagons: a path costs 2, your road 1, another road 1 and 1 gold, a barbarian 2 more. Deliver wares for points and gold.	Wagen: ein Weg kostet 2, deine Straße 1, eine fremde Straße 1 und 1 Gold, ein Barbar 2 mehr. Liefere Waren für Siegpunkte und Gold.	Vogne: en sti koster 2, din vej 1, en andens vej 1 og 1 guld, en barbar 2 ekstra. Lever varer for point og guld.	Vagnar: en stig kostar 2, din väg 1, någon annans väg 1 och 1 guld, en barbar 2 extra. Leverera varor för poäng och guld.	Vogner: en sti koster 2, din vei 1, en annens vei 1 og 1 gull, en barbar 2 ekstra. Lever varer for poeng og gull.	Wagens: een pad kost 2, je eigen straat 1, andermans straat 1 en 1 goud, een barbaar 2 extra. Lever waren voor punten en goud.	Chariots : un chemin coûte 2, votre route 1, celle d'un autre 1 et 1 or, un barbare 2 de plus. Livrez des marchandises pour des points et de l'or.	Carretas: un camino cuesta 2, tu carretera 1, la de otro 1 y 1 de oro, un bárbaro 2 más. Entrega mercancías por puntos y oro.	Carri: un sentiero costa 2, la tua strada 1, quella altrui 1 e 1 oro, un barbaro 2 in più. Consegna merci per punti e oro.	Carroças: um trilho custa 2, a tua estrada 1, a de outro 1 e 1 de ouro, um bárbaro 2 a mais. Entrega mercadorias por pontos e ouro.	Wozy: ścieżka kosztuje 2, twoja droga 1, cudza droga 1 i 1 złoto, barbarzyńca 2 więcej. Dostarczaj towary za punkty i złoto.	Arabalar: patika 2, kendi yolun 1, başkasının yolu 1 ve 1 altın, bir barbar 2 fazla. Puan ve altın için mal teslim et.	Вози: стежка коштує 2, своя дорога 1, чужа 1 і 1 золото, варвар ще 2. Доставляйте товари за очки й золото.	마차: 오솔길 2, 내 도로 1, 남의 도로 1과 금 1개, 야만인은 2 추가. 물건을 배달해 점수와 금을 얻으세요.	荷馬車：小道は2、自分の道路は1、他人の道路は1と金1枚、蛮族はさらに2。品物を届けて点数と金を得ます。	马车：小路2点，自己的道路1点，他人的道路1点加1金币，野蛮人再加2点。运送货物赢取分数和金币。
Conquered by the barbarians	Von Barbaren erobert	Erobret af barbarerne	Erövrad av barbarerna	Erobret av barbarene	Door barbaren veroverd	Conquis par les barbares	Conquistada por los bárbaros	Conquistata dai barbari	Conquistado pelos bárbaros	Zdobyte przez barbarzyńców	Barbarlar tarafından fethedildi	Захоплено варварами	야만인에게 점령됨	蛮族に占領された	被野蛮人占领
Conquered: no points, no harbor	Erobert: keine Siegpunkte, kein Hafen	Erobret: ingen point, ingen havn	Erövrad: inga poäng, ingen hamn	Erobret: ingen poeng, ingen havn	Veroverd: geen punten, geen haven	Conquis : pas de points, pas de port	Conquistado: sin puntos, sin puerto	Conquistato: niente punti, niente porto	Conquistado: sem pontos, sem porto	Zdobyte: bez punktów, bez portu	Fethedildi: puan yok, liman yok	Захоплено: без очок, без гавані	점령됨: 점수 없음, 항구 사용 불가	占領：点数なし、港も使えません	被占领：不计分，不能用港口
Damaged road: repair it with 1 lumber and 1 brick	Beschädigte Straße: mit 1 Holz und 1 Lehm reparieren	Beskadiget vej: reparér den med 1 træ og 1 mursten	Skadad väg: reparera den med 1 trä och 1 tegel	Skadd vei: reparer den med 1 tre og 1 murstein	Beschadigde straat: repareer met 1 hout en 1 baksteen	Route endommagée : réparez-la avec 1 bois et 1 argile	Carretera dañada: repárala con 1 madera y 1 arcilla	Strada danneggiata: ripara con 1 legno e 1 argilla	Estrada danificada: repara-a com 1 madeira e 1 argila	Uszkodzona droga: napraw za 1 drewno i 1 glinę	Hasarlı yol: 1 odun ve 1 kille onar	Пошкоджена дорога: відремонтуйте за 1 деревину та 1 глину	파손된 도로: 목재 1, 점토 1로 수리	壊れた道路：木材1・レンガ1で修理	受损的道路：用木材1、砖块1修理
Caravan wagon	Trosswagen	Karavanevogn	Karavanvagn	Karavanevogn	Karavaanwagen	Chariot de caravane	Carreta de caravana	Carro della carovana	Carroça da caravana	Wóz karawany	Kervan arabası	Віз каравана	대상 마차	キャラバンの荷馬車	商队马车
Barbarian	Barbar	Barbar	Barbar	Barbar	Barbaar	Barbare	Bárbaro	Barbaro	Bárbaro	Barbarzyńca	Barbar	Варвар	야만인	蛮族	野蛮人
Fishermen, rivers, caravans, barbarians, event cards and more.	Fischer, Flüsse, Handelstrosse, Barbaren, Ereigniskarten und mehr.	Fiskere, floder, karavaner, barbarer, begivenhedskort og mere.	Fiskare, floder, karavaner, barbarer, händelsekort och mer.	Fiskere, elver, karavaner, barbarer, hendelseskort og mer.	Vissers, rivieren, karavanen, barbaren, gebeurteniskaarten en meer.	Pêcheurs, rivières, caravanes, barbares, cartes événement et plus.	Pescadores, ríos, caravanas, bárbaros, cartas de evento y más.	Pescatori, fiumi, carovane, barbari, carte evento e altro.	Pescadores, rios, caravanas, bárbaros, cartas de evento e mais.	Rybacy, rzeki, karawany, barbarzyńcy, karty zdarzeń i więcej.	Balıkçılar, nehirler, kervanlar, barbarlar, olay kartları ve daha fazlası.	Рибалки, річки, каравани, варвари, карти подій та інше.	어부, 강, 대상 행렬, 야만인, 이벤트 카드 등.	漁師、川、キャラバン、蛮族、イベントカードなど。	渔夫、河流、商队、野蛮人、事件卡等。
Fish tokens	Fischplättchen	Fiskebrikker	Fiskbrickor	Fiskebrikker	Vistegels	Jetons poisson	Fichas de pescado	Tessere pesce	Fichas de peixe	Żetony ryb	Balık jetonları	Жетони риби	물고기 타일	魚タイル	鱼牌
Good neighbors: a gift for {name}	Gute Nachbarschaft: ein Geschenk für {name}	God nabolag: en gave til {name}	Gott grannskap: en gåva till {name}	Godt naboskap: en gave til {name}	Goede buren: een cadeau voor {name}	Bon voisinage : un cadeau pour {name}	Buena vecindad: un regalo para {name}	Buon vicinato: un regalo per {name}	Boa vizinhança: uma prenda para {name}	Dobre sąsiedztwo: prezent dla {name}	İyi komşuluk: {name} için hediye	Добре сусідство: подарунок для {name}	좋은 이웃: {name}에게 줄 선물	良き隣人：{name}への贈り物	睦邻友好：给{name}的礼物
Play it while you move your wagon, after a regular move.	Spiele sie, während du deinen Wagen bewegst, nach einem regulären Zug.	Spil det, mens du flytter din vogn, efter en almindelig bevægelse.	Spela det medan du flyttar din vagn, efter en vanlig förflyttning.	Spill det mens du flytter vogna di, etter en vanlig flytting.	Speel hem terwijl je je wagen verplaatst, na een gewone verplaatsing.	Jouez-la pendant le déplacement de votre chariot, après un déplacement normal.	Juégala mientras mueves tu carreta, tras un movimiento normal.	Giocala mentre muovi il tuo carro, dopo un movimento normale.	Joga-a enquanto moves a tua carroça, depois de um movimento normal.	Zagraj ją podczas ruchu wozu, po zwykłym ruchu.	Arabanı hareket ettirirken, normal bir hareketten sonra oyna.	Зіграйте її під час руху воза, після звичайного ходу.	마차를 움직이는 중에, 일반 이동 후에 사용하세요.	荷馬車を動かしている間、通常の移動のあとに使います。	在移动马车时、常规移动之后使用。
This scenario is for the classic rules and 2–4 players.	Dieses Szenario gilt für die Grundregeln und 2–4 Personen.	Dette scenarie er til grundreglerne og 2–4 spillere.	Det här scenariot är för grundreglerna och 2–4 spelare.	Dette scenarioet er for grunnreglene og 2–4 spillere.	Dit scenario is voor de basisregels en 2–4 spelers.	Ce scénario est prévu pour les règles de base et 2 à 4 joueurs.	Este escenario es para las reglas básicas y 2–4 jugadores.	Questo scenario è per le regole base e 2–4 giocatori.	Este cenário é para as regras base e 2–4 jogadores.	Ten scenariusz jest dla zasad podstawowych i 2–4 graczy.	Bu senaryo temel kurallar ve 2–4 oyuncu içindir.	Цей сценарій для базових правил і 2–4 гравців.	이 시나리오는 기본 규칙과 2–4명용입니다.	このシナリオは基本ルールと2〜4人用です。	此剧本适用于基础规则和2–4名玩家。
Choose fish tokens.	Wähle Fischplättchen.	Vælg fiskebrikker.	Välj fiskbrickor.	Velg fiskebrikker.	Kies vistegels.	Choisissez des jetons poisson.	Elige fichas de pescado.	Scegli le tessere pesce.	Escolhe fichas de peixe.	Wybierz żetony ryb.	Balık jetonlarını seç.	Оберіть жетони риби.	물고기 타일을 고르세요.	魚タイルを選んでください。	请选择鱼牌。
There is no gold in this game.	In diesem Spiel gibt es kein Gold.	Der er ingen guld i dette spil.	Det finns inget guld i det här spelet.	Det finnes ikke gull i dette spillet.	In dit spel is geen goud.	Il n'y a pas d'or dans cette partie.	No hay oro en esta partida.	In questa partita non c'è oro.	Não há ouro neste jogo.	W tej grze nie ma złota.	Bu oyunda altın yok.	У цій грі немає золота.	이 게임에는 금이 없습니다.	このゲームに金はありません。	本局游戏没有金币。
The robber is not on the board.	Der Räuber liegt nicht auf dem Spielplan.	Røveren er ikke på brættet.	Rövaren ligger inte på spelplanen.	Røveren er ikke på brettet.	De rover ligt niet op het bord.	Le voleur n'est pas sur le plateau.	El ladrón no está en el tablero.	Il brigante non è sul tabellone.	O ladrão não está no tabuleiro.	Rozbójnika nie ma na planszy.	Haydut tahtada değil.	Розбійника немає на полі.	도둑이 보드 위에 없습니다.	盗賊は盤上にいません。	强盗不在棋盘上。
Repair your damaged road first.	Repariere zuerst deine beschädigte Straße.	Reparér først din beskadigede vej.	Reparera först din skadade väg.	Reparer først den skadede veien din.	Repareer eerst je beschadigde straat.	Réparez d'abord votre route endommagée.	Repara primero tu camino dañado.	Ripara prima la tua strada danneggiata.	Repara primeiro a tua estrada danificada.	Najpierw napraw swoją uszkodzoną drogę.	Önce hasarlı yolunu onar.	Спершу відремонтуйте свою пошкоджену дорогу.	먼저 손상된 길을 수리하세요.	まず壊れた道を修理してください。	请先修复受损的道路。
Nothing to swap.	Nichts zum Tauschen.	Intet at bytte.	Inget att byta.	Ingenting å bytte.	Niets om te ruilen.	Rien à échanger.	Nada que cambiar.	Niente da scambiare.	Nada para trocar.	Nie ma czego wymienić.	Değiştirilecek bir şey yok.	Нічого обмінювати.	교환할 것이 없습니다.	交換するものがありません。	没有可更换的东西。
You do not have the old boot.	Du hast den alten Schuh nicht.	Du har ikke den gamle støvle.	Du har inte den gamla kängan.	Du har ikke den gamle støvelen.	Je hebt de oude laars niet.	Vous n'avez pas la vieille botte.	No tienes la bota vieja.	Non hai il vecchio stivale.	Não tens a bota velha.	Nie masz starego buta.	Eski bot sende değil.	У вас немає старого чобота.	낡은 장화를 가지고 있지 않습니다.	古い長靴を持っていません。	你没有旧靴子。
You can pass the old boot on from your next turn.	Du kannst den alten Schuh ab deinem nächsten Zug weitergeben.	Du kan give den gamle støvle videre fra din næste tur.	Du kan ge den gamla kängan vidare från din nästa tur.	Du kan gi den gamle støvelen videre fra din neste tur.	Je kunt de oude laars vanaf je volgende beurt doorgeven.	Vous pourrez passer la vieille botte dès votre prochain tour.	Puedes pasar la bota vieja a partir de tu próximo turno.	Potrai passare il vecchio stivale dal tuo prossimo turno.	Podes passar a bota velha a partir do teu próximo turno.	Starego buta możesz przekazać od swojej następnej tury.	Eski botu bir sonraki turundan itibaren devredebilirsin.	Старий чобіт можна передати з вашого наступного ходу.	낡은 장화는 다음 차례부터 넘길 수 있습니다.	古い長靴は次の手番から渡せます。	旧靴子要从你的下一回合起才能传递。
Pick a player.	Wähle eine Person.	Vælg en spiller.	Välj en spelare.	Velg en spiller.	Kies een speler.	Choisissez un joueur.	Elige a un jugador.	Scegli un giocatore.	Escolhe um jogador.	Wybierz gracza.	Bir oyuncu seç.	Оберіть гравця.	플레이어를 고르세요.	プレイヤーを選んでください。	请选择一名玩家。
The boot goes to a player with at least as many points as you.	Der Schuh geht an eine Person mit gleich vielen oder mehr Siegpunkten als du.	Støvlen går til en spiller med mindst lige så mange point som dig.	Kängan går till en spelare med minst lika många poäng som du.	Støvelen går til en spiller med minst like mange poeng som deg.	De laars gaat naar een speler met minstens evenveel punten als jij.	La botte va à un joueur ayant au moins autant de points que vous.	La bota pasa a un jugador con al menos tantos puntos como tú.	Lo stivale va a un giocatore con almeno i tuoi punti.	A bota vai para um jogador com pelo menos tantos pontos como tu.	But trafia do gracza z co najmniej taką samą liczbą punktów.	Bot, en az senin kadar puanı olan bir oyuncuya gider.	Чобіт дістається гравцю з не меншою кількістю очок.	장화는 나와 점수가 같거나 더 높은 플레이어에게 갑니다.	長靴は自分と同点以上のプレイヤーに渡ります。	靴子要给分数不低于你的玩家。
Nothing to damage.	Nichts zu beschädigen.	Intet at beskadige.	Inget att skada.	Ingenting å skade.	Niets om te beschadigen.	Rien à endommager.	Nada que dañar.	Niente da danneggiare.	Nada para danificar.	Nie ma czego uszkodzić.	Hasar verilecek bir şey yok.	Нічого пошкоджувати.	손상시킬 것이 없습니다.	壊すものがありません。	没有可损坏的道路。
Pick one of your roads.	Wähle eine deiner Straßen.	Vælg en af dine veje.	Välj en av dina vägar.	Velg en av veiene dine.	Kies een van je straten.	Choisissez l'une de vos routes.	Elige uno de tus caminos.	Scegli una delle tue strade.	Escolhe uma das tuas estradas.	Wybierz jedną ze swoich dróg.	Yollarından birini seç.	Оберіть одну зі своїх доріг.	내 길 중 하나를 고르세요.	自分の道を1本選んでください。	请选择你的一条道路。
Pick one of your damaged roads.	Wähle eine deiner beschädigten Straßen.	Vælg en af dine beskadigede veje.	Välj en av dina skadade vägar.	Velg en av de skadede veiene dine.	Kies een van je beschadigde straten.	Choisissez l'une de vos routes endommagées.	Elige uno de tus caminos dañados.	Scegli una delle tue strade danneggiate.	Escolhe uma das tuas estradas danificadas.	Wybierz jedną ze swoich uszkodzonych dróg.	Hasarlı yollarından birini seç.	Оберіть одну зі своїх пошкоджених доріг.	손상된 내 길 중 하나를 고르세요.	壊れた自分の道を1本選んでください。	请选择你的一条受损道路。
Pick a player with fewer points.	Wähle eine Person mit weniger Siegpunkten.	Vælg en spiller med færre point.	Välj en spelare med färre poäng.	Velg en spiller med færre poeng.	Kies een speler met minder punten.	Choisissez un joueur ayant moins de points.	Elige a un jugador con menos puntos.	Scegli un giocatore con meno punti.	Escolhe um jogador com menos pontos.	Wybierz gracza z mniejszą liczbą punktów.	Daha az puanı olan bir oyuncu seç.	Оберіть гравця з меншою кількістю очок.	점수가 더 낮은 플레이어를 고르세요.	得点の少ないプレイヤーを選んでください。	请选择分数更低的玩家。
New Year: the event cards are shuffled and a new one is drawn.	Neues Jahr: Die Ereigniskarten werden neu gemischt und eine neue Karte wird aufgedeckt.	Nytår: Begivenhedskortene blandes, og et nyt trækkes.	Nytt år: Händelsekorten blandas och ett nytt dras.	Nyttår: Hendelseskortene stokkes, og et nytt trekkes.	Nieuwjaar: de gebeurteniskaarten worden geschud en er wordt een nieuwe omgedraaid.	Nouvel An : les cartes événement sont mélangées et une nouvelle est tirée.	Año Nuevo: se barajan las cartas de evento y se roba una nueva.	Nuovo Anno: le carte evento vengono rimescolate e se ne pesca una nuova.	Ano Novo: as cartas de evento são baralhadas e é virada uma nova.	Nowy Rok: karty wydarzeń są tasowane i dobierana jest nowa.	Yeni Yıl: olay kartları karıştırılır ve yeni bir kart çekilir.	Новий рік: карти подій тасують і відкривають нову.	새해: 이벤트 카드를 다시 섞고 새 카드를 뽑습니다.	新年：イベントカードをシャッフルし、新しく1枚引きます。	新年：重新洗混事件牌，并翻开一张新牌。
Event card: {#e}.	Ereigniskarte: {#e}.	Begivenhedskort: {#e}.	Händelsekort: {#e}.	Hendelseskort: {#e}.	Gebeurteniskaart: {#e}.	Carte événement : {#e}.	Carta de evento: {#e}.	Carta evento: {#e}.	Carta de evento: {#e}.	Karta wydarzenia: {#e}.	Olay kartı: {#e}.	Карта події: {#e}.	이벤트 카드: {#e}.	イベントカード：{#e}。	事件牌：{#e}。
Nobody has played a knight yet.	Noch niemand hat einen Ritter ausgespielt.	Ingen har spillet en ridder endnu.	Ingen har spelat en riddare ännu.	Ingen har spilt en ridder ennå.	Nog niemand heeft een ridder gespeeld.	Personne n'a encore joué de chevalier.	Nadie ha jugado un caballero todavía.	Nessuno ha ancora giocato un cavaliere.	Ninguém jogou ainda um cavaleiro.	Nikt jeszcze nie zagrał rycerza.	Henüz kimse şövalye oynamadı.	Ніхто ще не зіграв лицаря.	아직 아무도 기사를 사용하지 않았습니다.	まだ誰も騎士を使っていません。	还没有人打出骑士。
{@ps} may take a resource of their choice.	{@ps} darf sich einen Rohstoff nach Wahl nehmen.	{@ps} må tage en ressource efter eget valg.	{@ps} får ta en resurs efter eget val.	{@ps} får ta en ressurs etter eget valg.	{@ps} mag een grondstof naar keuze nemen.	{@ps} peut prendre une ressource de son choix.	{@ps} puede tomar un recurso a su elección.	{@ps} può prendere una risorsa a scelta.	{@ps} pode escolher um recurso.	{@ps} może wziąć dowolny surowiec.	{@ps} istediği bir hammaddeyi alabilir.	{@ps} може взяти ресурс на свій вибір.	{@ps}은(는) 원하는 자원 하나를 가져갈 수 있습니다.	{@ps}は好きな資源を1枚取れます。	{@ps}可以任选一张资源牌。
Nobody holds the Longest Road.	Niemand hat die Längste Handelsstraße.	Ingen har den længste vej.	Ingen har den längsta vägen.	Ingen har den lengste veien.	Niemand heeft de langste handelsroute.	Personne ne détient la route commerciale la plus longue.	Nadie tiene la ruta comercial más larga.	Nessuno ha la strada più lunga.	Ninguém tem a estrada mais longa.	Nikt nie ma najdłuższego szlaku handlowego.	Kimse en uzun yola sahip değil.	Ніхто не має найдовшої дороги.	가장 긴 도로를 가진 사람이 없습니다.	最長交易路を持つ人はいません。	无人持有最长道路。
Nobody is ahead in knights.	Niemand liegt bei den Rittern vorn.	Ingen fører i riddere.	Ingen leder i riddare.	Ingen leder i riddere.	Niemand staat voorop bij de ridders.	Personne n'est en tête pour les chevaliers.	Nadie va en cabeza en caballeros.	Nessuno è in testa nei cavalieri.	Ninguém está à frente nos cavaleiros.	Nikt nie prowadzi w rycerzach.	Şövalyelerde önde olan yok.	Ніхто не веде за лицарями.	기사에서 앞선 사람이 없습니다.	騎士で単独首位の人はいません。	无人在骑士数上领先。
There is no robber in this scenario.	In diesem Szenario gibt es keinen Räuber.	I dette scenarie er der ingen røver.	I det här scenariot finns ingen rövare.	I dette scenarioet finnes det ingen røver.	In dit scenario is geen rover.	Dans ce scénario, il n'y a pas de voleur.	En este escenario no hay ladrón.	In questo scenario non c'è il brigante.	Neste cenário não há ladrão.	W tym scenariuszu nie ma rozbójnika.	Bu senaryoda haydut yok.	У цьому сценарії немає розбійника.	이 시나리오에는 도둑이 없습니다.	このシナリオに盗賊はいません。	此剧本中没有强盗。
The robber returns to his hideout.	Der Räuber kehrt in sein Versteck zurück.	Røveren vender tilbage til sit skjul.	Rövaren återvänder till sitt gömställe.	Røveren vender tilbake til gjemmestedet sitt.	De rover keert terug naar zijn schuilplaats.	Le voleur retourne dans sa cachette.	El ladrón vuelve a su escondite.	Il brigante torna al suo nascondiglio.	O ladrão volta ao seu esconderijo.	Rozbójnik wraca do swojej kryjówki.	Haydut saklandığı yere döner.	Розбійник повертається до свого сховку.	도둑이 은신처로 돌아갑니다.	盗賊は隠れ家に戻ります。	强盗回到了藏身处。
The used fish tokens are shuffled into a new stock.	Die abgelegten Fischplättchen werden zu einem neuen Vorrat gemischt.	De brugte fiskebrikker blandes til en ny bunke.	De använda fiskbrickorna blandas till en ny hög.	De brukte fiskebrikkene stokkes til en ny bunke.	De gebruikte vistegels worden geschud tot een nieuwe voorraad.	Les jetons poisson utilisés sont mélangés en une nouvelle pioche.	Las fichas de pescado usadas se barajan en una nueva reserva.	Le tessere pesce usate vengono rimescolate in una nuova scorta.	As fichas de peixe usadas são baralhadas numa nova reserva.	Zużyte żetony ryb są tasowane w nowy zapas.	Kullanılmış balık jetonları karıştırılarak yeni bir deste yapılır.	Використані жетони риби перетасовують у нову купу.	사용한 물고기 타일을 섞어 새 더미를 만듭니다.	使用済みの魚タイルをシャッフルして新しい山にします。	用过的鱼牌被重新洗混，组成新的牌堆。
{@p} catches {n} fish tokens.	{@p} fängt {n} Fischplättchen.	{@p} fanger {n} fiskebrikker.	{@p} fångar {n} fiskbrickor.	{@p} fanger {n} fiskebrikker.	{@p} vangt {n} vistegels.	{@p} pêche {n} jetons poisson.	{@p} pesca {n} fichas de pescado.	{@p} pesca {n} tessere pesce.	{@p} pesca {n} fichas de peixe.	{@p} łowi {n} żetonów ryb.	{@p} {n} balık jetonu yakalar.	{@p} ловить жетонів риби: {n}.	{@p}이(가) 물고기 타일 {n}장을 낚습니다.	{@p}は魚タイルを{n}枚釣り上げます。	{@p}钓到{n}张鱼牌。
{@p} takes the Strongest Harbors plaque (+2 points).	{@p} nimmt die Tafel „Stärkste Häfen“ (+2 Siegpunkte).	{@p} tager pladen Stærkeste havne (+2 point).	{@p} tar plaketten Starkaste hamnar (+2 poäng).	{@p} tar plaketten Sterkeste havner (+2 poeng).	{@p} neemt het plaatje Sterkste havens (+2 punten).	{@p} prend la plaque Ports les plus forts (+2 points).	{@p} toma la placa Puertos más fuertes (+2 puntos).	{@p} prende la tessera Porti più forti (+2 punti).	{@p} fica com a placa Portos mais fortes (+2 pontos).	{@p} bierze tabliczkę Najsilniejsze porty (+2 punkty).	{@p} En Güçlü Limanlar plakasını alır (+2 puan).	{@p} бере табличку «Найсильніші гавані» (+2 очка).	{@p}이(가) 최강 항구 표지를 가져갑니다 (+2점).	{@p}は「最強の港」プレートを取ります（+2点）。	{@p}获得“最强港口”牌（+2分）。
{@p} takes the Strongest Harbors plaque from {@q} (+2 points).	{@p} nimmt {@q} die Tafel „Stärkste Häfen“ ab (+2 Siegpunkte).	{@p} tager pladen Stærkeste havne fra {@q} (+2 point).	{@p} tar plaketten Starkaste hamnar från {@q} (+2 poäng).	{@p} tar plaketten Sterkeste havner fra {@q} (+2 poeng).	{@p} neemt het plaatje Sterkste havens van {@q} (+2 punten).	{@p} prend la plaque Ports les plus forts à {@q} (+2 points).	{@p} le quita a {@q} la placa Puertos más fuertes (+2 puntos).	{@p} prende a {@q} la tessera Porti più forti (+2 punti).	{@p} tira a {@q} a placa Portos mais fortes (+2 pontos).	{@p} zabiera graczowi {@q} tabliczkę Najsilniejsze porty (+2 punkty).	{@p}, En Güçlü Limanlar plakasını {@q} oyuncusundan alır (+2 puan).	{@p} забирає в {@q} табличку «Найсильніші гавані» (+2 очка).	{@p}이(가) {@q}에게서 최강 항구 표지를 가져갑니다 (+2점).	{@p}は{@q}から「最強の港」プレートを奪います（+2点）。	{@p}从{@q}处夺得“最强港口”牌（+2分）。
{@p} spends {n} fish to take the robber off the board.	{@p} gibt {n} Fisch ab und nimmt den Räuber vom Spielplan.	{@p} bruger {n} fisk på at tage røveren af brættet.	{@p} lämnar {n} fisk för att ta bort rövaren från spelplanen.	{@p} bruker {n} fisk for å ta røveren av brettet.	{@p} geeft {n} vis uit om de rover van het bord te halen.	{@p} dépense {n} poissons pour retirer le voleur du plateau.	{@p} gasta {n} de pescado para retirar al ladrón del tablero.	{@p} spende {n} pesci per togliere il brigante dal tabellone.	{@p} gasta {n} de peixe para tirar o ladrão do tabuleiro.	{@p} wydaje {n} ryb, by zdjąć rozbójnika z planszy.	{@p}, haydudu tahtadan kaldırmak için {n} balık harcar.	{@p} витрачає {n} риби, щоб зняти розбійника з поля.	{@p}이(가) 물고기 {n}마리로 도둑을 보드에서 치웁니다.	{@p}は魚{n}匹で盗賊を盤上から取り除きます。	{@p}花费{n}条鱼，将强盗移出棋盘。
{@p} spends {n} fish.	{@p} gibt {n} Fisch aus.	{@p} bruger {n} fisk.	{@p} använder {n} fisk.	{@p} bruker {n} fisk.	{@p} geeft {n} vis uit.	{@p} dépense {n} poissons.	{@p} gasta {n} de pescado.	{@p} spende {n} pesci.	{@p} gasta {n} de peixe.	{@p} wydaje {n} ryb.	{@p} {n} balık harcar.	{@p} витрачає {n} риби.	{@p}이(가) 물고기 {n}마리를 사용합니다.	{@p}は魚を{n}匹使います。	{@p}花费{n}条鱼。
{@p} swaps a fish token.	{@p} tauscht ein Fischplättchen.	{@p} bytter en fiskebrik.	{@p} byter en fiskbricka.	{@p} bytter en fiskebrikke.	{@p} ruilt een vistegel.	{@p} échange un jeton poisson.	{@p} cambia una ficha de pescado.	{@p} scambia una tessera pesce.	{@p} troca uma ficha de peixe.	{@p} wymienia żeton ryb.	{@p} bir balık jetonunu değiştirir.	{@p} обмінює жетон риби.	{@p}이(가) 물고기 타일을 교환합니다.	{@p}は魚タイルを交換します。	{@p}更换一张鱼牌。
{@p} passes the old boot to {@q}.	{@p} gibt den alten Schuh an {@q} weiter.	{@p} giver den gamle støvle videre til {@q}.	{@p} ger den gamla kängan vidare till {@q}.	{@p} gir den gamle støvelen videre til {@q}.	{@p} geeft de oude laars door aan {@q}.	{@p} passe la vieille botte à {@q}.	{@p} pasa la bota vieja a {@q}.	{@p} passa il vecchio stivale a {@q}.	{@p} passa a bota velha a {@q}.	{@p} przekazuje stary but graczowi {@q}.	{@p}, eski botu {@q} oyuncusuna devreder.	{@p} передає старий чобіт гравцю {@q}.	{@p}이(가) 낡은 장화를 {@q}에게 넘깁니다.	{@p}は古い長靴を{@q}に渡します。	{@p}把旧靴子传给{@q}。
The earthquake damages {@p}'s road.	Das Erdbeben beschädigt die Straße von {@p}.	Jordskælvet beskadiger {@p}s vej.	Jordbävningen skadar {@p}s väg.	Jordskjelvet skader {@p}s vei.	De aardbeving beschadigt de straat van {@p}.	Le tremblement de terre endommage la route de {@p}.	El terremoto daña el camino de {@p}.	Il terremoto danneggia la strada di {@p}.	O terramoto danifica a estrada de {@p}.	Trzęsienie ziemi uszkadza drogę gracza {@p}.	Deprem {@p} oyuncusunun yolunu hasarlandırır.	Землетрус пошкоджує дорогу гравця {@p}.	지진이 {@p}의 길을 손상시킵니다.	地震で{@p}の道が壊れます。	地震损坏了{@p}的道路。
{@p} repairs a road.	{@p} repariert eine Straße.	{@p} reparerer en vej.	{@p} reparerar en väg.	{@p} reparerer en vei.	{@p} repareert een straat.	{@p} répare une route.	{@p} repara un camino.	{@p} ripara una strada.	{@p} repara uma estrada.	{@p} naprawia drogę.	{@p} bir yolu onarır.	{@p} ремонтує дорогу.	{@p}이(가) 길을 수리합니다.	{@p}は道を修理します。	{@p}修复了一条道路。
{@p} takes {$c} from the bank.	{@p} nimmt {$c} aus dem Vorrat.	{@p} tager {$c} fra banken.	{@p} tar {$c} från banken.	{@p} tar {$c} fra banken.	{@p} pakt {$c} van de bank.	{@p} prend {$c} à la banque.	{@p} toma {$c} del banco.	{@p} prende {$c} dalla banca.	{@p} pega {$c} do banco.	{@p} bierze {$c} z banku.	{@p} bankadan {$c} alır.	{@p} бере {$c} з банку.	{@p}이(가) 은행에서 {$c}을(를) 가져갑니다.	{@p}は銀行から{$c}を取ります。	{@p}从银行拿取{$c}。
{@p} gives {@q} a card.	{@p} schenkt {@q} eine Karte.	{@p} giver {@q} et kort.	{@p} ger {@q} ett kort.	{@p} gir {@q} et kort.	{@p} geeft {@q} een kaart.	{@p} donne une carte à {@q}.	{@p} da una carta a {@q}.	{@p} dà una carta a {@q}.	{@p} dá uma carta a {@q}.	{@p} daje graczowi {@q} kartę.	{@p}, {@q} oyuncusuna bir kart verir.	{@p} дає гравцю {@q} карту.	{@p}이(가) {@q}에게 카드 한 장을 줍니다.	{@p}は{@q}にカードを1枚渡します。	{@p}送给{@q}一张牌。
No tile is open to the robber, so he stays away.	Kein Feld steht dem Räuber offen, er bleibt deshalb weg.	Ingen felter er åbne for røveren, så han bliver væk.	Ingen ruta är öppen för rövaren, så han håller sig borta.	Ingen felt er åpne for røveren, så han holder seg borte.	Geen enkel gebied is open voor de rover, dus hij blijft weg.	Aucune tuile n'est accessible au voleur, il reste donc à l'écart.	Ninguna casilla está abierta al ladrón, así que se queda fuera.	Nessun territorio è aperto al brigante, che quindi resta fuori.	Nenhum terreno está aberto ao ladrão, por isso fica de fora.	Żadne pole nie jest dostępne dla rozbójnika, więc zostaje poza planszą.	Haydut için uygun bir arazi yok, bu yüzden uzak durur.	Жодна ділянка не доступна розбійнику, тож він лишається осторонь.	도둑이 갈 수 있는 땅이 없어 그대로 밖에 있습니다.	盗賊が行けるタイルがないので、盤外にとどまります。	没有强盗可去的地块，他留在场外。
A wagon cannot go there.	Ein Wagen kann dort nicht hin.	En vogn kan ikke komme dertil.	En vagn kan inte gå dit.	En vogn kan ikke komme dit.	Een wagen kan daar niet heen.	Un chariot ne peut pas aller là.	Una carreta no puede ir allí.	Un carro non può andare lì.	Uma carroça não pode ir para lá.	Wóz nie może tam jechać.	Araba oraya gidemez.	Віз не може туди поїхати.	마차는 그곳으로 갈 수 없습니다.	荷馬車はそこへ行けません。	马车不能去那里。
Nothing to vote on.	Es gibt nichts abzustimmen.	Der er intet at stemme om.	Det finns inget att rösta om.	Det er ingenting å stemme om.	Er valt niets te stemmen.	Rien sur quoi voter.	No hay nada que votar.	Non c'è nulla su cui votare.	Não há nada para votar.	Nie ma nad czym głosować.	Oylanacak bir şey yok.	Нема за що голосувати.	투표할 것이 없습니다.	投票するものがありません。	没有需要投票的事项。
Nothing to decide.	Es gibt nichts zu entscheiden.	Der er intet at beslutte.	Det finns inget att avgöra.	Det er ingenting å avgjøre.	Er valt niets te beslissen.	Rien à décider.	No hay nada que decidir.	Non c'è nulla da decidere.	Não há nada para decidir.	Nie ma o czym decydować.	Karar verilecek bir şey yok.	Нічого вирішувати.	결정할 것이 없습니다.	決めることはありません。	没有需要决定的事项。
{@p} starts a caravan.	{@p} beginnt eine Karawane.	{@p} starter en karavane.	{@p} startar en karavan.	{@p} starter en karavane.	{@p} start een karavaan.	{@p} lance une caravane.	{@p} inicia una caravana.	{@p} avvia una carovana.	{@p} inicia uma caravana.	{@p} rozpoczyna karawanę.	{@p} bir kervan başlatır.	{@p} починає караван.	{@p}이(가) 대상 행렬을 시작합니다.	{@p}はキャラバンを始めます。	{@p}开始了一支商队。
Two caravans grow together.	Zwei Karawanen wachsen zusammen.	To karavaner vokser sammen.	Två karavaner växer ihop.	To karavaner vokser sammen.	Twee karavanen groeien aan elkaar.	Deux caravanes se rejoignent.	Dos caravanas se unen.	Due carovane si uniscono.	Duas caravanas juntam-se.	Dwie karawany łączą się.	İki kervan birleşir.	Два каравани зростаються.	두 대상 행렬이 하나로 이어집니다.	2つのキャラバンがつながります。	两支商队连在了一起。
{@p} sets out a caravan wagon.	{@p} schickt einen Karawanenwagen los.	{@p} sender en karavanevogn af sted.	{@p} skickar ut en karavanvagn.	{@p} sender ut en karavanevogn.	{@p} stuurt een karavaanwagen op pad.	{@p} met en route un chariot de caravane.	{@p} pone en marcha una carreta de la caravana.	{@p} mette in viaggio un carro della carovana.	{@p} põe a caminho uma carroça da caravana.	{@p} wysyła wóz karawany.	{@p} bir kervan arabası yola çıkarır.	{@p} відправляє віз каравану.	{@p}이(가) 대상 행렬 마차를 내보냅니다.	{@p}はキャラバンの荷馬車を送り出します。	{@p}派出了一辆商队马车。
A new wagon is set out. Everyone may lay out wool and grain as votes.	Ein neuer Wagen wird losgeschickt. Alle dürfen Wolle und Getreide als Stimmen auslegen.	En ny vogn sendes af sted. Alle må lægge uld og korn frem som stemmer.	En ny vagn skickas ut. Alla får lägga fram ull och säd som röster.	En ny vogn sendes ut. Alle kan legge frem ull og korn som stemmer.	Een nieuwe wagen wordt op pad gestuurd. Iedereen mag wol en graan als stemmen neerleggen.	Un nouveau chariot est mis en route. Chacun peut déposer de la laine et du blé comme voix.	Se pone en marcha una nueva carreta. Todos pueden jugar lana y cereal como votos.	Un nuovo carro si mette in viaggio. Tutti possono giocare lana e grano come voti.	Uma nova carroça põe-se a caminho. Todos podem jogar lã e cereal como votos.	Wyrusza nowy wóz. Każdy może wyłożyć wełnę i zboże jako głosy.	Yeni bir araba yola çıkar. Herkes oy olarak yün ve tahıl koyabilir.	Відправляється новий віз. Усі можуть викласти вовну й зерно як голоси.	새 마차가 출발합니다. 모두 양모와 곡물을 투표로 낼 수 있습니다.	新しい荷馬車が出発します。全員が羊毛と小麦を票として出せます。	新的马车出发了。所有人都可以打出羊毛和粮食作为选票。
{@p} has more votes than all the others together and decides.	{@p} hat mehr Stimmen als alle anderen zusammen und entscheidet.	{@p} har flere stemmer end alle andre tilsammen og bestemmer.	{@p} har fler röster än alla andra tillsammans och bestämmer.	{@p} har flere stemmer enn alle de andre til sammen og bestemmer.	{@p} heeft meer stemmen dan alle anderen samen en beslist.	{@p} a plus de voix que tous les autres réunis et décide.	{@p} tiene más votos que todos los demás juntos y decide.	{@p} ha più voti di tutti gli altri insieme e decide.	{@p} tem mais votos do que todos os outros juntos e decide.	{@p} ma więcej głosów niż wszyscy pozostali razem i decyduje.	{@p} diğerlerinin toplamından fazla oya sahiptir ve karar verir.	{@p} має більше голосів, ніж усі інші разом, і вирішує.	{@p}이(가) 나머지 전원보다 표가 많아 결정합니다.	{@p}の票が他の全員の合計より多いため、決定権を持ちます。	{@p}的票数超过其他所有人之和，由其决定。
{@p} lays out {n} votes.	{@p} legt {n} Stimmen aus.	{@p} lægger {n} stemmer frem.	{@p} lägger fram {n} röster.	{@p} legger frem {n} stemmer.	{@p} legt {n} stemmen neer.	{@p} dépose {n} voix.	{@p} juega {n} votos.	{@p} gioca {n} voti.	{@p} joga {n} votos.	{@p} wykłada {n} głosów.	{@p} {n} oy koyar.	{@p} викладає голосів: {n}.	{@p}이(가) {n}표를 냅니다.	{@p}は{n}票を出します。	{@p}打出{n}张选票。
Pick a free path.	Wähle einen freien Weg.	Vælg en fri sti.	Välj en ledig stig.	Velg en ledig sti.	Kies een vrij pad.	Choisissez un chemin libre.	Elige un camino libre.	Scegli un sentiero libero.	Escolhe um caminho livre.	Wybierz wolną ścieżkę.	Boş bir patika seç.	Оберіть вільний шлях.	빈 길목을 고르세요.	空いている小道を選んでください。	请选择一条空闲的小径。
No knights left.	Keine Ritter mehr übrig.	Ingen riddere tilbage.	Inga riddare kvar.	Ingen riddere igjen.	Geen ridders meer over.	Plus de chevaliers.	No quedan caballeros.	Non restano cavalieri.	Já não há cavaleiros.	Brak rycerzy.	Şövalye kalmadı.	Лицарів не лишилося.	남은 기사가 없습니다.	騎士が残っていません。	没有骑士了。
Pick two tiles with barbarians.	Wähle zwei Felder mit Barbaren.	Vælg to felter med barbarer.	Välj två rutor med barbarer.	Velg to felt med barbarer.	Kies twee gebieden met barbaren.	Choisissez deux tuiles avec des barbares.	Elige dos casillas con bárbaros.	Scegli due territori con barbari.	Escolhe dois terrenos com bárbaros.	Wybierz dwa pola z barbarzyńcami.	Barbar olan iki arazi seç.	Оберіть дві ділянки з варварами.	야만인이 있는 땅 두 곳을 고르세요.	蛮族のいるタイルを2枚選んでください。	请选择两个有野蛮人的地块。
Pick two other coast tiles that are not conquered.	Wähle zwei andere Küstenfelder, die nicht erobert sind.	Vælg to andre kystfelter, der ikke er erobret.	Välj två andra kustrutor som inte är erövrade.	Velg to andre kystfelt som ikke er erobret.	Kies twee andere kustgebieden die niet veroverd zijn.	Choisissez deux autres tuiles côtières non conquises.	Elige otras dos casillas costeras que no estén conquistadas.	Scegli altri due territori costieri non conquistati.	Escolhe outros dois terrenos costeiros que não estejam conquistados.	Wybierz dwa inne pola przybrzeżne, które nie są zdobyte.	Fethedilmemiş iki başka kıyı arazisi seç.	Оберіть дві інші прибережні ділянки, які не захоплені.	점령되지 않은 다른 해안 땅 두 곳을 고르세요.	占領されていない別の海岸タイルを2枚選んでください。	请选择另外两个未被占领的海岸地块。
Pick a tile with barbarians.	Wähle ein Feld mit Barbaren.	Vælg et felt med barbarer.	Välj en ruta med barbarer.	Velg et felt med barbarer.	Kies een gebied met barbaren.	Choisissez une tuile avec des barbares.	Elige una casilla con bárbaros.	Scegli un territorio con barbari.	Escolhe um terreno com bárbaros.	Wybierz pole z barbarzyńcami.	Barbar olan bir arazi seç.	Оберіть ділянку з варварами.	야만인이 있는 땅을 고르세요.	蛮族のいるタイルを選んでください。	请选择一个有野蛮人的地块。
It is not time to move knights.	Es ist nicht die Zeit, Ritter zu bewegen.	Det er ikke tid til at flytte riddere.	Det är inte dags att flytta riddare.	Det er ikke tid for å flytte riddere.	Het is niet het moment om ridders te verplaatsen.	Ce n'est pas le moment de déplacer des chevaliers.	No es el momento de mover caballeros.	Non è il momento di muovere i cavalieri.	Não é altura de mover cavaleiros.	Nie czas na ruch rycerzy.	Şövalyeleri hareket ettirme zamanı değil.	Зараз не час рухати лицарів.	지금은 기사를 움직일 때가 아닙니다.	今は騎士を動かすときではありません。	现在不是移动骑士的时候。
Pick one of your knights that has not moved.	Wähle einen deiner Ritter, der noch nicht gezogen ist.	Vælg en af dine riddere, der ikke har flyttet sig.	Välj en av dina riddare som inte har flyttats.	Velg en av ridderne dine som ikke har flyttet seg.	Kies een van je ridders die nog niet bewogen heeft.	Choisissez l'un de vos chevaliers qui n'a pas bougé.	Elige uno de tus caballeros que no se haya movido.	Scegli uno dei tuoi cavalieri che non si è mosso.	Escolhe um dos teus cavaleiros que ainda não se moveu.	Wybierz jednego ze swoich rycerzy, który jeszcze się nie ruszył.	Henüz hareket etmemiş şövalyelerinden birini seç.	Оберіть одного зі своїх лицарів, який ще не ходив.	아직 움직이지 않은 내 기사 하나를 고르세요.	まだ動いていない自分の騎士を選んでください。	请选择你一名尚未移动的骑士。
The knight cannot go there.	Der Ritter kann dort nicht hin.	Ridderen kan ikke komme dertil.	Riddaren kan inte gå dit.	Ridderen kan ikke komme dit.	De ridder kan daar niet heen.	Le chevalier ne peut pas aller là.	El caballero no puede ir allí.	Il cavaliere non può andare lì.	O cavaleiro não pode ir para lá.	Rycerz nie może tam pójść.	Şövalye oraya gidemez.	Лицар не може туди піти.	기사는 그곳으로 갈 수 없습니다.	騎士はそこへ行けません。	骑士不能去那里。
Moving 5 paths costs 1 grain.	5 Wege weit zu ziehen kostet 1 Getreide.	At flytte 5 stier koster 1 korn.	Att flytta 5 stigar kostar 1 säd.	Å flytte 5 stier koster 1 korn.	5 paden ver verplaatsen kost 1 graan.	Se déplacer de 5 chemins coûte 1 blé.	Mover 5 caminos cuesta 1 cereal.	Muoversi di 5 sentieri costa 1 grano.	Mover 5 caminhos custa 1 cereal.	Ruch o 5 ścieżek kosztuje 1 zboże.	5 patika ilerlemek 1 tahıla mal olur.	Рух на 5 шляхів коштує 1 зерно.	5칸 이동에는 곡물 1장이 듭니다.	5か所動くには小麦が1枚必要です。	移动5段需要1张粮食。
Knights must leave the castle.	Die Ritter müssen die Burg verlassen.	Ridderne må forlade borgen.	Riddarna måste lämna borgen.	Ridderne må forlate borgen.	De ridders moeten het kasteel verlaten.	Les chevaliers doivent quitter le château.	Los caballeros deben abandonar el castillo.	I cavalieri devono lasciare il castello.	Os cavaleiros têm de sair do castelo.	Rycerze muszą opuścić zamek.	Şövalyeler kaleden çıkmalı.	Лицарі мають залишити замок.	기사는 성을 떠나야 합니다.	騎士は城を出なければなりません。	骑士必须离开城堡。
The barbarians conquer the {n} tile.	Die Barbaren erobern das Feld {n}.	Barbarerne erobrer feltet {n}.	Barbarerna erövrar rutan {n}.	Barbarene erobrer feltet {n}.	De barbaren veroveren het gebied {n}.	Les barbares conquièrent la tuile {n}.	Los bárbaros conquistan la casilla {n}.	I barbari conquistano il territorio {n}.	Os bárbaros conquistam o terreno {n}.	Barbarzyńcy zdobywają pole {n}.	Barbarlar {n} arazisini fetheder.	Варвари захоплюють ділянку {n}.	야만인이 {n} 땅을 점령합니다.	蛮族が{n}のタイルを占領します。	野蛮人占领了{n}地块。
The {n} tile is free again.	Das Feld {n} ist wieder frei.	Feltet {n} er fri igen.	Rutan {n} är fri igen.	Feltet {n} er fritt igjen.	Het gebied {n} is weer vrij.	La tuile {n} est de nouveau libre.	La casilla {n} vuelve a estar libre.	Il territorio {n} è di nuovo libero.	O terreno {n} está novamente livre.	Pole {n} jest znów wolne.	{n} arazisi yeniden özgür.	Ділянка {n} знову вільна.	{n} 땅이 다시 자유로워졌습니다.	{n}のタイルは再び解放されました。	{n}地块重新获得自由。
Barbarians land: {n}.	Barbaren landen: {n}.	Barbarer lander: {n}.	Barbarer landar: {n}.	Barbarer lander: {n}.	Barbaren landen: {n}.	Des barbares débarquent : {n}.	Los bárbaros desembarcan: {n}.	I barbari sbarcano: {n}.	Os bárbaros desembarcam: {n}.	Barbarzyńcy lądują: {n}.	Barbarlar karaya çıkar: {n}.	Варвари висаджуються: {n}.	야만인이 상륙합니다: {n}.	蛮族が上陸します：{n}。	野蛮人登陆：{n}。
{@p} has built, so barbarians land.	{@p} hat gebaut, deshalb landen Barbaren.	{@p} har bygget, så barbarer lander.	{@p} har byggt, så barbarer landar.	{@p} har bygget, så barbarer lander.	{@p} heeft gebouwd, dus barbaren landen.	{@p} a construit, des barbares débarquent donc.	{@p} ha construido, así que desembarcan bárbaros.	{@p} ha costruito, quindi sbarcano dei barbari.	{@p} construiu, por isso desembarcam bárbaros.	{@p} zbudował(a), więc lądują barbarzyńcy.	{@p} inşa etti, bu yüzden barbarlar karaya çıkar.	{@p} збудував(ла), тож висаджуються варвари.	{@p}이(가) 건설하여 야만인이 상륙합니다.	{@p}が建設したので、蛮族が上陸します。	{@p}建造后，野蛮人登陆。
{@p} turned over {%c}.	{@p} deckt {%c} auf.	{@p} vender {%c}.	{@p} vänder upp {%c}.	{@p} snur {%c}.	{@p} draait {%c} om.	{@p} retourne {%c}.	{@p} da la vuelta a {%c}.	{@p} scopre {%c}.	{@p} vira {%c}.	{@p} odkrywa kartę {%c}.	{@p} {%c} kartını açar.	{@p} відкриває {%c}.	{@p}이(가) {%c}을(를) 뒤집습니다.	{@p}は{%c}をめくります。	{@p}翻开了{%c}。
{@p} has no knight to place.	{@p} hat keinen Ritter zum Einsetzen.	{@p} har ingen ridder at placere.	{@p} har ingen riddare att placera.	{@p} har ingen ridder å plassere.	{@p} heeft geen ridder om te plaatsen.	{@p} n'a pas de chevalier à placer.	{@p} no tiene ningún caballero que colocar.	{@p} non ha cavalieri da piazzare.	{@p} não tem cavaleiro para colocar.	{@p} nie ma rycerza do postawienia.	{@p} yerleştirecek şövalyesi yok.	{@p} не має лицаря для розміщення.	{@p}은(는) 놓을 기사가 없습니다.	{@p}には置ける騎士がいません。	{@p}没有可放置的骑士。
The knights defeat the barbarians on the {n} tile.	Die Ritter besiegen die Barbaren auf dem Feld {n}.	Ridderne besejrer barbarerne på feltet {n}.	Riddarna besegrar barbarerna på rutan {n}.	Ridderne beseirer barbarene på feltet {n}.	De ridders verslaan de barbaren op het gebied {n}.	Les chevaliers battent les barbares sur la tuile {n}.	Los caballeros derrotan a los bárbaros en la casilla {n}.	I cavalieri sconfiggono i barbari sul territorio {n}.	Os cavaleiros derrotam os bárbaros no terreno {n}.	Rycerze pokonują barbarzyńców na polu {n}.	Şövalyeler {n} arazisindeki barbarları yener.	Лицарі перемагають варварів на ділянці {n}.	기사들이 {n} 땅의 야만인을 물리칩니다.	騎士たちが{n}のタイルの蛮族を打ち破ります。	骑士们击败了{n}地块上的野蛮人。
The colour die shows {#c}.	Der Farbwürfel zeigt {#c}.	Farveterningen viser {#c}.	Färgtärningen visar {#c}.	Fargeterningen viser {#c}.	De kleurendobbelsteen toont {#c}.	Le dé de couleur montre {#c}.	El dado de color muestra {#c}.	Il dado colorato mostra {#c}.	O dado de cor mostra {#c}.	Kostka koloru pokazuje {#c}.	Renk zarı {#c} gösterir.	Кубик кольору показує {#c}.	색 주사위는 {#c}입니다.	色ダイスは{#c}です。	颜色骰子显示{#c}。
{@p} loses a knight and receives 3 gold.	{@p} verliert einen Ritter und erhält 3 Gold.	{@p} mister en ridder og får 3 guld.	{@p} förlorar en riddare och får 3 guld.	{@p} mister en ridder og får 3 gull.	{@p} verliest een ridder en ontvangt 3 goud.	{@p} perd un chevalier et reçoit 3 or.	{@p} pierde un caballero y recibe 3 de oro.	{@p} perde un cavaliere e riceve 3 oro.	{@p} perde um cavaleiro e recebe 3 de ouro.	{@p} traci rycerza i dostaje 3 złota.	{@p} bir şövalye kaybeder ve 3 altın alır.	{@p} втрачає лицаря й отримує 3 золота.	{@p}이(가) 기사 한 명을 잃고 금 3개를 받습니다.	{@p}は騎士を1人失い、金を3枚受け取ります。	{@p}失去一名骑士，获得3金币。
{@p} takes {n} prisoners.	{@p} macht {n} Gefangene.	{@p} tager {n} fanger.	{@p} tar {n} fångar.	{@p} tar {n} fanger.	{@p} neemt {n} gevangenen.	{@p} fait {n} prisonniers.	{@p} hace {n} prisioneros.	{@p} cattura {n} prigionieri.	{@p} faz {n} prisioneiros.	{@p} bierze {n} jeńców.	{@p} {n} esir alır.	{@p} бере бранців: {n}.	{@p}이(가) 포로 {n}명을 잡습니다.	{@p}は捕虜を{n}人取ります。	{@p}俘虏了{n}人。
{@p} receives 3 gold.	{@p} erhält 3 Gold.	{@p} får 3 guld.	{@p} får 3 guld.	{@p} får 3 gull.	{@p} ontvangt 3 goud.	{@p} reçoit 3 or.	{@p} recibe 3 de oro.	{@p} riceve 3 oro.	{@p} recebe 3 de ouro.	{@p} dostaje 3 złota.	{@p} 3 altın alır.	{@p} отримує 3 золота.	{@p}이(가) 금 3개를 받습니다.	{@p}は金を3枚受け取ります。	{@p}获得3金币。
{@p} sets a knight.	{@p} setzt einen Ritter ein.	{@p} sætter en ridder.	{@p} sätter ut en riddare.	{@p} setter ut en ridder.	{@p} zet een ridder neer.	{@p} place un chevalier.	{@p} coloca un caballero.	{@p} piazza un cavaliere.	{@p} coloca um cavaleiro.	{@p} stawia rycerza.	{@p} bir şövalye yerleştirir.	{@p} ставить лицаря.	{@p}이(가) 기사를 놓습니다.	{@p}は騎士を置きます。	{@p}放置了一名骑士。
{@p} sets barbarians against each other.	{@p} hetzt Barbaren gegeneinander auf.	{@p} hidser barbarer op mod hinanden.	{@p} hetsar barbarer mot varandra.	{@p} hisser barbarer mot hverandre.	{@p} zet barbaren tegen elkaar op.	{@p} monte les barbares les uns contre les autres.	{@p} enfrenta a los bárbaros entre sí.	{@p} mette i barbari l'uno contro l'altro.	{@p} põe os bárbaros uns contra os outros.	{@p} podburza barbarzyńców przeciw sobie.	{@p} barbarları birbirine düşürür.	{@p} стравлює варварів між собою.	{@p}이(가) 야만인들을 서로 싸우게 합니다.	{@p}は蛮族同士を争わせます。	{@p}让野蛮人自相残杀。
{@p} takes a prisoner.	{@p} macht einen Gefangenen.	{@p} tager en fange.	{@p} tar en fånge.	{@p} tar en fange.	{@p} neemt een gevangene.	{@p} fait un prisonnier.	{@p} hace un prisionero.	{@p} cattura un prigioniero.	{@p} faz um prisioneiro.	{@p} bierze jeńca.	{@p} bir esir alır.	{@p} бере бранця.	{@p}이(가) 포로 한 명을 잡습니다.	{@p}は捕虜を1人取ります。	{@p}俘虏了一人。
{@p} moves a knight.	{@p} bewegt einen Ritter.	{@p} flytter en ridder.	{@p} flyttar en riddare.	{@p} flytter en ridder.	{@p} verplaatst een ridder.	{@p} déplace un chevalier.	{@p} mueve un caballero.	{@p} muove un cavaliere.	{@p} move um cavaleiro.	{@p} rusza rycerzem.	{@p} bir şövalyeyi hareket ettirir.	{@p} рухає лицаря.	{@p}이(가) 기사를 움직입니다.	{@p}は騎士を動かします。	{@p}移动了一名骑士。
Pick a barbarian.	Wähle einen Barbaren.	Vælg en barbar.	Välj en barbar.	Velg en barbar.	Kies een barbaar.	Choisissez un barbare.	Elige un bárbaro.	Scegli un barbaro.	Escolhe um bárbaro.	Wybierz barbarzyńcę.	Bir barbar seç.	Оберіть варвара.	야만인을 고르세요.	蛮族を選んでください。	请选择一个野蛮人。
A barbarian cannot go there.	Ein Barbar kann dort nicht hin.	En barbar kan ikke komme dertil.	En barbar kan inte gå dit.	En barbar kan ikke komme dit.	Een barbaar kan daar niet heen.	Un barbare ne peut pas aller là.	Un bárbaro no puede ir allí.	Un barbaro non può andare lì.	Um bárbaro não pode ir para lá.	Barbarzyńca nie może tam pójść.	Barbar oraya gidemez.	Варвар не може туди піти.	야만인은 그곳으로 갈 수 없습니다.	蛮族はそこへ行けません。	野蛮人不能去那里。
It is not time to move your wagon.	Es ist nicht die Zeit, deinen Wagen zu bewegen.	Det er ikke tid til at flytte din vogn.	Det är inte dags att flytta din vagn.	Det er ikke tid for å flytte vognen din.	Het is niet het moment om je wagen te verplaatsen.	Ce n'est pas le moment de déplacer votre chariot.	No es el momento de mover tu carreta.	Non è il momento di muovere il tuo carro.	Não é altura de mover a tua carroça.	Nie czas na ruch twoim wozem.	Arabanı hareket ettirme zamanı değil.	Зараз не час рухати свій віз.	지금은 마차를 움직일 때가 아닙니다.	今は荷馬車を動かすときではありません。	现在不是移动你的马车的时候。
Place the barbarian first.	Setze zuerst den Barbaren ein.	Placér først barbaren.	Placera först barbaren.	Plasser først barbaren.	Plaats eerst de barbaar.	Placez d'abord le barbare.	Coloca primero al bárbaro.	Piazza prima il barbaro.	Coloca primeiro o bárbaro.	Najpierw postaw barbarzyńcę.	Önce barbarı yerleştir.	Спершу розмістіть варвара.	먼저 야만인을 놓으세요.	まず蛮族を置いてください。	请先放置野蛮人。
The wagon cannot go there.	Der Wagen kann dort nicht hin.	Vognen kan ikke komme dertil.	Vagnen kan inte gå dit.	Vognen kan ikke komme dit.	De wagen kan daar niet heen.	Le chariot ne peut pas aller là.	La carreta no puede ir allí.	Il carro non può andare lì.	A carroça não pode ir para lá.	Wóz nie może tam pojechać.	Araba oraya gidemez.	Віз не може туди поїхати.	마차는 그곳으로 갈 수 없습니다.	荷馬車はそこへ行けません。	马车不能去那里。
You can drive barbarians away from the second level on.	Barbaren vertreiben kannst du ab der zweiten Stufe.	Du kan drive barbarer væk fra andet trin.	Du kan driva bort barbarer från den andra nivån.	Du kan drive barbarer bort fra andre nivå.	Barbaren verdrijven kun je vanaf het tweede niveau.	Vous pouvez chasser les barbares à partir du deuxième niveau.	Puedes expulsar bárbaros a partir del segundo nivel.	Puoi scacciare i barbari dal secondo livello.	Podes expulsar bárbaros a partir do segundo nível.	Barbarzyńców można przeganiać od drugiego poziomu.	Barbarları ikinci seviyeden itibaren kovabilirsin.	Проганяти варварів можна з другого рівня.	야만인은 2단계부터 몰아낼 수 있습니다.	蛮族を追い払えるのはレベル2からです。	从第2级起才能驱赶野蛮人。
Stand in front of a barbarian first.	Stelle dich zuerst vor einen Barbaren.	Stil dig først foran en barbar.	Ställ dig först framför en barbar.	Still deg først foran en barbar.	Ga eerst voor een barbaar staan.	Placez-vous d'abord devant un barbare.	Colócate primero frente a un bárbaro.	Mettiti prima davanti a un barbaro.	Coloca-te primeiro em frente a um bárbaro.	Najpierw stań przed barbarzyńcą.	Önce bir barbarın önüne geç.	Спершу станьте перед варваром.	먼저 야만인 앞에 서세요.	まず蛮族の前に立ってください。	请先站到一个野蛮人面前。
You already tried that barbarian this turn.	Diesen Barbaren hast du in diesem Zug schon versucht.	Du har allerede prøvet den barbar i denne tur.	Du har redan försökt med den barbaren den här turen.	Du har allerede prøvd den barbaren i denne turen.	Die barbaar heb je deze beurt al geprobeerd.	Vous avez déjà essayé ce barbare ce tour-ci.	Ya lo intentaste con ese bárbaro este turno.	Hai già provato con quel barbaro in questo turno.	Já tentaste esse bárbaro neste turno.	Ten barbarzyńca był już próbowany w tej turze.	Bu barbarı bu turda zaten denedin.	Цього варвара ви вже пробували в цей хід.	이번 차례에 이미 그 야만인을 시도했습니다.	この手番でその蛮族はもう試しました。	本回合你已经对这个野蛮人尝试过了。
Once per turn.	Einmal pro Zug.	Én gang pr. tur.	En gång per tur.	Én gang per tur.	Eén keer per beurt.	Une fois par tour.	Una vez por turno.	Una volta per turno.	Uma vez por turno.	Raz na turę.	Turda bir kez.	Раз на хід.	차례당 한 번.	1手番に1回。	每回合一次。
The move ended at the target.	Die Bewegung endete am Ziel.	Bevægelsen sluttede ved målet.	Förflyttningen slutade vid målet.	Bevegelsen endte ved målet.	De beweging eindigde bij het doel.	Le déplacement s'est terminé à la destination.	El movimiento terminó en el destino.	Il movimento è terminato alla meta.	O movimento terminou no destino.	Ruch zakończył się u celu.	Hareket hedefte bitti.	Рух закінчився в пункті призначення.	이동이 목적지에서 끝났습니다.	移動は目的地で終わりました。	移动已在目的地结束。
Move your wagon first.	Bewege zuerst deinen Wagen.	Flyt først din vogn.	Flytta först din vagn.	Flytt først vognen din.	Verplaats eerst je wagen.	Déplacez d'abord votre chariot.	Mueve primero tu carreta.	Muovi prima il tuo carro.	Move primeiro a tua carroça.	Najpierw ruszaj swoim wozem.	Önce arabanı hareket ettir.	Спершу рушіть свій віз.	먼저 마차를 움직이세요.	まず荷馬車を動かしてください。	请先移动你的马车。
Your wagon is fully upgraded.	Dein Wagen ist voll ausgebaut.	Din vogn er fuldt opgraderet.	Din vagn är fullt uppgraderad.	Vognen din er fullt oppgradert.	Je wagen is volledig geüpgraded.	Votre chariot est entièrement amélioré.	Tu carreta está totalmente mejorada.	Il tuo carro è completamente potenziato.	A tua carroça está totalmente melhorada.	Twój wóz jest w pełni ulepszony.	Araban tamamen yükseltildi.	Ваш віз повністю покращено.	마차가 최대로 업그레이드되었습니다.	荷馬車は最大までアップグレード済みです。	你的马车已完全升级。
{@p} parks a wagon next to the city.	{@p} stellt einen Wagen neben die Stadt.	{@p} parkerer en vogn ved siden af byen.	{@p} ställer en vagn bredvid staden.	{@p} parkerer en vogn ved siden av byen.	{@p} zet een wagen naast de stad.	{@p} gare un chariot à côté de la ville.	{@p} aparca una carreta junto a la ciudad.	{@p} parcheggia un carro accanto alla città.	{@p} estaciona uma carroça junto à cidade.	{@p} parkuje wóz obok miasta.	{@p} şehrin yanına bir araba park eder.	{@p} ставить віз біля міста.	{@p}이(가) 도시 옆에 마차를 세웁니다.	{@p}は都市の隣に荷馬車を停めます。	{@p}把一辆马车停在城市旁。
{@p} moves a barbarian.	{@p} versetzt einen Barbaren.	{@p} flytter en barbar.	{@p} flyttar en barbar.	{@p} flytter en barbar.	{@p} verplaatst een barbaar.	{@p} déplace un barbare.	{@p} mueve un bárbaro.	{@p} sposta un barbaro.	{@p} move um bárbaro.	{@p} przesuwa barbarzyńcę.	{@p} bir barbarı taşır.	{@p} переміщує варвара.	{@p}이(가) 야만인을 옮깁니다.	{@p}は蛮族を動かします。	{@p}移动了一个野蛮人。
{@p} reaches the {#t} and turns over a tile: {#w}.	{@p} erreicht {#t} und deckt ein Plättchen auf: {#w}.	{@p} når {#t} og vender en brik: {#w}.	{@p} når {#t} och vänder en bricka: {#w}.	{@p} når {#t} og snur en brikke: {#w}.	{@p} bereikt {#t} en draait een tegel om: {#w}.	{@p} atteint {#t} et retourne une tuile : {#w}.	{@p} llega a {#t} y da la vuelta a una ficha: {#w}.	{@p} raggiunge {#t} e scopre una tessera: {#w}.	{@p} chega a {#t} e vira uma ficha: {#w}.	{@p} dociera do celu {#t} i odkrywa żeton: {#w}.	{@p} {#t} hedefine ulaşır ve bir parça açar: {#w}.	{@p} досягає {#t} і відкриває жетон: {#w}.	{@p}이(가) {#t}에 도착해 타일을 뒤집습니다: {#w}.	{@p}は{#t}に着き、タイルをめくります：{#w}。	{@p}到达{#t}并翻开一块板：{#w}。
{@p} delivers {#w} to the {#t}: +1 point and {n} gold.	{@p} liefert {#w} an {#t}: +1 Siegpunkt und {n} Gold.	{@p} leverer {#w} til {#t}: +1 point og {n} guld.	{@p} levererar {#w} till {#t}: +1 poäng och {n} guld.	{@p} leverer {#w} til {#t}: +1 poeng og {n} gull.	{@p} levert {#w} af bij {#t}: +1 punt en {n} goud.	{@p} livre {#w} à {#t} : +1 point et {n} or.	{@p} entrega {#w} en {#t}: +1 punto y {n} de oro.	{@p} consegna {#w} a {#t}: +1 punto e {n} oro.	{@p} entrega {#w} em {#t}: +1 ponto e {n} de ouro.	{@p} dostarcza {#w} do celu {#t}: +1 punkt i {n} złota.	{@p}, {#w} ürününü {#t} hedefine teslim eder: +1 puan ve {n} altın.	{@p} доставляє {#w} до {#t}: +1 очко й {n} золота.	{@p}이(가) {#w}을(를) {#t}에 배달합니다: +1점, 금 {n}개.	{@p}は{#w}を{#t}に届けます：+1点と金{n}枚。	{@p}把{#w}送到{#t}：+1分和{n}金币。
{@p} gets a new order: {#w}.	{@p} erhält einen neuen Auftrag: {#w}.	{@p} får en ny ordre: {#w}.	{@p} får en ny order: {#w}.	{@p} får en ny ordre: {#w}.	{@p} krijgt een nieuwe opdracht: {#w}.	{@p} reçoit une nouvelle commande : {#w}.	{@p} recibe un nuevo encargo: {#w}.	{@p} riceve un nuovo ordine: {#w}.	{@p} recebe uma nova encomenda: {#w}.	{@p} dostaje nowe zlecenie: {#w}.	{@p} yeni bir sipariş alır: {#w}.	{@p} отримує нове замовлення: {#w}.	{@p}이(가) 새 주문을 받습니다: {#w}.	{@p}は新しい注文を受けます：{#w}。	{@p}接到新订单：{#w}。
{@p} reaches the {#t}, but carries {#w}.	{@p} erreicht {#t}, trägt aber {#w}.	{@p} når {#t}, men bærer {#w}.	{@p} når {#t}, men bär {#w}.	{@p} når {#t}, men bærer {#w}.	{@p} bereikt {#t}, maar draagt {#w}.	{@p} atteint {#t}, mais transporte {#w}.	{@p} llega a {#t}, pero lleva {#w}.	{@p} raggiunge {#t}, ma trasporta {#w}.	{@p} chega a {#t}, mas leva {#w}.	{@p} dociera do celu {#t}, ale wiezie {#w}.	{@p} {#t} hedefine ulaşır ama {#w} taşıyor.	{@p} досягає {#t}, але везе {#w}.	{@p}이(가) {#t}에 도착했지만 {#w}을(를) 싣고 있습니다.	{@p}は{#t}に着きましたが、{#w}を運んでいます。	{@p}到达{#t}，但运载的是{#w}。
{@p} pays {@q} 1 gold for the road.	{@p} zahlt {@q} 1 Gold für die Straße.	{@p} betaler {@q} 1 guld for vejen.	{@p} betalar {@q} 1 guld för vägen.	{@p} betaler {@q} 1 gull for veien.	{@p} betaalt {@q} 1 goud voor de straat.	{@p} paie 1 or à {@q} pour la route.	{@p} paga 1 de oro a {@q} por el camino.	{@p} paga 1 oro a {@q} per la strada.	{@p} paga 1 de ouro a {@q} pela estrada.	{@p} płaci graczowi {@q} 1 złoto za drogę.	{@p}, yol için {@q} oyuncusuna 1 altın öder.	{@p} платить {@q} 1 золото за дорогу.	{@p}이(가) 길 사용료로 {@q}에게 금 1개를 냅니다.	{@p}は道の通行料として{@q}に金1枚を払います。	{@p}为这条路向{@q}支付1金币。
{@p} rolls {n} and drives the barbarian away.	{@p} würfelt {n} und vertreibt den Barbaren.	{@p} slår {n} og driver barbaren væk.	{@p} slår {n} och driver bort barbaren.	{@p} kaster {n} og driver barbaren bort.	{@p} gooit {n} en verdrijft de barbaar.	{@p} obtient {n} et chasse le barbare.	{@p} saca {n} y expulsa al bárbaro.	{@p} tira {n} e scaccia il barbaro.	{@p} tira {n} e expulsa o bárbaro.	{@p} wyrzuca {n} i przegania barbarzyńcę.	{@p} {n} atar ve barbarı kovar.	{@p} викидає {n} і проганяє варвара.	{@p}이(가) {n}이(가) 나와 야만인을 몰아냅니다.	{@p}は{n}を出して蛮族を追い払います。	{@p}掷出{n}，赶走了野蛮人。
{@p} rolls {n}: the barbarian stays.	{@p} würfelt {n}: Der Barbar bleibt.	{@p} slår {n}: Barbaren bliver.	{@p} slår {n}: Barbaren blir kvar.	{@p} kaster {n}: Barbaren blir.	{@p} gooit {n}: de barbaar blijft.	{@p} obtient {n} : le barbare reste.	{@p} saca {n}: el bárbaro se queda.	{@p} tira {n}: il barbaro resta.	{@p} tira {n}: o bárbaro fica.	{@p} wyrzuca {n}: barbarzyńca zostaje.	{@p} {n} atar: barbar yerinde kalır.	{@p} викидає {n}: варвар залишається.	{@p}이(가) {n}이(가) 나와 야만인이 남습니다.	{@p}は{n}を出しましたが、蛮族は残ります。	{@p}掷出{n}：野蛮人没有离开。
{@p} feeds the oxen: 2 more movement points.	{@p} füttert die Ochsen: 2 Bewegungspunkte mehr.	{@p} fodrer oksene: 2 flere bevægelsespoint.	{@p} matar oxarna: 2 rörelsepoäng till.	{@p} mater oksene: 2 bevegelsespoeng til.	{@p} voert de ossen: 2 bewegingspunten extra.	{@p} nourrit les bœufs : 2 points de mouvement de plus.	{@p} da de comer a los bueyes: 2 puntos de movimiento más.	{@p} sfama i buoi: 2 punti movimento in più.	{@p} alimenta os bois: mais 2 pontos de movimento.	{@p} karmi woły: 2 punkty ruchu więcej.	{@p} öküzleri besler: 2 hareket puanı daha.	{@p} годує волів: ще 2 очки руху.	{@p}이(가) 소에게 먹이를 줍니다: 이동력 2 추가.	{@p}は牛に餌をやります：移動力が2増えます。	{@p}喂养耕牛：多2点移动力。
{@p} plays {%c}.	{@p} spielt {%c}.	{@p} spiller {%c}.	{@p} spelar {%c}.	{@p} spiller {%c}.	{@p} speelt {%c}.	{@p} joue {%c}.	{@p} juega {%c}.	{@p} gioca {%c}.	{@p} joga {%c}.	{@p} zagrywa kartę {%c}.	{@p} {%c} kartını oynar.	{@p} грає {%c}.	{@p}이(가) {%c}을(를) 사용합니다.	{@p}は{%c}を使います。	{@p}打出{%c}。
{@p} upgrades the wagon to level {n}.	{@p} wertet den Wagen auf Stufe {n} auf.	{@p} opgraderer vognen til trin {n}.	{@p} uppgraderar vagnen till nivå {n}.	{@p} oppgraderer vognen til nivå {n}.	{@p} upgradet de wagen naar niveau {n}.	{@p} améliore le chariot au niveau {n}.	{@p} mejora la carreta al nivel {n}.	{@p} potenzia il carro al livello {n}.	{@p} melhora a carroça para o nível {n}.	{@p} ulepsza wóz do poziomu {n}.	{@p} arabayı {n}. seviyeye yükseltir.	{@p} покращує віз до рівня {n}.	{@p}이(가) 마차를 {n}단계로 업그레이드합니다.	{@p}は荷馬車をレベル{n}にアップグレードします。	{@p}将马车升级到{n}级。
You cannot upgrade that settlement.	Diese Siedlung kannst du nicht ausbauen.	Du kan ikke opgradere den bebyggelse.	Du kan inte uppgradera den bosättningen.	Du kan ikke oppgradere den bosettingen.	Die nederzetting kun je niet uitbreiden.	Vous ne pouvez pas améliorer cette colonie.	No puedes mejorar ese poblado.	Non puoi potenziare quell'insediamento.	Não podes melhorar esse povoado.	Nie możesz rozbudować tej osady.	O yerleşimi geliştiremezsin.	Це поселення не можна розбудувати.	그 정착지는 업그레이드할 수 없습니다.	その開拓地は都市にできません。	你不能升级那座村庄。
Play it while you move your wagon.	Spiele sie, während du deinen Wagen bewegst.	Spil det, mens du flytter din vogn.	Spela det medan du flyttar din vagn.	Spill det mens du flytter vognen din.	Speel haar terwijl je je wagen verplaatst.	Jouez-la pendant que vous déplacez votre chariot.	Juégala mientras mueves tu carreta.	Giocala mentre muovi il tuo carro.	Joga-a enquanto moves a tua carroça.	Zagraj ją podczas ruchu wozu.	Arabanı hareket ettirirken oyna.	Зіграйте її під час руху воза.	마차를 움직이는 중에 사용하세요.	荷馬車を動かしている間に使います。	请在移动马车时使用。
The robber cannot go to that tile.	Der Räuber kann nicht auf dieses Feld.	Røveren kan ikke komme til det felt.	Rövaren kan inte gå till den rutan.	Røveren kan ikke gå til det feltet.	De rover kan niet naar dat gebied.	Le voleur ne peut pas aller sur cette tuile.	El ladrón no puede ir a esa casilla.	Il brigante non può andare su quel territorio.	O ladrão não pode ir para esse terreno.	Rozbójnik nie może iść na to pole.	Haydut o araziye gidemez.	Розбійник не може піти на цю ділянку.	도둑은 그 땅으로 갈 수 없습니다.	盗賊はそのタイルへ行けません。	强盗不能去那个地块。
{@p} turned over an event card ({n}).	{@p} deckt eine Ereigniskarte auf ({n}).	{@p} vender et begivenhedskort ({n}).	{@p} vänder upp ett händelsekort ({n}).	{@p} snur et hendelseskort ({n}).	{@p} draait een gebeurteniskaart om ({n}).	{@p} retourne une carte événement ({n}).	{@p} da la vuelta a una carta de evento ({n}).	{@p} scopre una carta evento ({n}).	{@p} vira uma carta de evento ({n}).	{@p} odkrywa kartę wydarzenia ({n}).	{@p} bir olay kartı açar ({n}).	{@p} відкриває карту події ({n}).	{@p}이(가) 이벤트 카드를 뒤집습니다 ({n}).	{@p}はイベントカードをめくります（{n}）。	{@p}翻开一张事件牌（{n}）。
{@p} traded {$g} with the bank for {n} gold.	{@p} tauschte {$g} mit der Bank gegen {n} Gold.	{@p} byttede {$g} med banken til {n} guld.	{@p} bytte {$g} med banken mot {n} guld.	{@p} byttet {$g} med banken mot {n} gull.	{@p} ruilde {$g} met de bank voor {n} goud.	{@p} échange {$g} avec la banque contre {n} or.	{@p} cambió {$g} con el banco por {n} de oro.	{@p} ha scambiato {$g} con la banca per {n} oro.	{@p} trocou {$g} com o banco por {n} de ouro.	{@p} wymienia {$g} z bankiem na {n} złota.	{@p} bankayla {$g} karşılığında {n} altın takas eder.	{@p} обмінює {$g} з банком на {n} золота.	{@p}이(가) 은행과 {$g}을(를) 금 {n}개로 교환합니다.	{@p}は銀行と{$g}を金{n}枚に交換します。	{@p}用{$g}与银行换取{n}金币。
