Start with two settlements and two roads.	Beginnt mit zwei Siedlungen und zwei Straßen.	Start med to bosættelser og to veje.	Börja med två bosättningar och två vägar.	Start med to bosetninger og to veier.	Begin met twee dorpen en twee wegen.	Commencez avec deux colonies et deux routes.	Empieza con dos poblados y dos carreteras.	Si parte con due insediamenti e due strade.	Comece com duas aldeias e duas estradas.	Zaczynasz z dwiema osadami i dwiema drogami.	İki köy ve iki yolla başla.	Починайте з двох поселень і двох доріг.	정착지 2개와 도로 2개로 시작합니다.	開拓地2つと街道2本で始めます。	以两个村庄和两条道路开局。
The second settlement pays 1 card for each tile around it. Later settlements must connect to your roads.	Die zweite Siedlung bringt 1 Karte für jedes angrenzende Feld. Spätere Siedlungen müssen an deine Straßen anschließen.	Den anden bosættelse giver 1 kort for hvert felt omkring den. Senere bosættelser skal forbindes med dine veje.	Den andra bosättningen ger 1 kort för varje ruta runt den. Senare bosättningar måste anslutas till dina vägar.	Den andre bosetningen gir 1 kort for hvert felt rundt den. Senere bosetninger må henge sammen med veiene dine.	Het tweede dorp levert 1 kaart op voor elk vlak eromheen. Latere dorpen moeten aansluiten op je wegen.	La deuxième colonie rapporte 1 carte pour chaque tuile qui l’entoure. Les colonies suivantes doivent être reliées à vos routes.	El segundo poblado da 1 carta por cada casilla a su alrededor. Los poblados posteriores deben conectar con tus carreteras.	Il secondo insediamento dà 1 carta per ogni tessera intorno. Gli insediamenti successivi devono essere collegati alle tue strade.	A segunda aldeia dá 1 carta por cada hexágono à sua volta. As aldeias seguintes têm de ligar às suas estradas.	Druga osada daje 1 kartę za każde sąsiadujące pole. Kolejne osady muszą łączyć się z twoimi drogami.	İkinci köy çevresindeki her karo için 1 kart verir. Sonraki köyler yollarına bağlı olmalı.	Друге поселення дає 1 карту за кожну прилеглу плитку. Наступні поселення мають з’єднуватися з вашими дорогами.	두 번째 정착지는 주변 타일마다 카드 1장을 줍니다. 이후의 정착지는 내 도로와 이어져야 합니다.	2つ目の開拓地は、周りのタイル1枚につきカード1枚をもらえます。その後の開拓地は自分の街道につながっている必要があります。	第二个村庄会为周围的每块地块提供 1 张牌。之后的村庄必须与你的道路相连。
Trade with players.	Mit Personen handeln.	Handl med spillere.	Handla med spelare.	Handle med spillere.	Ruil met spelers.	Échangez avec les joueurs.	Comercia con los jugadores.	Scambia con i giocatori.	Troque com os jogadores.	Handluj z graczami.	Oyuncularla takas yap.	Торгуйте з гравцями.	플레이어와 거래.	他のプレイヤーと取引。	与玩家交易。
On your turn offer cards. Others can accept, decline or answer with a counter-offer, and you pick the deal you like. Players trade only with whoever’s turn it is.	In deinem Zug bietest du Karten an. Die anderen können annehmen, ablehnen oder mit einem Gegenangebot antworten; du wählst den Handel, der dir gefällt. Man handelt nur mit der Person, die an der Reihe ist.	I din tur tilbyder du kort. De andre kan acceptere, afvise eller svare med et modbud, og du vælger den handel, du bedst kan lide. Man handler kun med den, der har tur.	I din tur erbjuder du kort. De andra kan acceptera, neka eller svara med ett motbud, och du väljer den affär du gillar. Man handlar bara med den vars tur det är.	I runden din tilbyr du kort. De andre kan godta, avslå eller svare med et motbud, og du velger handelen du liker best. Man handler bare med den som har runden.	In je beurt bied je kaarten aan. De anderen kunnen accepteren, afwijzen of antwoorden met een tegenbod, en jij kiest de ruil die je bevalt. Er wordt alleen geruild met wie aan de beurt is.	À votre tour, proposez des cartes. Les autres peuvent accepter, refuser ou répondre par une contre-proposition, et vous choisissez l’échange qui vous convient. On n’échange qu’avec le joueur dont c’est le tour.	En tu turno ofreces cartas. Los demás pueden aceptar, rechazar o responder con una contraoferta, y tú eliges el trato que prefieras. Solo se comercia con quien tiene el turno.	Nel tuo turno offri carte. Gli altri possono accettare, rifiutare o rispondere con una controfferta, e tu scegli l’accordo che preferisci. Si scambia solo con chi è di turno.	Na sua vez, oferece cartas. Os outros podem aceitar, recusar ou responder com uma contraproposta, e você escolhe a troca de que mais gosta. Só se troca com quem está na sua vez.	W swojej turze oferujesz karty. Inni mogą przyjąć, odrzucić lub odpowiedzieć kontrofertą, a ty wybierasz umowę, która ci odpowiada. Handluje się tylko z graczem, którego jest tura.	Sıranda kart teklif edersin. Diğerleri kabul edebilir, reddedebilir ya da karşı teklifle yanıt verebilir; sen beğendiğin anlaşmayı seçersin. Takas yalnızca sırası olanla yapılır.	У свій хід ви пропонуєте карти. Інші можуть погодитися, відмовити або відповісти контрпропозицією, а ви обираєте вигідну угоду. Торгувати можна лише з тим, чий хід.	내 차례에 카드를 제안합니다. 다른 사람들은 수락, 거절하거나 역제안으로 답할 수 있고, 마음에 드는 거래를 내가 고릅니다. 거래는 차례인 사람과만 합니다.	自分の手番にカードを提案します。ほかの人は承諾、断る、または逆提案で答えられ、気に入った取引をあなたが選びます。取引は手番の人とだけです。	在你的回合里提出交易。其他人可以接受、拒绝或用还价回应，你选择最满意的一笔。只能与当前回合的玩家交易。
Trade with the bank.	Mit der Bank handeln.	Handl med banken.	Handla med banken.	Handle med banken.	Handelen met de bank.	Échanger avec la banque.	Comerciar con la banca.	Scambia con la banca.	Trocar com o banco.	Handel z bankiem.	Bankayla takas.	Торгувати з банком.	은행과 거래.	銀行と交易。	与银行交易。
The bank swaps 4 cards of one kind for 1 card of your choice. A 3:1 harbor asks 3, a 2:1 harbor 2 of its resource.	Die Bank tauscht 4 gleiche Karten gegen 1 Karte deiner Wahl. Ein 3:1-Hafen verlangt 3, ein 2:1-Hafen 2 Karten seines Rohstoffs.	Banken bytter 4 ens kort for 1 kort efter eget valg. En 3:1-havn kræver 3, en 2:1-havn 2 af sin råvare.	Banken byter 4 likadana kort mot 1 kort efter eget val. En 3:1-hamn kräver 3, en 2:1-hamn 2 av sin råvara.	Banken bytter 4 like kort mot 1 kort etter eget valg. En 3:1-havn krever 3, en 2:1-havn 2 av sin ressurs.	De bank wisselt 4 gelijke kaarten voor 1 kaart naar keuze. Een 3:1-haven vraagt 3, een 2:1-haven 2 van zijn grondstof.	La banque échange 4 cartes identiques contre 1 carte de votre choix. Un port 3:1 en demande 3, un port 2:1 en demande 2 de sa ressource.	El banco cambia 4 cartas iguales por 1 carta a tu elección. Un puerto 3:1 pide 3, un puerto 2:1 pide 2 de su materia prima.	La banca cambia 4 carte uguali con 1 carta a tua scelta. Un porto 3:1 ne chiede 3, un porto 2:1 ne chiede 2 della sua risorsa.	O banco troca 4 cartas iguais por 1 carta à sua escolha. Um porto 3:1 pede 3, um porto 2:1 pede 2 da sua matéria-prima.	Bank wymienia 4 takie same karty na 1 kartę według twojego wyboru. Port 3:1 żąda 3, port 2:1 żąda 2 kart swojego surowca.	Banka aynı türden 4 kartı istediğin 1 kartla değiştirir. 3:1 liman 3, 2:1 liman kendi hammaddesinden 2 kart ister.	Банк обмінює 4 однакові карти на 1 карту на ваш вибір. Гавань 3:1 бере 3, гавань 2:1 — 2 карти свого ресурсу.	은행은 같은 종류 카드 4장을 원하는 카드 1장으로 바꿔 줍니다. 3:1 항구는 3장, 2:1 항구는 해당 자원 2장이면 됩니다.	銀行は同じ種類のカード4枚を好きなカード1枚と交換します。3:1の港は3枚、2:1の港はその資源2枚で済みます。	银行用 4 张相同的牌换你选的 1 张牌。3:1 港口只需 3 张，2:1 港口只需 2 张其对应资源。
Knight, Road Building, Year of Plenty, Monopoly or a hidden point. One per turn, not on the turn you buy it. The lobby house rule “knights without a limit” allows any number of knights.	Ritter, Straßenbau, Erfindung, Monopol oder ein verdeckter Siegpunkt. Eine pro Zug, nicht in dem Zug, in dem du sie kaufst. Die Hausregel „Ritter ohne Begrenzung“ aus der Lobby erlaubt beliebig viele Ritter.	Ridder, Vejbygning, Overflodens år, Monopol eller et skjult point. Ét pr. tur, ikke i den tur, hvor du køber det. Husreglen »riddere uden grænse« fra lobbyen tillader et vilkårligt antal riddere.	Riddare, Vägbygge, Överflödets år, Monopol eller en dold poäng. Ett per tur, inte i den tur du köper det. Husregeln ”riddare utan begränsning” i lobbyn tillåter hur många riddare som helst.	Ridder, Veibygging, Overflodens år, Monopol eller et skjult poeng. Ett per runde, ikke i runden du kjøper det. Husregelen «riddere uten grense» i lobbyen tillater så mange riddere du vil.	Ridder, Stratenbouw, Uitvinding, Monopolie of een verborgen punt. Eén per beurt, niet in de beurt waarin je het koopt. De huisregel “ridders zonder limiet” uit de lobby staat willekeurig veel ridders toe.	Chevalier, Construction de routes, Invention, Monopole ou un point caché. Une par tour, pas pendant le tour d'achat. La règle maison « chevaliers sans limite » du salon autorise autant de chevaliers que vous voulez.	Caballero, Construcción de carreteras, Año de abundancia, Monopolio o un punto oculto. Una por turno, no en el turno en que se compra. La regla de la casa «caballeros sin límite» del vestíbulo permite jugar tantos caballeros como quieras.	Cavaliere, Costruzione strade, Anno dell'abbondanza, Monopolio o un punto nascosto. Una per turno, non nel turno in cui la compri. La regola della casa «cavalieri senza limite» della lobby permette un numero qualsiasi di cavalieri.	Cavaleiro, Construção de estradas, Ano de fartura, Monopólio ou um ponto escondido. Uma por vez, não na vez em que a compra. A regra da casa «cavaleiros sem limite» do lobby permite qualquer número de cavaleiros.	Rycerz, Budowa dróg, Rok obfitości, Monopol lub ukryty punkt. Jedna na turę, nie w turze, w której ją kupisz. Zasada domowa „rycerze bez limitu” z lobby pozwala zagrać dowolnie wielu rycerzy.	Şövalye, Yol yapımı, Bolluk yılı, Tekel veya gizli bir puan. Tur başına bir tane, satın aldığın turda değil. Lobideki “sınırsız şövalye” ev kuralı istediğin kadar şövalye oynamana izin verir.	Лицар, Будівництво доріг, Рік достатку, Монополія або приховане очко. Одна за хід, не в той хід, коли її куплено. Домашнє правило з лобі «лицарі без обмежень» дозволяє грати будь-яку кількість лицарів.	기사, 도로 건설, 풍요의 해, 독점 또는 숨겨진 1점. 턴마다 1장, 산 턴에는 쓸 수 없습니다. 로비의 하우스 룰 '기사 카드 무제한'을 켜면 기사 카드는 몇 장이든 낼 수 있습니다.	騎士、街道建設、収穫、独占、または隠れた1点。1ターンに1枚、買ったターンには使えません。ロビーのハウスルール「騎士カード無制限」をオンにすると、騎士は何枚でも出せます。	骑士、修路、丰收之年、垄断或隐藏的1分。每回合1张，购买的当回合不能使用。大厅里的自定义规则“骑士卡不限次数”允许打出任意数量的骑士。
Whoever plays more knights takes it away. Its holder flies war banners on the board.	Wer mehr Ritter ausspielt, nimmt sie ihm weg. Wer sie hat, lässt Kriegsbanner auf dem Spielfeld wehen.	Den, der spiller flere riddere, tager den. Indehaveren hejser krigsbannere på brættet.	Den som spelar fler riddare tar den. Innehavaren hissar krigsfanor på spelplanen.	Den som spiller flere riddere, tar den. Innehaveren heiser krigsbannere på brettet.	Wie meer ridders speelt, neemt de titel over. Wie de titel heeft, laat oorlogsvaandels wapperen op het bord.	Celui qui joue plus de chevaliers la lui prend. Son détenteur hisse des bannières de guerre sur le plateau.	Quien juegue más caballeros se lo quita. Quien lo tiene ondea estandartes de guerra en el tablero.	Chi gioca più cavalieri se la prende. Chi la possiede issa stendardi di guerra sul tabellone.	Quem jogar mais cavaleiros tira-o. Quem o tiver hasteia estandartes de guerra no tabuleiro.	Kto zagra więcej rycerzy, przejmuje ją. Jej posiadacz wywiesza na planszy wojenne sztandary.	Daha fazla şövalye oynayan onu alır. Sahibinin savaş sancakları tahtada dalgalanır.	Хто зіграє більше лицарів, забирає його. У власника на полі майорять бойові стяги.	기사를 더 많이 사용한 사람이 빼앗아 갑니다. 보유자는 보드 위에 전쟁 깃발을 휘날립니다.	騎士をより多く使った人が奪います。持ち主はボード上に軍旗を掲げます。	谁打出更多骑士就会抢走它。拥有者会在地图上插起战旗。
Branches do not count, a foreign settlement breaks the road, and a longer road takes the title away.	Abzweigungen zählen nicht, eine fremde Siedlung unterbricht die Route, und eine längere Route nimmt den Titel weg.	Forgreninger tæller ikke, en fremmed bosættelse afbryder vejen, og en længere vej tager titlen.	Förgreningar räknas inte, en främmande bosättning bryter vägen, och en längre väg tar titeln.	Forgreninger teller ikke, en fremmed bosetning avbryter veien, og en lengre vei tar tittelen.	Aftakkingen tellen niet mee, een vreemd dorp onderbreekt de route en een langere route pikt de titel in.	Les embranchements ne comptent pas, une colonie adverse coupe la route, et une route plus longue prend le titre.	Las bifurcaciones no cuentan, un poblado ajeno corta la ruta y una ruta más larga quita el título.	Le diramazioni non contano, un insediamento avversario interrompe la strada e una strada più lunga si prende il titolo.	As ramificações não contam, uma aldeia alheia interrompe a estrada e uma estrada mais longa tira o título.	Odnogi się nie liczą, obca osada przerywa drogę, a dłuższa droga odbiera tytuł.	Dallar sayılmaz, başkasının köyü yolu keser ve daha uzun bir yol unvanı alır.	Відгалуження не враховуються, чуже поселення розриває дорогу, а довша дорога забирає титул.	갈라진 길은 세지 않고, 다른 사람의 정착지가 길을 끊으며, 더 긴 길이 생기면 칭호를 빼앗깁니다.	枝分かれは数えず、他人の開拓地が道を断ち切り、より長い道が称号を奪います。	分支不计入长度，他人的村庄会截断道路，更长的道路会夺走称号。
Settlement 1 · City 2 · Longest Road 2 · Largest Army 2 · Victory point card 1. You win on your own turn.	Siedlung 1 · Stadt 2 · Längste Handelsroute 2 · Größte Rittermacht 2 · Siegpunktkarte 1. Du gewinnst in deinem eigenen Zug.	Bosættelse 1 · By 2 · Længste vej 2 · Største hær 2 · Sejrspointkort 1. Du vinder i din egen tur.	Bosättning 1 · Stad 2 · Längsta vägen 2 · Största armén 2 · Segerpoängkort 1. Du vinner i din egen tur.	Bosetning 1 · By 2 · Lengste vei 2 · Største hær 2 · Seierspoengkort 1. Du vinner i din egen runde.	Dorp 1 · Stad 2 · Langste handelsroute 2 · Grootste riddermacht 2 · Overwinningspuntkaart 1. Je wint in je eigen beurt.	Colonie 1 · Ville 2 · Route la plus longue 2 · Armée la plus puissante 2 · Carte point de victoire 1. Vous gagnez pendant votre propre tour.	Poblado 1 · Ciudad 2 · Gran ruta comercial 2 · Gran ejército 2 · Carta de punto de victoria 1. Ganas en tu propio turno.	Insediamento 1 · Città 2 · Strada più lunga 2 · Armata più grande 2 · Carta punto vittoria 1. Vinci nel tuo turno.	Aldeia 1 · Cidade 2 · Estrada mais longa 2 · Maior exército 2 · Carta de ponto de vitória 1. Ganha na sua própria vez.	Osada 1 · Miasto 2 · Najdłuższa droga 2 · Największa armia 2 · Karta punktu zwycięstwa 1. Wygrywasz we własnej turze.	Köy 1 · Şehir 2 · En uzun yol 2 · En büyük ordu 2 · Zafer puanı kartı 1. Kendi turunda kazanırsın.	Поселення 1 · Місто 2 · Найдовша дорога 2 · Найбільше військо 2 · Карта переможного очка 1. Ви перемагаєте у свій власний хід.	정착지 1 · 도시 2 · 최장 도로 2 · 최대 기사단 2 · 승리 점수 카드 1. 승리는 내 차례에 확정됩니다.	開拓地1 · 都市2 · 最長交易路2 · 最大騎士力2 · 勝利点カード1。勝利は自分の手番に決まります。	村庄 1 · 城市 2 · 最长道路 2 · 最大军队 2 · 胜利分卡 1。你在自己的回合获胜。
Stone 1 rolls the dice for everybody, trades with everybody, builds and may play 1 development card.	Stein 1 würfelt für alle, handelt mit allen, baut und darf 1 Entwicklungskarte ausspielen.	Sten 1 slår terningerne for alle, handler med alle, bygger og må spille 1 udviklingskort.	Sten 1 slår tärningarna för alla, handlar med alla, bygger och får spela 1 utvecklingskort.	Stein 1 kaster terningene for alle, handler med alle, bygger og kan spille 1 utviklingskort.	Steen 1 dobbelt voor iedereen, ruilt met iedereen, bouwt en mag 1 ontwikkelingskaart spelen.	La pierre 1 lance les dés pour tout le monde, échange avec tout le monde, construit et peut jouer 1 carte développement.	La piedra 1 tira los dados para todos, comercia con todos, construye y puede jugar 1 carta de desarrollo.	La pietra 1 tira i dadi per tutti, scambia con tutti, costruisce e può giocare 1 carta sviluppo.	A pedra 1 lança os dados para todos, troca com todos, constrói e pode jogar 1 carta de desenvolvimento.	Kamień 1 rzuca kośćmi za wszystkich, handluje ze wszystkimi, buduje i może zagrać 1 kartę rozwoju.	Taş 1 herkes için zar atar, herkesle takas yapar, inşa eder ve 1 gelişim kartı oynayabilir.	Камінь 1 кидає кубики для всіх, торгує з усіма, будує й може зіграти 1 карту розвитку.	돌 1은 모두를 위해 주사위를 굴리고, 모두와 거래하고, 건설하며, 발전 카드 1장을 낼 수 있습니다.	石1は全員のためにサイコロを振り、全員と取引し、建設し、発展カードを1枚使えます。	石头1为所有人掷骰子，可与所有人交易、建造，并可打出1张发展卡。
Turns stay short, even at a full table. Both players of a turn can win it; if both reach the goal, stone 1 wins.	Die Züge bleiben kurz, auch bei vollem Tisch. Beide Personen eines Spielzugs können ihn gewinnen; erreichen beide das Ziel, gewinnt Stein 1.	Turene forbliver korte, selv ved et fuldt bord. Begge spillere i en tur kan vinde den; når begge målet, vinder sten 1.	Turerna hålls korta, även vid fullt bord. Båda spelarna i en tur kan vinna den; når båda målet vinner sten 1.	Turene holder seg korte, selv ved fullt bord. Begge spillerne i en runde kan vinne den; når begge målet, vinner stein 1.	Beurten blijven kort, zelfs met een volle tafel. Beide spelers van een beurt kunnen hem winnen; halen beiden het doel, dan wint steen 1.	Les tours restent courts, même quand la table est pleine. Les deux joueurs d’un tour peuvent le gagner ; si les deux atteignent l’objectif, la pierre 1 gagne.	Los turnos siguen siendo cortos, incluso con la mesa llena. Los dos jugadores de un turno pueden ganarlo; si ambos alcanzan la meta, gana la piedra 1.	I turni restano brevi, anche a tavolo pieno. Entrambi i giocatori di un turno possono vincerlo; se entrambi raggiungono l’obiettivo, vince la pietra 1.	As jogadas continuam curtas, mesmo com a mesa cheia. Ambos os jogadores de uma jogada podem ganhá-la; se ambos atingirem a meta, ganha a pedra 1.	Tury pozostają krótkie, nawet przy pełnym stole. Wygrać może każdy z dwóch graczy tury; jeśli obaj osiągną cel, wygrywa kamień 1.	Masa dolu olsa bile turlar kısa kalır. Bir turun iki oyuncusu da kazanabilir; ikisi de hedefe ulaşırsa taş 1 kazanır.	Ходи лишаються короткими навіть за повним столом. Виграти може будь-хто з двох гравців ходу; якщо обидва досягли мети, перемагає камінь 1.	인원이 꽉 차도 턴이 짧게 유지됩니다. 한 턴의 두 사람 모두 승리할 수 있고, 둘 다 목표에 도달하면 돌 1이 이깁니다.	満席でもターンは短いままです。1ターンの2人のどちらも勝てます。両方が目標に達したら石1の勝ちです。	即使满员，回合也很短。一个回合中的两位玩家都可以获胜；若两人同时达到目标，则石头1获胜。
Five or six players: stone 1 rolls, trades and builds; stone 2 follows without dice and trades only with the bank. If both reach the goal in one turn, stone 1 wins.	Fünf oder sechs Personen: Stein 1 würfelt, handelt und baut; danach spielt Stein 2 ohne Würfeln und handelt nur mit dem Vorrat. Erreichen beide in einem Zug das Ziel, gewinnt Stein 1.	Fem eller seks spillere: sten 1 slår, handler og bygger; sten 2 følger efter uden terninger og handler kun med banken. Når begge målet i samme tur, vinder sten 1.	Fem eller sex spelare: sten 1 slår, handlar och bygger; sten 2 följer efter utan tärningar och handlar bara med banken. Når båda målet i samma tur vinner sten 1.	Fem eller seks spillere: stein 1 kaster, handler og bygger; stein 2 følger etter uten terninger og handler bare med banken. Når begge målet i samme runde, vinner stein 1.	Vijf of zes spelers: steen 1 dobbelt, ruilt en bouwt; steen 2 volgt zonder dobbelstenen en ruilt alleen met de bank. Halen beiden in één beurt het doel, dan wint steen 1.	Cinq ou six joueurs : la pierre 1 lance les dés, échange et construit ; la pierre 2 suit sans dés et n’échange qu’avec la banque. Si les deux atteignent l’objectif pendant le même tour, la pierre 1 gagne.	Cinco o seis jugadores: la piedra 1 tira, comercia y construye; la piedra 2 sigue sin dados y comercia solo con el banco. Si ambas alcanzan la meta en un turno, gana la piedra 1.	Cinque o sei giocatori: la pietra 1 tira, scambia e costruisce; la pietra 2 segue senza dadi e scambia solo con la banca. Se entrambe raggiungono l’obiettivo nello stesso turno, vince la pietra 1.	Cinco ou seis jogadores: a pedra 1 lança os dados, troca e constrói; a pedra 2 segue sem dados e só troca com o banco. Se ambas atingirem a meta na mesma jogada, ganha a pedra 1.	Pięciu lub sześciu graczy: kamień 1 rzuca, handluje i buduje; kamień 2 gra potem bez kości i handluje tylko z bankiem. Jeśli obaj osiągną cel w jednej turze, wygrywa kamień 1.	Beş veya altı oyuncu: taş 1 zar atar, takas yapar ve inşa eder; taş 2 zarsız devam eder ve yalnızca bankayla takas yapar. İkisi de aynı turda hedefe ulaşırsa taş 1 kazanır.	П’ять або шість гравців: камінь 1 кидає кубики, торгує й будує; камінь 2 грає далі без кубиків і торгує лише з банком. Якщо обидва досягли мети в одному ході, перемагає камінь 1.	5~6인: 돌 1은 주사위를 굴리고 거래하고 건설하며, 돌 2는 주사위 없이 이어서 진행하고 은행과만 거래합니다. 한 턴에 둘 다 목표에 도달하면 돌 1이 이깁니다.	5〜6人：石1がサイコロを振って交易・建設し、石2はサイコロなしで続け、銀行とだけ取引します。1ターンに両方が目標に達したら石1の勝ちです。	5–6 人：石头1掷骰、交易并建造；石头2随后不掷骰子，只能与银行交易。若两人在同一回合达到目标，则石头1获胜。
Like Classic, but with commodities, knights and barbarians instead of development cards and Largest Army. You start with a settlement and a city. 13 points win.	Wie das klassische Spiel, aber mit Handelswaren, Rittern und Barbaren statt Entwicklungskarten und Größter Rittermacht. Du startest mit einer Siedlung und einer Stadt. Sieg mit 13 Punkten.	Som Klassisk, men med varer, riddere og barbarer i stedet for udviklingskort og Største hær. Du starter med en bosættelse og en by. Først til 13 point vinder.	Som Klassisk, men med varor, riddare och barbarer i stället för utvecklingskort och Största armén. Du börjar med en bosättning och en stad. Först till 13 poäng vinner.	Som Klassisk, men med varer, riddere og barbarer i stedet for utviklingskort og Største hær. Du starter med en bosetning og en by. Først til 13 poeng vinner.	Zoals het klassieke spel, maar met handelswaren, ridders en barbaren in plaats van ontwikkelingskaarten en Grootste riddermacht. Je begint met een dorp en een stad. Winnen doe je met 13 punten.	Comme le jeu Classique, mais avec marchandises, chevaliers et barbares à la place des cartes développement et de l'Armée la plus puissante. Vous commencez avec une colonie et une ville. Victoire à 13 points.	Como el Clásico, pero con mercancías, caballeros y bárbaros en lugar de cartas de desarrollo y Gran ejército. Empiezas con un poblado y una ciudad. Se gana con 13 puntos.	Come il Classico, ma con merci, cavalieri e barbari al posto delle carte sviluppo e dell'Armata più grande. Inizi con un insediamento e una città. Si vince a 13 punti.	Como o Clássico, mas com mercadorias, cavaleiros e bárbaros em vez de cartas de desenvolvimento e Maior exército. Começa com uma aldeia e uma cidade. Vence-se com 13 pontos.	Jak w wersji klasycznej, ale z towarami, rycerzami i barbarzyńcami zamiast kart rozwoju i Największej armii. Zaczynasz z osadą i miastem. Do wygranej potrzeba 13 punktów.	Klasik gibi, ama gelişim kartları ve En büyük ordu yerine ticari mallar, şövalyeler ve barbarlar var. Bir köy ve bir şehirle başlarsın. 13 puanla kazanılır.	Як «Класика», але з товарами, лицарями й варварами замість карт розвитку та «Найбільшого війська». Ви починаєте з поселення й міста. Для перемоги — 13 очок.	클래식과 같지만 발전 카드와 최대 기사단 대신 상품, 기사, 야만인이 있습니다. 정착지 1개와 도시 1개로 시작합니다. 13점이면 승리.	クラシックと同じですが、発展カードと最大騎士力の代わりに、商品、騎士、蛮族があります。開拓地1つと都市1つで始めます。13点で勝利。	与经典玩法相同，但用商品、骑士和蛮族代替发展卡和最大军队。你以一个村庄和一座城市开局。13 分获胜。
Trade costs cloth, politics coin, science paper: level 1 costs 1, level 2 costs 2, and so on. You need a city. Tap +.	Handel kostet Tuch, Politik Münzen, Wissenschaft Papier: Stufe 1 kostet 1, Stufe 2 kostet 2 usw. Du brauchst eine Stadt. Tippe auf +.	Handel koster stof, politik mønt, videnskab papir: niveau 1 koster 1, niveau 2 koster 2 osv. Du skal have en by. Tryk på +.	Handel kostar tyg, politik mynt, vetenskap papper: nivå 1 kostar 1, nivå 2 kostar 2 och så vidare. Du behöver en stad. Tryck på +.	Handel koster stoff, politikk mynt, vitenskap papir: nivå 1 koster 1, nivå 2 koster 2 og så videre. Du trenger en by. Trykk på +.	Handel kost stof, politiek munten, wetenschap papier: niveau 1 kost 1, niveau 2 kost 2, enzovoort. Je hebt een stad nodig. Tik op +.	Le commerce coûte du tissu, la politique des pièces, la science du papier : le niveau 1 coûte 1, le niveau 2 coûte 2, etc. Il vous faut une ville. Touchez +.	El comercio cuesta tela, la política monedas y la ciencia papel: el nivel 1 cuesta 1, el nivel 2 cuesta 2, y así sucesivamente. Necesitas una ciudad. Toca +.	Il commercio costa stoffa, la politica monete, la scienza carta: il livello 1 costa 1, il livello 2 costa 2 e così via. Ti serve una città. Tocca +.	O comércio custa tecido; a política, moeda; a ciência, papel: o nível 1 custa 1, o nível 2 custa 2, e assim por diante. Precisa de uma cidade. Toque em +.	Handel kosztuje sukno, polityka monety, nauka papier: poziom 1 kosztuje 1, poziom 2 kosztuje 2 i tak dalej. Potrzebujesz miasta. Dotknij +.	Ticaret kumaş, siyaset sikke, bilim kâğıt ister: 1. seviye 1, 2. seviye 2 vb. tutar. Bir şehrin olmalı. + düğmesine dokun.	Торгівля коштує тканину, політика — монети, наука — папір: рівень 1 коштує 1, рівень 2 — 2 і так далі. Потрібне місто. Торкніться +.	무역은 직물, 정치는 동전, 과학은 종이가 듭니다. 1단계는 1장, 2단계는 2장, 이런 식입니다. 도시가 필요합니다. +를 누르세요.	交易には布、政治には硬貨、科学には紙が必要です。段階1は1枚、段階2は2枚、というように増えます。都市が必要です。+をタップしてください。	贸易需要布料，政治需要钱币，科学需要纸张：1 级花 1 张，2 级花 2 张，依此类推。你需要一座城市。点击 +。
Science (aqueduct): you choose a resource once and get it whenever a roll (not a 7) gives you nothing. Trade: commodities 2:1 at the bank. Politics: mighty knights.	Wissenschaft (Aquädukt): Du wählst einmal einen Rohstoff und bekommst ihn, wann immer ein Wurf (außer der 7) dir nichts bringt. Handel: Handelswaren 2:1 bei der Bank. Politik: Mächtige Ritter.	Videnskab (akvædukt): Du vælger en råvare én gang og får den, hver gang et slag (ikke en 7’er) intet giver dig. Handel: varer 2:1 i banken. Politik: mægtige riddere.	Vetenskap (akvedukt): Du väljer en råvara en gång och får den varje gång ett kast (inte en 7:a) inte ger dig något. Handel: varor 2:1 hos banken. Politik: mäktiga riddare.	Vitenskap (akvedukt): Du velger en råvare én gang og får den hver gang et kast (ikke en 7-er) ikke gir deg noe. Handel: varer 2:1 i banken. Politikk: mektige riddere.	Wetenschap (aquaduct): je kiest één keer een grondstof en krijgt die telkens als een worp (geen 7) je niets oplevert. Handel: handelswaren 2:1 bij de bank. Politiek: machtige ridders.	Science (aqueduc) : vous choisissez une ressource une fois et la recevez chaque fois qu’un jet (autre qu’un 7) ne vous rapporte rien. Commerce : marchandises à 2:1 à la banque. Politique : chevaliers puissants.	Ciencia (acueducto): eliges un recurso una vez y lo recibes cada vez que una tirada (que no sea 7) no te da nada. Comercio: mercancías 2:1 en el banco. Política: caballeros poderosos.	Scienza (acquedotto): scegli una risorsa una volta e la ricevi ogni volta che un tiro (non un 7) non ti dà nulla. Commercio: merci 2:1 con la banca. Politica: cavalieri potenti.	Ciência (aqueduto): escolhe um recurso uma vez e recebe-o sempre que um lançamento (que não seja 7) não lhe dá nada. Comércio: mercadorias 2:1 no banco. Política: cavaleiros poderosos.	Nauka (akwedukt): raz wybierasz surowiec i dostajesz go za każdym razem, gdy rzut (inny niż 7) nic ci nie daje. Handel: towary 2:1 w banku. Polityka: potężni rycerze.	Bilim (su kemeri): bir kaynağı bir kez seçersin; bir atış (7 hariç) sana hiçbir şey getirmediğinde onu alırsın. Ticaret: malları bankayla 2:1 takas et. Siyaset: kudretli şövalyeler.	Наука (акведук): ви один раз обираєте ресурс і отримуєте його щоразу, коли кидок (крім 7) нічого вам не дає. Торгівля: товари 2:1 з банком. Політика: могутні лицарі.	과학(수도교): 자원을 한 번 정해 두면, 주사위 결과(7 제외)로 아무것도 못 받을 때마다 그 자원을 받습니다. 무역: 은행과 상품 2:1 교환. 정치: 최강 기사.	科学（水道橋）：資源を一度選ぶと、出目（7を除く）で何も得られないたびにそれをもらえます。交易：銀行と商品を2:1で交換。政治：最強の騎士。	科学（引水渠）：你只需选一次资源，之后每当一次掷骰（7 除外）没有给你任何东西，就会得到它。贸易：商品与银行 2:1 交换。政治：无敌骑士。
It is worth 2 points, sits on one of your cities that has none and is safe from the barbarians. A player who reaches level 5 before you can take it; at level 5 it is yours for good.	Sie zählt 2 Punkte, steht auf einer deiner Städte ohne Metropole und ist vor den Barbaren sicher. Wer vor dir Stufe 5 erreicht, kann sie dir wegnehmen; mit Stufe 5 gehört sie dir für immer.	Den er 2 point værd, står på en af dine byer uden metropol og er sikker mod barbarerne. En spiller, der når niveau 5 før dig, kan tage den; på niveau 5 er den din for altid.	Den ger 2 poäng, står på en av dina städer utan metropol och är säker mot barbarerna. En spelare som når nivå 5 före dig kan ta den; på nivå 5 är den din för gott.	Den er verdt 2 poeng, står på en av byene dine uten metropol og er trygg mot barbarene. En spiller som når nivå 5 før deg, kan ta den; på nivå 5 er den din for godt.	Hij is 2 punten waard, staat op een van je steden zonder metropool en is veilig voor de barbaren. Wie vóór jou niveau 5 bereikt, kan hem afpakken; op niveau 5 is hij voorgoed van jou.	Elle vaut 2 points, se trouve sur l’une de vos villes qui n’en a pas et est à l’abri des barbares. Un joueur qui atteint le niveau 5 avant vous peut la prendre ; au niveau 5, elle est à vous pour de bon.	Vale 2 puntos, está sobre una de tus ciudades que aún no tiene una y está a salvo de los bárbaros. Quien llegue al nivel 5 antes que tú puede quitártela; con el nivel 5 es tuya para siempre.	Vale 2 punti, sorge su una delle tue città che non ne ha una ed è al sicuro dai barbari. Chi raggiunge il livello 5 prima di te può prendertela; con il livello 5 è tua per sempre.	Vale 2 pontos, fica numa das suas cidades que ainda não tem uma e está a salvo dos bárbaros. Quem chegar ao nível 5 antes de si pode tirá-la; com o nível 5 é sua para sempre.	Daje 2 punkty, stoi na jednym z twoich miast, które jej jeszcze nie ma, i jest bezpieczna przed barbarzyńcami. Gracz, który osiągnie poziom 5 przed tobą, może ją zabrać; na poziomie 5 jest twoja na stałe.	2 puan değerindedir, henüz metropolü olmayan şehirlerinden birinde durur ve barbarlardan güvendedir. Senden önce 5. seviyeye ulaşan onu alabilir; 5. seviyede sonsuza dek senindir.	Вона варта 2 очок, стоїть на одному з ваших міст, де її ще немає, і захищена від варварів. Гравець, який досягне рівня 5 раніше за вас, може її забрати; на рівні 5 вона ваша назавжди.	2점이며, 대도시가 아직 없는 내 도시 중 하나에 놓이고 야만인으로부터 안전합니다. 나보다 먼저 5단계에 오른 사람이 빼앗아 갈 수 있고, 내가 5단계에 오르면 영원히 내 것입니다.	2点で、メトロポリスがまだない自分の都市の1つに置かれ、蛮族から守られます。先にレベル5に達した人に奪われることがありますが、自分がレベル5になれば永久に自分のものです。	价值 2 分，建在你尚无大都市的一座城市上，不会被蛮族摧毁。比你先达到 5 级的玩家可以夺走它；你达到 5 级后它就永远属于你。
Recruit one for wool and ore. Tap a free corner next to your road.	Rekrutiere einen für Wolle und Erz. Tippe auf eine freie Ecke neben deiner Straße.	Hverv en for uld og malm. Tryk på et frit hjørne ved siden af din vej.	Rekrytera en för ull och malm. Tryck på ett ledigt hörn bredvid din väg.	Rekrutter en for ull og malm. Trykk på et ledig hjørne ved siden av veien din.	Rekruteer er een voor wol en erts. Tik op een vrije hoek naast je weg.	Recrutez-en un pour de la laine et du minerai. Touchez un coin libre à côté de votre route.	Recluta uno por lana y mineral. Toca una esquina libre junto a tu carretera.	Reclutane uno per lana e minerale. Tocca un incrocio libero accanto alla tua strada.	Recrute um por lã e minério. Toque num vértice livre junto da sua estrada.	Zwerbuj jednego za wełnę i rudę. Dotknij wolnego narożnika obok swojej drogi.	Yün ve madenle bir şövalye al. Yolunun yanındaki boş bir köşeye dokun.	Найміть лицаря за вовну й руду. Торкніться вільного кута біля вашої дороги.	양모와 광석으로 기사를 모집하세요. 내 도로 옆의 빈 꼭짓점을 누르세요.	羊毛と鉱石で騎士を雇います。自分の街道の隣の空いている角をタップしてください。	用羊毛和矿石招募一名骑士。点击你道路旁的空闲角。
Only active knights fight. Promote them for wool and ore to make them stronger; mighty ones need politics level 3.	Nur aktive Ritter kämpfen. Werte sie für Wolle und Erz auf, dann werden sie stärker; mächtige brauchen Politik Stufe 3.	Kun aktive riddere kæmper. Forfrem dem for uld og malm for at gøre dem stærkere; mægtige kræver politik niveau 3.	Bara aktiva riddare strider. Befordra dem för ull och malm för att göra dem starkare; mäktiga kräver politik nivå 3.	Bare aktive riddere kjemper. Forfrem dem for ull og malm for å gjøre dem sterkere; mektige krever politikk nivå 3.	Alleen actieve ridders vechten. Promoveer ze voor wol en erts om ze sterker te maken; machtige ridders vereisen politiek niveau 3.	Seuls les chevaliers actifs combattent. Promouvez-les pour de la laine et du minerai afin de les renforcer ; les puissants exigent la politique niveau 3.	Solo luchan los caballeros activos. Asciéndelos por lana y mineral para hacerlos más fuertes; los poderosos exigen política nivel 3.	Combattono solo i cavalieri attivi. Promuovili con lana e minerale per renderli più forti; quelli potenti richiedono politica livello 3.	Só os cavaleiros ativos combatem. Promova-os por lã e minério para os tornar mais fortes; os poderosos exigem política nível 3.	Walczą tylko aktywni rycerze. Awansuj ich za wełnę i rudę, aby byli silniejsi; potężni wymagają polityki na poziomie 3.	Yalnızca aktif şövalyeler savaşır. Güçlendirmek için yün ve madenle terfi ettir; kudretli olanlar siyaset 3. seviyeyi ister.	Б'ються лише активні лицарі. Підвищуйте їх за вовну й руду, щоб зробити сильнішими; могутні потребують політики рівня 3.	활성 기사만 싸웁니다. 양모와 광석으로 승급하면 더 강해지며, 최강 기사는 정치 3단계가 필요합니다.	戦うのは起動中の騎士だけ。羊毛と鉱石で昇格させると強くなります。最強の騎士には政治レベル3が必要です。	只有已激活的骑士会参战。用羊毛和矿石晋升能让它们更强；无敌骑士需要政治 3 级。
Knights at work.	Ritter bei der Arbeit.	Riddere i arbejde.	Riddare i arbete.	Riddere i arbeid.	Ridders aan het werk.	Les chevaliers à l’œuvre.	Los caballeros en acción.	I cavalieri all’opera.	Cavaleiros em ação.	Rycerze w akcji.	Şövalyeler iş başında.	Лицарі за роботою.	기사의 활약.	騎士の働き。	骑士出动。
An active knight can move along your roads, chase away a weaker enemy knight or drive off the robber, and is inactive afterwards. A knight activated this turn must wait for the next.	Ein aktiver Ritter kann sich entlang deiner Straßen versetzen, einen schwächeren fremden Ritter vertreiben oder den Räuber verjagen und ist danach inaktiv. Ein in diesem Zug aktivierter Ritter muss bis zum nächsten warten.	En aktiv ridder kan flytte langs dine veje, jage en svagere fjendtlig ridder væk eller fordrive røveren og er bagefter inaktiv. En ridder, der er aktiveret i denne tur, må vente til næste.	En aktiv riddare kan flytta längs dina vägar, jaga bort en svagare fientlig riddare eller driva bort rövaren och är därefter inaktiv. En riddare som aktiverats i den här turen måste vänta till nästa.	En aktiv ridder kan flytte langs veiene dine, jage bort en svakere fiendtlig ridder eller drive bort røveren, og er inaktiv etterpå. En ridder som ble aktivert i denne runden, må vente til neste.	Een actieve ridder kan langs je wegen verplaatsen, een zwakkere vijandelijke ridder verdrijven of de rover wegjagen en is daarna inactief. Een ridder die in deze beurt is geactiveerd, moet tot de volgende wachten.	Un chevalier actif peut se déplacer le long de vos routes, chasser un chevalier ennemi plus faible ou repousser le voleur, puis il redevient inactif. Un chevalier activé pendant ce tour doit attendre le suivant.	Un caballero activo puede moverse por tus carreteras, expulsar a un caballero enemigo más débil o ahuyentar al ladrón, y después queda inactivo. Un caballero activado en este turno debe esperar al siguiente.	Un cavaliere attivo può spostarsi lungo le tue strade, scacciare un cavaliere nemico più debole o cacciare il ladro, e poi torna inattivo. Un cavaliere attivato in questo turno deve aspettare il prossimo.	Um cavaleiro ativo pode mover-se pelas suas estradas, expulsar um cavaleiro inimigo mais fraco ou afugentar o ladrão, e depois fica inativo. Um cavaleiro ativado nesta jogada tem de esperar pela próxima.	Aktywny rycerz może przejść po twoich drogach, przegnać słabszego rycerza przeciwnika lub odpędzić złodzieja, a potem jest nieaktywny. Rycerz aktywowany w tej turze musi poczekać do następnej.	Aktif bir şövalye yollarında ilerleyebilir, daha zayıf bir düşman şövalyeyi kovabilir ya da haydutu kovalayabilir ve sonra pasif olur. Bu turda aktifleştirilen şövalye bir sonrakini beklemelidir.	Активний лицар може пересуватися вашими дорогами, прогнати слабшого ворожого лицаря або відігнати розбійника, після чого він стає неактивним. Лицар, активований у цей хід, має зачекати до наступного.	활성 기사는 내 도로를 따라 이동하거나, 더 약한 상대 기사를 몰아내거나, 도둑을 쫓아낼 수 있고, 그 뒤에는 비활성이 됩니다. 이번 턴에 활성화한 기사는 다음 턴까지 기다려야 합니다.	起動中の騎士は、自分の街道に沿って移動したり、弱い敵の騎士を追い払ったり、盗賊を追い払ったりでき、その後は停止状態になります。このターンに起動した騎士は次のターンまで待ちます。	已激活的骑士可以沿你的道路移动、驱逐较弱的敌方骑士或赶走强盗，之后会变回未激活。本回合刚激活的骑士要等到下一回合。
Their strength: the number of cities on the board. Your defense: the levels of all active knights (basic 1, strong 2, mighty 3). Afterwards every knight is inactive again.	Ihre Stärke: die Zahl der Städte auf dem Spielfeld. Deine Abwehr: die Stufen aller aktiven Ritter (einfach 1, stark 2, mächtig 3). Danach sind alle Ritter wieder inaktiv.	Deres styrke: antallet af byer på brættet. Dit forsvar: niveauerne af alle aktive riddere (simpel 1, stærk 2, mægtig 3). Bagefter er alle riddere inaktive igen.	Deras styrka: antalet städer på spelplanen. Ditt försvar: nivåerna för alla aktiva riddare (enkel 1, stark 2, mäktig 3). Efteråt är alla riddare inaktiva igen.	Deres styrke: antall byer på brettet. Ditt forsvar: nivåene til alle aktive riddere (enkel 1, sterk 2, mektig 3). Etterpå er alle riddere inaktive igjen.	Hun kracht: het aantal steden op het bord. Jouw verdediging: de niveaus van alle actieve ridders (gewone 1, sterke 2, machtige 3). Daarna zijn alle ridders weer inactief.	Leur force : le nombre de villes sur le plateau. Votre défense : les niveaux de tous les chevaliers actifs (simple 1, fort 2, puissant 3). Ensuite, tous les chevaliers redeviennent inactifs.	Su fuerza: el número de ciudades del tablero. Tu defensa: los niveles de todos los caballeros activos (básico 1, fuerte 2, poderoso 3). Después, todos los caballeros vuelven a estar inactivos.	La loro forza: il numero di città sul tabellone. La tua difesa: i livelli di tutti i cavalieri attivi (semplice 1, forte 2, potente 3). Poi tutti i cavalieri tornano inattivi.	A força deles: o número de cidades no tabuleiro. A sua defesa: os níveis de todos os cavaleiros ativos (básico 1, forte 2, poderoso 3). Depois, todos os cavaleiros voltam a ficar inativos.	Ich siła: liczba miast na planszy. Twoja obrona: poziomy wszystkich aktywnych rycerzy (zwykły 1, silny 2, potężny 3). Potem wszyscy rycerze znów są nieaktywni.	Güçleri: tahtadaki şehir sayısı. Savunman: tüm aktif şövalyelerin seviyeleri (temel 1, güçlü 2, kudretli 3). Sonrasında tüm şövalyeler yeniden pasif olur.	Їхня сила: кількість міст на полі. Ваш захист: рівні всіх активних лицарів (звичайний 1, сильний 2, могутній 3). Після цього всі лицарі знову неактивні.	야만인의 힘: 보드 위 도시 수. 방어력: 모든 활성 기사의 단계 합(기본 1, 강한 2, 최강 3). 그 뒤 모든 기사는 다시 비활성이 됩니다.	蛮族の強さ：ボード上の都市の数。守備力：起動中のすべての騎士のレベルの合計（基本1、強い2、最強3）。その後、騎士はみな停止状態に戻ります。	蛮族力量：地图上的城市数量。你方防御：所有已激活骑士的等级之和（普通 1、强大 2、无敌 3）。之后所有骑士都会恢复为未激活。
The strongest defender earns a point; with a tie each draws a progress card. If the barbarians win, whoever defended least loses a city (cities with a metropolis are safe).	Der stärkste Verteidiger bekommt einen Punkt; bei Gleichstand zieht jeder eine Fortschrittskarte. Siegen die Barbaren, verliert, wer am wenigsten beigetragen hat, eine Stadt (Städte mit Metropole sind sicher).	Den stærkeste forsvarer får et point; ved lighed trækker hver et fremskridtskort. Vinder barbarerne, mister den, der forsvarede mindst, en by (byer med metropol er sikre).	Den starkaste försvararen får en poäng; vid lika drar var och en ett framstegskort. Vinner barbarerna förlorar den som försvarade minst en stad (städer med metropol är säkra).	Den sterkeste forsvareren får et poeng; ved uavgjort trekker hver et fremskrittskort. Vinner barbarene, mister den som forsvarte minst, en by (byer med metropol er trygge).	De sterkste verdediger krijgt een punt; bij gelijkspel trekt ieder een vooruitgangskaart. Winnen de barbaren, dan verliest wie het minst verdedigde een stad (steden met een metropool zijn veilig).	Le meilleur défenseur gagne un point ; en cas d’égalité, chacun pioche une carte progrès. Si les barbares l’emportent, celui qui a le moins défendu perd une ville (les villes avec une métropole sont à l’abri).	El defensor más fuerte gana un punto; en caso de empate, cada uno roba una carta de progreso. Si ganan los bárbaros, quien menos defendió pierde una ciudad (las ciudades con metrópolis están a salvo).	Il difensore più forte guadagna un punto; in caso di parità ognuno pesca una carta progresso. Se vincono i barbari, chi ha difeso meno perde una città (le città con metropoli sono al sicuro).	O defensor mais forte ganha um ponto; em caso de empate, cada um tira uma carta de progresso. Se os bárbaros vencerem, quem menos defendeu perde uma cidade (as cidades com metrópole estão seguras).	Najsilniejszy obrońca zdobywa punkt; przy remisie każdy dobiera kartę postępu. Gdy wygrają barbarzyńcy, kto bronił najmniej, traci miasto (miasta z metropolią są bezpieczne).	En güçlü savunucu bir puan kazanır; beraberlikte her biri bir ilerleme kartı çeker. Barbarlar kazanırsa en az savunan bir şehrini kaybeder (metropolü olan şehirler güvendedir).	Найсильніший захисник отримує очко; у разі рівності кожен бере карту прогресу. Якщо варвари переможуть, той, хто захищав найменше, втрачає місто (міста з мегаполісом у безпеці).	가장 강한 방어자는 1점을 얻고, 동점이면 각자 발전 카드를 뽑습니다. 야만인이 이기면 가장 적게 방어한 사람이 도시를 잃습니다 (대도시가 있는 도시는 안전합니다).	最も強く守った人は1点を得て、同点なら全員が進歩カードを引きます。蛮族が勝つと、最も守らなかった人が都市を失います（メトロポリスのある都市は安全です）。	最强的防守者得 1 分；若并列，则各抽一张进步卡。如果蛮族获胜，防守贡献最少的人会失去一座城市（有大都市的城市不受影响）。
A coloured gate on the event die gives a progress card to players with that improvement if their red die is low enough: level 1 needs 1–2, level 2 needs 1–3, and so on. You may hold 4 cards; play them on your turn after rolling.	Ein farbiges Tor auf dem Ereigniswürfel bringt eine Fortschrittskarte für alle mit diesem Ausbau, deren roter Würfel niedrig genug ist: Stufe 1 braucht 1–2, Stufe 2 braucht 1–3 usw. Du darfst 4 Karten halten; spiele sie in deinem Zug nach dem Würfeln.	En farvet port på begivenhedsterningen giver et fremskridtskort til spillere med den forbedring, hvis røde terning er lav nok: niveau 1 kræver 1–2, niveau 2 kræver 1–3 osv. Du må have 4 kort; spil dem i din tur efter slaget.	En färgad port på händelsetärningen ger ett framstegskort till spelare med den förbättringen vars röda tärning är tillräckligt låg: nivå 1 kräver 1–2, nivå 2 kräver 1–3 och så vidare. Du får ha 4 kort; spela dem i din tur efter kastet.	En farget port på hendelsesterningen gir et fremskrittskort til spillere med den forbedringen hvis røde terning er lav nok: nivå 1 krever 1–2, nivå 2 krever 1–3 og så videre. Du kan ha 4 kort; spill dem i runden din etter kastet.	Een gekleurde poort op de gebeurtenisdobbelsteen geeft een vooruitgangskaart aan spelers met die uitbreiding wier rode dobbelsteen laag genoeg is: niveau 1 vraagt 1–2, niveau 2 vraagt 1–3, enzovoort. Je mag 4 kaarten houden; speel ze in je beurt na het dobbelen.	Une porte colorée sur le dé d'événement donne une carte progrès aux joueurs ayant cette amélioration si leur dé rouge est assez bas : le niveau 1 exige 1–2, le niveau 2 exige 1–3, etc. Vous pouvez garder 4 cartes ; jouez-les à votre tour après le jet.	Una puerta de color en el dado de evento da una carta de progreso a quienes tengan esa mejora si su dado rojo es lo bastante bajo: el nivel 1 necesita 1–2, el nivel 2 necesita 1–3, y así sucesivamente. Puedes tener 4 cartas; juégalas en tu turno después de tirar.	Una porta colorata sul dado evento dà una carta progresso ai giocatori con quella miglioria se il dado rosso è abbastanza basso: il livello 1 richiede 1–2, il livello 2 richiede 1–3 e così via. Puoi tenere 4 carte; giocale nel tuo turno dopo il tiro.	Uma porta colorida no dado de evento dá uma carta de progresso a quem tiver essa melhoria se o dado vermelho for baixo o suficiente: o nível 1 precisa de 1–2, o nível 2 de 1–3, e assim por diante. Pode ter 4 cartas; jogue-as na sua vez depois de lançar.	Kolorowa brama na kości zdarzeń daje kartę postępu graczom z danym ulepszeniem, jeśli czerwona kość jest dość niska: poziom 1 wymaga 1–2, poziom 2 wymaga 1–3 i tak dalej. Możesz mieć 4 karty; zagrywaj je w swojej turze po rzucie.	Olay zarındaki renkli kapı, o gelişimi olan ve kırmızı zarı yeterince düşük gelen oyunculara bir ilerleme kartı verir: 1. seviye için 1–2, 2. seviye için 1–3 vb. 4 kart tutabilirsin; onları kendi turunda zar attıktan sonra oyna.	Кольорова брама на кубику подій дає карту прогресу гравцям із цим покращенням, якщо їхній червоний кубик достатньо малий: рівень 1 потребує 1–2, рівень 2 — 1–3 і так далі. Можна мати 4 карти; грайте їх у свій хід після кидка.	이벤트 주사위에 색깔 성문이 나오면, 그 분야를 발전시킨 플레이어 중 빨간 주사위 눈이 충분히 낮은 사람이 발전 카드를 받습니다. 1단계는 1~2, 2단계는 1~3, 이런 식입니다. 카드는 4장까지 가질 수 있고, 내 차례에 주사위를 굴린 뒤 사용합니다.	イベントサイコロで色付きの門が出ると、その分野を発展させていて赤サイコロの目が十分小さいプレイヤーが進歩カードを得ます。レベル1は1〜2、レベル2は1〜3、というようになります。持てるのは4枚までで、自分の手番のサイコロの後に使います。	事件骰掷出彩色的门时，在该领域有升级且红骰点数足够小的玩家会获得一张进步卡：1 级需要 1–2，2 级需要 1–3，依此类推。最多可持有 4 张；在自己回合掷骰后使用。
A wall costs 2 brick and goes around one of your cities. Each wall lets you keep 2 more cards when a 7 is rolled.	Eine Stadtmauer kostet 2 Lehm und umgibt eine deiner Städte. Mit jeder Mauer darfst du 2 Karten mehr behalten, wenn eine 7 fällt.	En mur koster 2 ler og går rundt om en af dine byer. Hver mur lader dig beholde 2 kort mere, når der slås 7.	En mur kostar 2 lera och omger en av dina städer. Varje mur låter dig behålla 2 kort till när en 7:a slås.	En mur koster 2 leire og går rundt en av byene dine. Hver mur lar deg beholde 2 kort til når det kastes 7.	Een muur kost 2 baksteen en omringt een van je steden. Met elke muur mag je 2 kaarten meer houden als er een 7 valt.	Un rempart coûte 2 argiles et entoure l’une de vos villes. Chaque rempart vous permet de garder 2 cartes de plus quand un 7 sort.	Una muralla cuesta 2 de arcilla y rodea una de tus ciudades. Cada muralla te deja guardar 2 cartas más cuando sale un 7.	Una cinta di mura costa 2 argilla e circonda una delle tue città. Ogni cinta di mura ti fa tenere 2 carte in più quando esce un 7.	Uma muralha custa 2 de barro e rodeia uma das suas cidades. Cada muralha permite-lhe guardar mais 2 cartas quando sai um 7.	Mur kosztuje 2 gliny i otacza jedno z twoich miast. Każdy mur pozwala zatrzymać 2 karty więcej, gdy wypadnie 7.	Bir sur 2 tuğla tutar ve şehirlerinden birini çevreler. Her sur, 7 geldiğinde elinde 2 kart daha tutmanı sağlar.	Стіна коштує 2 глини й оточує одне з ваших міст. Кожна стіна дає змогу тримати на 2 карти більше, коли випадає 7.	성벽은 벽돌 2장이 들고 내 도시 하나를 둘러쌉니다. 성벽 하나마다 7이 나올 때 카드를 2장 더 가질 수 있습니다.	城壁はレンガ2枚で、自分の都市の1つを囲みます。城壁1つにつき、7が出たときに持てるカードが2枚増えます。	城墙花费 2 砖块，围在你的一座城市外。每座城墙让你在掷出 7 时多保留 2 张卡。
Settlement 1 · City 2 · Metropolis 2 · Defender 1 · Longest Road 2 · Progress point card 1 · Merchant 1	Siedlung 1 · Stadt 2 · Metropole 2 · Verteidiger 1 · Längste Handelsroute 2 · Siegpunkt-Fortschrittskarte 1 · Händler 1	Bosættelse 1 · By 2 · Metropol 2 · Forsvarer 1 · Længste vej 2 · Fremskridtskort med point 1 · Købmand 1	Bosättning 1 · Stad 2 · Metropol 2 · Försvarare 1 · Längsta vägen 2 · Framstegskort med poäng 1 · Köpman 1	Bosetning 1 · By 2 · Metropol 2 · Forsvarer 1 · Lengste vei 2 · Fremskrittskort med poeng 1 · Kjøpmann 1	Dorp 1 · Stad 2 · Metropool 2 · Verdediger 1 · Langste handelsroute 2 · Vooruitgangskaart met punt 1 · Koopman 1	Colonie 1 · Ville 2 · Métropole 2 · Défenseur 1 · Route la plus longue 2 · Carte progrès à point 1 · Marchand 1	Poblado 1 · Ciudad 2 · Metrópolis 2 · Defensor 1 · Gran ruta comercial 2 · Carta de progreso con punto 1 · Mercader 1	Insediamento 1 · Città 2 · Metropoli 2 · Difensore 1 · Strada più lunga 2 · Carta progresso con punto 1 · Mercante 1	Aldeia 1 · Cidade 2 · Metrópole 2 · Defensor 1 · Estrada mais longa 2 · Carta de progresso com ponto 1 · Mercador 1	Osada 1 · Miasto 2 · Metropolia 2 · Obrońca 1 · Najdłuższa droga 2 · Karta postępu z punktem 1 · Kupiec 1	Köy 1 · Şehir 2 · Metropol 2 · Savunucu 1 · En uzun yol 2 · Puan getiren ilerleme kartı 1 · Tüccar 1	Поселення 1 · Місто 2 · Мегаполіс 2 · Захисник 1 · Найдовша дорога 2 · Карта прогресу з очком 1 · Купець 1	정착지 1 · 도시 2 · 대도시 2 · 수호자 1 · 최장 도로 2 · 점수 발전 카드 1 · 상인 1	開拓地1 · 都市2 · メトロポリス2 · 守護者1 · 最長交易路2 · 得点付き進歩カード1 · 商人1	村庄 1 · 城市 2 · 大都市 2 · 守护者 1 · 最长道路 2 · 得分进步卡 1 · 商人 1
The land is split into islands. Ships cross the sea. In the founding phase a coastal settlement may take a ship instead of a road.	Das Land ist in Inseln geteilt. Schiffe überqueren das Meer. In der Gründungsphase darf eine Küstensiedlung statt einer Straße ein Schiff erhalten.	Landet er delt i øer. Skibe krydser havet. I grundlæggelsesfasen må en kystbosættelse få et skib i stedet for en vej.	Landet är uppdelat i öar. Skepp korsar havet. I grundläggningsfasen får en kustbosättning få ett skepp i stället för en väg.	Landet er delt i øyer. Skip krysser havet. I grunnleggingsfasen kan en kystbosetning få et skip i stedet for en vei.	Het land is verdeeld in eilanden. Schepen steken de zee over. In de stichtingsfase mag een kustdorp een schip krijgen in plaats van een weg.	Les terres sont divisées en îles. Les navires traversent la mer. Pendant la phase de fondation, une colonie côtière peut recevoir un navire au lieu d’une route.	La tierra está dividida en islas. Los barcos cruzan el mar. En la fase de fundación, un poblado costero puede recibir un barco en lugar de una carretera.	La terra è divisa in isole. Le navi attraversano il mare. Nella fase di fondazione un insediamento costiero può avere una nave al posto di una strada.	A terra está dividida em ilhas. Os navios atravessam o mar. Na fase de fundação, uma aldeia costeira pode receber um navio em vez de uma estrada.	Ląd jest podzielony na wyspy. Statki przemierzają morze. W fazie zakładania osada nadbrzeżna może dostać statek zamiast drogi.	Kara adalara bölünmüştür. Gemiler denizi aşar. Kuruluş aşamasında kıyıdaki bir köy yol yerine gemi alabilir.	Суходіл поділено на острови. Кораблі перетинають море. У фазі заснування прибережне поселення може отримати корабель замість дороги.	땅이 여러 섬으로 나뉘어 있습니다. 배로 바다를 건넙니다. 시작 단계에서 해안 정착지는 도로 대신 배를 놓을 수 있습니다.	陸地は島に分かれています。船で海を渡ります。開始フェーズでは、海沿いの開拓地に街道の代わりに船を置けます。	陆地分成多个岛屿。船只横渡大海。在建村阶段，沿海村庄可以放一艘船来代替道路。
Discovering land pays you a resource of its kind. In the Fog Islands scenario a ship or road next to a face-down tile turns it over.	Entdecktes Land bringt dir einen Rohstoff seiner Art. Im Szenario Ozeanien deckt ein Schiff oder eine Straße neben einem verdeckten Feld dieses auf.	Når du opdager land, får du en råvare af den slags. I scenariet Tågeøerne vender et skib eller en vej ved siden af et nedvendt felt det om.	Att upptäcka land ger dig en råvara av den sorten. I scenariot Dimöarna vänder ett skepp eller en väg intill en nedvänd bricka upp den.	Å oppdage land gir deg en råvare av den typen. I scenarioet Tåkeøyene vender et skip eller en vei ved siden av et nedvendt felt det.	Land ontdekken levert je een grondstof van die soort op. In het scenario De mistige eilanden draait een schip of weg naast een verborgen vlak het om.	Découvrir une terre vous rapporte une ressource de ce type. Dans le scénario Les Îles de la brume, un navire ou une route à côté d’une tuile face cachée la retourne.	Descubrir tierra te da un recurso de ese tipo. En el escenario Las islas de la niebla, un barco o una carretera junto a una casilla boca abajo le da la vuelta.	Scoprire nuove terre ti dà una risorsa di quel tipo. Nello scenario Le Isole della Nebbia, una nave o una strada accanto a una tessera coperta la scopre.	Descobrir terra dá-lhe um recurso desse tipo. No cenário As Ilhas do Nevoeiro, um navio ou uma estrada junto de um hexágono virado para baixo vira-o.	Odkrycie lądu daje ci surowiec tego rodzaju. W scenariuszu Wyspy we mgle statek lub droga obok zakrytego pola odkrywa je.	Kara keşfetmek sana o türden bir kaynak kazandırır. Sis Adaları senaryosunda, ters çevrilmiş bir karonun yanındaki gemi ya da yol onu çevirir.	За відкриття землі ви отримуєте ресурс цього виду. У сценарії «Острови в тумані» корабель або дорога біля прихованої плитки перевертає її.	땅을 발견하면 그 지형의 자원을 하나 받습니다. 안개 섬 시나리오에서는 뒤집힌 타일 옆에 배나 도로를 놓으면 타일이 뒤집힙니다.	陸地を発見すると、その種類の資源が1つもらえます。霧の島々のシナリオでは、伏せられたタイルの隣に船か街道を置くとタイルがめくれます。	发现陆地可获得对应种类的一份资源。在迷雾群岛场景中，在盖着的地块旁放置船或道路就会翻开它。
Tap the glowing corner. Your first settlement on each foreign island earns bonus points (2 in most scenarios).	Tippe auf die leuchtende Ecke. Deine erste Siedlung auf jeder fremden Insel bringt Bonuspunkte (in den meisten Szenarien 2).	Tryk på det lysende hjørne. Din første bosættelse på hver fremmed ø giver bonuspoint (2 i de fleste scenarier).	Tryck på det lysande hörnet. Din första bosättning på varje främmande ö ger bonuspoäng (2 i de flesta scenarier).	Trykk på det lysende hjørnet. Den første bosetningen din på hver fremmede øy gir bonuspoeng (2 i de fleste scenarioer).	Tik op de oplichtende hoek. Je eerste dorp op elk vreemd eiland levert bonuspunten op (2 in de meeste scenario’s).	Touchez le coin lumineux. Votre première colonie sur chaque île étrangère rapporte des points bonus (2 dans la plupart des scénarios).	Toca la esquina iluminada. Tu primer poblado en cada isla extranjera te da puntos de bonificación (2 en la mayoría de los escenarios).	Tocca l'incrocio illuminato. Il tuo primo insediamento su ogni isola straniera dà punti bonus (2 nella maggior parte degli scenari).	Toque no vértice iluminado. A sua primeira aldeia em cada ilha estrangeira dá pontos de bónus (2 na maioria dos cenários).	Dotknij świecącego narożnika. Twoja pierwsza osada na każdej obcej wyspie daje punkty bonusowe (w większości scenariuszy 2).	Parlayan köşeye dokun. Her yabancı adadaki ilk köyün bonus puan kazandırır (çoğu senaryoda 2).	Торкніться сяйливого кута. Ваше перше поселення на кожному чужому острові дає бонусні очки (у більшості сценаріїв — 2).	빛나는 꼭짓점을 누르세요. 각 외지 섬의 첫 정착지는 보너스 점수를 줍니다(대부분의 시나리오에서 2점).	光っている角をタップしてください。他の島ごとの最初の開拓地でボーナス点がもらえます（ほとんどのシナリオで2点）。	点击发光的角。你在每座外来岛上的第一个村庄都会获得奖励分（大多数场景为 2 分）。
No ship may be built or moved next to his tile, and he steals a card from a player with a ship there. On a 7 or with a knight you move either the robber or the pirate.	Neben seinem Feld darf kein Schiff gebaut oder versetzt werden, und er raubt eine Karte von jemandem mit einem Schiff dort. Bei einer 7 oder mit einem Ritter versetzt du entweder den Räuber oder den Seeräuber.	Ved siden af hans felt må intet skib bygges eller flyttes, og han stjæler et kort fra en spiller med et skib der. Ved et 7-tal eller med en ridder flytter du enten røveren eller piraten.	Intill hans bricka får inget skepp byggas eller flyttas, och han stjäl ett kort från en spelare med ett skepp där. Vid en 7:a eller med en riddare flyttar du antingen rövaren eller piraten.	Ved siden av feltet hans kan ingen skip bygges eller flyttes, og han stjeler et kort fra en spiller med et skip der. Ved en 7-er eller med en ridder flytter du enten røveren eller piraten.	Naast zijn veld mag geen schip worden gebouwd of verplaatst, en hij steelt een kaart van een speler met een schip daar. Bij een 7 of met een ridder verplaats je de rover of de piraat.	À côté de son terrain, aucun navire ne peut être construit ni déplacé, et il vole une carte à un joueur qui y a un navire. Sur un 7 ou avec un chevalier, vous déplacez soit le voleur, soit le pirate.	Junto a su terreno no se puede construir ni mover ningún barco, y roba una carta a un jugador con un barco allí. Con un 7 o con un caballero mueves o bien al ladrón o bien al pirata.	Accanto al suo terreno nessuna nave può essere costruita o spostata, ed egli ruba una carta a un giocatore con una nave lì. Con un 7 o con un cavaliere sposti o il ladro o il pirata.	Junto ao terreno dele não se pode construir nem mover nenhum navio, e ele rouba uma carta a um jogador com um navio aí. Com um 7 ou com um cavaleiro, você move o ladrão ou o pirata.	Obok jego pola nie wolno budować ani przesuwać statków, a on kradnie kartę graczowi ze statkiem w tym miejscu. Przy siódemce lub z rycerzem przesuwasz albo złodzieja, albo pirata.	Karesinin yanında hiçbir gemi inşa edilemez ya da oynatılamaz ve orada gemisi olan bir oyuncudan kart çalar. 7 atınca ya da bir şövalyeyle ya haydudu ya da korsanı oynatırsın.	Біля його плитки не можна ні будувати, ні переміщувати кораблі, а він краде карту в гравця, чий корабель там стоїть. На 7 або з лицарем ви переміщуєте або розбійника, або пірата.	해적 타일 옆에서는 배를 놓거나 옮길 수 없고, 해적은 그곳에 배가 있는 플레이어의 카드를 훔칩니다. 7이 나오거나 기사를 쓰면 도둑과 해적 중 하나를 옮깁니다.	海賊のタイルの隣では船を置くことも動かすこともできず、海賊はそこに船のあるプレイヤーからカードを奪います。7が出たとき、または騎士を使うときは、盗賊か海賊のどちらかを動かします。	海盗所在地块旁不能建造或移动船只，海盗还会从那里有船的玩家手中偷一张牌。掷出 7 或使用骑士时，你可以移动强盗或海盗其中之一。
Roads and ships count together, but they only join at your own settlements and cities. 5 or more in a row earn 2 points.	Straßen und Schiffe zählen zusammen, verbinden sich aber nur an deinen eigenen Siedlungen und Städten. 5 oder mehr hintereinander bringen 2 Punkte.	Veje og skibe tæller sammen, men de forbindes kun ved dine egne bosættelser og byer. 5 eller flere i række giver 2 point.	Vägar och skepp räknas ihop, men de ansluter bara vid dina egna bosättningar och städer. 5 eller fler i rad ger 2 poäng.	Veier og skip teller sammen, men de henger bare sammen ved dine egne bosetninger og byer. 5 eller flere på rad gir 2 poeng.	Wegen en schepen tellen samen, maar sluiten alleen aan bij je eigen dorpen en steden. 5 of meer op een rij leveren 2 punten op.	Routes et navires comptent ensemble, mais ne se rejoignent que sur vos propres colonies et villes. 5 ou plus à la suite rapportent 2 points.	Carreteras y barcos cuentan juntos, pero solo se unen en tus propios poblados y ciudades. 5 o más seguidos dan 2 puntos.	Strade e navi contano insieme, ma si collegano solo presso i tuoi insediamenti e le tue città. 5 o più di fila valgono 2 punti.	Estradas e navios contam juntos, mas só se ligam nas suas próprias aldeias e cidades. 5 ou mais seguidos dão 2 pontos.	Drogi i statki liczą się razem, ale łączą się tylko przy twoich osadach i miastach. 5 lub więcej z rzędu daje 2 punkty.	Yollar ve gemiler birlikte sayılır, ama yalnızca kendi köy ve şehirlerinde birleşir. Arka arkaya 5 veya daha fazlası 2 puan getirir.	Дороги й кораблі рахуються разом, але з’єднуються лише біля ваших власних поселень і міст. 5 або більше поспіль дають 2 очки.	도로와 배는 함께 세지만, 내 정착지와 도시에서만 이어집니다. 5개 이상 연속이면 2점을 얻습니다.	街道と船は合わせて数えますが、つながるのは自分の開拓地と都市のところだけです。5つ以上続くと2点です。	道路和船合并计算，但只在你自己的村庄和城市处相连。连续 5 段或更多得 2 分。
Longest Trade Route	Längste Handelsroute	Længste handelsvej	Längsta handelsvägen	Lengste handelsvei	Langste handelsweg	Plus longue route commerciale	Ruta comercial más larga	Via commerciale più lunga	Estrada comercial mais longa	Najdłuższa droga handlowa	En uzun ticaret yolu	Найдовша торгова дорога	최장 교역로	最長交易路	最长贸易之路
Sail into the unknown. Discover land, found settlements and win the missions. The point goal depends on the scenario, from 8 to 17.	Segelt ins Unbekannte. Entdeckt Land, gründet Siedlungen und gewinnt die Missionen. Das Siegpunktziel hängt vom Szenario ab, von 8 bis 17.	Sejl ud i det ukendte. Opdag land, grundlæg bosættelser og vind missionerne. Pointmålet afhænger af scenariet, fra 8 til 17.	Segla ut i det okända. Upptäck land, grunda bosättningar och vinn uppdragen. Poängmålet beror på scenariot, från 8 till 17.	Seil ut i det ukjente. Oppdag land, grunnlegg bosetninger og vinn oppdragene. Poengmålet avhenger av scenarioet, fra 8 til 17.	Zeil de onbekende wereld in. Ontdek land, sticht dorpen en win de missies. Het puntendoel hangt af van het scenario, van 8 tot 17.	Naviguez vers l’inconnu. Découvrez des terres, fondez des colonies et remportez les missions. L’objectif de points dépend du scénario, de 8 à 17.	Navega hacia lo desconocido. Descubre tierras, funda poblados y gana las misiones. La meta de puntos depende del escenario, de 8 a 17.	Salpa verso l’ignoto. Scopri terre, fonda insediamenti e vinci le missioni. L’obiettivo di punti dipende dallo scenario, da 8 a 17.	Navegue rumo ao desconhecido. Descubra terras, funde aldeias e vença as missões. A meta de pontos depende do cenário, de 8 a 17.	Wypłyń w nieznane. Odkrywaj ląd, zakładaj osady i wygrywaj misje. Cel punktowy zależy od scenariusza, od 8 do 17.	Bilinmeyene yelken aç. Kara keşfet, köyler kur ve görevleri kazan. Puan hedefi senaryoya göre değişir, 8 ile 17 arasında.	Вирушайте в невідоме. Відкривайте землі, засновуйте поселення й вигравайте місії. Мета в очках залежить від сценарію: від 8 до 17.	미지의 바다로 나아가세요. 땅을 발견하고 정착지를 세우며 임무를 완수하세요. 목표 점수는 시나리오에 따라 8점에서 17점까지입니다.	未知の海へ漕ぎ出しましょう。陸を発見し、開拓地を築き、ミッションを制しましょう。目標点はシナリオにより8点から17点です。	驶向未知。发现陆地、建立村庄并赢得任务。目标分数取决于场景，从 8 分到 17 分。
A harbor settlement (2 points), a settlement and a ship with an explorer. There are no cities, development cards or robber, and no harbors for trading.	Eine Hafensiedlung (2 Punkte), eine Siedlung und ein Schiff mit einem Entdecker. Es gibt keine Städte, Entwicklungskarten oder Räuber und keine Häfen zum Handeln.	En havnebosættelse (2 point), en bosættelse og et skib med en opdager. Der er ingen byer, udviklingskort eller røver og ingen havne til handel.	En hamnbosättning (2 poäng), en bosättning och ett skepp med en upptäckare. Det finns inga städer, utvecklingskort eller rövare och inga hamnar för handel.	En havnebosetning (2 poeng), en bosetning og et skip med en oppdager. Det finnes ingen byer, utviklingskort eller røver og ingen havner for handel.	Een havendorp (2 punten), een dorp en een schip met een ontdekker. Er zijn geen steden, ontwikkelingskaarten of rover en geen havens om mee te handelen.	Une colonie portuaire (2 points), une colonie et un navire avec un explorateur. Il n’y a ni villes, ni cartes développement, ni voleur, ni ports pour commercer.	Un poblado portuario (2 puntos), un poblado y un barco con un explorador. No hay ciudades, ni cartas de desarrollo, ni ladrón, ni puertos para comerciar.	Un insediamento portuale (2 punti), un insediamento e una nave con un esploratore. Non ci sono città, né carte sviluppo, né ladro, né porti per commerciare.	Uma aldeia portuária (2 pontos), uma aldeia e um navio com um explorador. Não há cidades, nem cartas de desenvolvimento, nem ladrão, nem portos para comerciar.	Osada portowa (2 punkty), osada i statek z odkrywcą. Nie ma miast, kart rozwoju ani złodzieja, ani portów do handlu.	Bir liman köyü (2 puan), bir köy ve bir kâşifli gemi. Şehir, gelişim kartı, haydut ve ticaret limanı yoktur.	Портове поселення (2 очка), поселення та корабель із дослідником. Тут немає міст, карт розвитку й розбійника, а також гаваней для торгівлі.	항구 정착지 1개(2점), 정착지 1개, 탐험가가 탄 배 1척. 도시도, 발전 카드도, 도둑도, 거래용 항구도 없습니다.	港の開拓地（2点）、開拓地、探検者を乗せた船が1隻。都市も発展カードも盗賊も交易用の港もありません。	一个港口村庄（2 分）、一个村庄和一艘载有探险家的船。没有城市、发展卡和强盗，也没有用于贸易的港口。
A turn has three phases.	Ein Zug hat drei Phasen.	En tur har tre faser.	En tur har tre faser.	En runde har tre faser.	Een beurt heeft drie fasen.	Un tour comporte trois phases.	Un turno tiene tres fases.	Un turno ha tre fasi.	Uma jogada tem três fases.	Tura ma trzy fazy.	Bir turun üç aşaması vardır.	Хід має три фази.	한 턴은 세 단계입니다.	1ターンは3つのフェーズです。	一个回合分三个阶段。
Income (roll the dice), then trade and build, then the movement phase for your ships. Once you start to sail, you cannot trade or build any more.	Ertrag (würfeln), dann Handeln und Bauen, dann die Bewegungsphase für deine Schiffe. Sobald du losgesegelt bist, kannst du nicht mehr handeln oder bauen.	Indkomst (slå terningerne), derefter handel og byggeri, så bevægelsesfasen for dine skibe. Når du først er begyndt at sejle, kan du ikke længere handle eller bygge.	Inkomst (slå tärningarna), sedan handel och byggande, sedan rörelsefasen för dina skepp. När du väl har börjat segla kan du inte längre handla eller bygga.	Inntekt (kast terningene), deretter handel og bygging, så bevegelsesfasen for skipene dine. Når du først har begynt å seile, kan du ikke lenger handle eller bygge.	Opbrengst (dobbelen), dan handelen en bouwen, dan de bewegingsfase voor je schepen. Zodra je begint te varen, kun je niet meer handelen of bouwen.	Revenus (lancer les dés), puis commerce et construction, puis la phase de déplacement de vos navires. Une fois que vous avez commencé à naviguer, vous ne pouvez plus commercer ni construire.	Ingresos (tirar los dados), luego comerciar y construir, y después la fase de movimiento de tus barcos. Una vez que empiezas a navegar, ya no puedes comerciar ni construir.	Rendita (tira i dadi), poi commercio e costruzione, poi la fase di movimento delle tue navi. Una volta iniziato a navigare, non puoi più commerciare né costruire.	Rendimento (lançar os dados), depois comerciar e construir, depois a fase de movimento dos seus navios. Depois de começar a navegar, já não pode comerciar nem construir.	Dochód (rzut kośćmi), potem handel i budowa, potem faza ruchu twoich statków. Gdy zaczniesz żeglować, nie możesz już handlować ani budować.	Gelir (zar at), sonra ticaret ve inşa, sonra gemilerin için hareket aşaması. Yelken açmaya başladıktan sonra artık ticaret yapamaz ya da inşa edemezsin.	Прибуток (киньте кубики), потім торгівля та будівництво, потім фаза руху для ваших кораблів. Щойно ви почали плавання, торгувати чи будувати вже не можна.	수입(주사위 굴리기), 그다음 거래와 건설, 마지막으로 배의 이동 단계입니다. 항해를 시작하면 더 이상 거래하거나 건설할 수 없습니다.	収入（サイコロを振る）、次に交易と建設、最後に船の移動フェーズです。航行を始めたら、もう交易も建設もできません。	收入（掷骰子），然后交易与建造，最后是船只的移动阶段。一旦开始航行，就不能再交易或建造。
Tap the glowing sea path. A ship sails from path to path along the coast and between the fields. For 1 wool it gets 2 more moves, once per turn.	Tippe auf den leuchtenden Seeweg. Ein Schiff fährt von Weg zu Weg an der Küste entlang und zwischen den Feldern. Für 1 Wolle bekommt es 2 weitere Züge, einmal pro Spielzug.	Tryk på den lysende søvej. Et skib sejler fra vej til vej langs kysten og mellem felterne. For 1 uld får det 2 ekstra træk, én gang pr. tur.	Tryck på den lysande sjövägen. Ett skepp seglar från väg till väg längs kusten och mellan fälten. För 1 ull får det 2 extra drag, en gång per tur.	Trykk på den lysende sjøveien. Et skip seiler fra vei til vei langs kysten og mellom feltene. For 1 ull får det 2 ekstra trekk, én gang per runde.	Tik op de oplichtende zeeweg. Een schip vaart van weg naar weg langs de kust en tussen de velden. Voor 1 wol krijgt het 2 extra zetten, één keer per beurt.	Touchez la route maritime lumineuse. Un navire passe de route en route le long de la côte et entre les terrains. Pour 1 laine, il obtient 2 déplacements de plus, une fois par tour.	Toca la ruta marítima iluminada. Un barco navega de ruta en ruta por la costa y entre los terrenos. Por 1 lana obtiene 2 movimientos más, una vez por turno.	Tocca la rotta marittima illuminata. Una nave naviga di rotta in rotta lungo la costa e tra i territori. Con 1 lana ottiene 2 mosse in più, una volta per turno.	Toque na rota marítima iluminada. Um navio navega de rota em rota ao longo da costa e entre os terrenos. Por 1 lã ganha mais 2 movimentos, uma vez por jogada.	Dotknij świecącego szlaku morskiego. Statek płynie od szlaku do szlaku wzdłuż wybrzeża i między polami. Za 1 wełnę dostaje 2 ruchy więcej, raz na turę.	Parlayan deniz yoluna dokun. Gemi kıyı boyunca ve araziler arasında yoldan yola ilerler. 1 yünle 2 hamle daha kazanır, turda bir kez.	Торкніться підсвіченого морського шляху. Корабель пливе від шляху до шляху вздовж берега й між полями. За 1 вовну він отримує ще 2 ходи, раз за хід.	빛나는 바닷길을 누르세요. 배는 해안을 따라, 그리고 지형 사이를 길에서 길로 항해합니다. 양모 1개를 내면 2칸 더 움직일 수 있으며, 턴마다 한 번입니다.	光る海路をタップしてください。船は海岸沿いや土地の間を、海路から海路へと進みます。羊毛1枚でさらに2移動でき、1ターンに1回です。	点击发光的海路。船沿着海岸并在地块之间一段一段航行。付出 1 羊毛，它可多走 2 步，每回合一次。
The ship points at a corner of the new land: ship and explorer go back to the supply and a settlement stands there for free. Roads cannot cross the sea.	Das Schiff zeigt auf eine Ecke des neuen Landes: Schiff und Entdecker kommen zurück in den Vorrat und dort steht kostenlos eine Siedlung. Straßen können das Meer nicht überqueren.	Skibet peger på et hjørne af det nye land: skib og opdager går tilbage i forrådet, og en bosættelse står der gratis. Veje kan ikke krydse havet.	Skeppet pekar på ett hörn av det nya landet: skepp och upptäckare går tillbaka till förrådet och en bosättning står där gratis. Vägar kan inte korsa havet.	Skipet peker på et hjørne av det nye landet: skip og oppdager går tilbake i forrådet, og en bosetning står der gratis. Veier kan ikke krysse havet.	Het schip wijst naar een hoek van het nieuwe land: schip en ontdekker gaan terug in de voorraad en er staat gratis een dorp. Wegen kunnen de zee niet oversteken.	Le navire pointe vers un coin de la nouvelle terre : navire et explorateur retournent dans la réserve et une colonie s’y dresse gratuitement. Les routes ne peuvent pas traverser la mer.	El barco apunta a una esquina de la nueva tierra: barco y explorador vuelven a la reserva y allí se alza un poblado gratis. Las carreteras no pueden cruzar el mar.	La nave punta a un angolo della nuova terra: nave ed esploratore tornano nella riserva e lì sorge gratis un insediamento. Le strade non possono attraversare il mare.	O navio aponta para um canto da nova terra: navio e explorador voltam para a reserva e ali ergue-se uma aldeia de graça. As estradas não podem atravessar o mar.	Statek wskazuje róg nowego lądu: statek i odkrywca wracają do zapasu, a w tym miejscu za darmo stoi osada. Drogi nie mogą przecinać morza.	Gemi yeni karanın bir köşesini gösterir: gemi ve kâşif stoğa döner ve orada bedavaya bir köy durur. Yollar denizi geçemez.	Корабель вказує на кут нової землі: корабель і дослідник повертаються в запас, а там безкоштовно стоїть поселення. Дороги не можуть перетинати море.	배가 새 땅의 꼭짓점을 가리키면 배와 탐험가는 보관함으로 돌아가고 그곳에 정착지가 무료로 놓입니다. 길은 바다를 건널 수 없습니다.	船が新しい土地の角を指すと、船と探検者は元の置き場に戻り、そこに開拓地が無料で置かれます。道路は海を渡れません。	船指向新陆地的一个角：船和探险家放回备用区，那里免费建起一座村庄。道路不能跨越海洋。
Upgrade a coastal settlement for 2 grain and 2 ore: 2 points instead of 1, still 1 card per tile. Ships are built next to a harbor settlement; new explorers and units wait in its basin for a ship.	Baue eine Küstensiedlung für 2 Getreide und 2 Erz aus: 2 Punkte statt 1, aber weiter nur 1 Karte pro Feld. Schiffe werden neben einer Hafensiedlung gebaut; neue Entdecker und Einheiten warten in ihrem Hafenbecken auf ein Schiff.	Udbyg en kystbosættelse for 2 korn og 2 malm: 2 point i stedet for 1, stadig kun 1 kort pr. felt. Skibe bygges ved siden af en havnebosættelse; nye opdagere og enheder venter i dens bassin på et skib.	Bygg ut en kustbosättning för 2 spannmål och 2 malm: 2 poäng i stället för 1, fortfarande bara 1 kort per ruta. Skepp byggs bredvid en hamnbosättning; nya upptäckare och enheter väntar i dess bassäng på ett skepp.	Bygg ut en kystbosetning for 2 korn og 2 malm: 2 poeng i stedet for 1, fortsatt bare 1 kort per felt. Skip bygges ved siden av en havnebosetning; nye oppdagere og enheter venter i bassenget på et skip.	Bouw een kustdorp uit voor 2 graan en 2 erts: 2 punten in plaats van 1, nog steeds maar 1 kaart per vlak. Schepen worden naast een havendorp gebouwd; nieuwe ontdekkers en eenheden wachten in het havenbekken op een schip.	Agrandissez une colonie côtière pour 2 blés et 2 minerais : 2 points au lieu de 1, mais toujours 1 seule carte par tuile. Les navires se construisent à côté d’une colonie portuaire ; les nouveaux explorateurs et unités attendent un navire dans son bassin.	Amplía un poblado costero por 2 cereales y 2 minerales: 2 puntos en lugar de 1, pero sigue dando solo 1 carta por casilla. Los barcos se construyen junto a un poblado portuario; los nuevos exploradores y unidades esperan un barco en su dársena.	Amplia un insediamento costiero con 2 grano e 2 minerali: 2 punti invece di 1, ma sempre 1 sola carta per tessera. Le navi si costruiscono accanto a un insediamento portuale; i nuovi esploratori e le nuove unità attendono una nave nel suo bacino.	Amplie uma aldeia costeira por 2 cereais e 2 minérios: 2 pontos em vez de 1, mas continua a dar só 1 carta por hexágono. Os navios constroem-se junto de uma aldeia portuária; novos exploradores e unidades esperam por um navio na sua bacia.	Rozbuduj nadbrzeżną osadę za 2 zboża i 2 rudy: 2 punkty zamiast 1, ale nadal tylko 1 karta za pole. Statki buduje się obok osady portowej; nowi odkrywcy i jednostki czekają w jej basenie na statek.	Kıyıdaki bir köyü 2 tahıl ve 2 madenle yükselt: 1 yerine 2 puan, ama karo başına yine yalnızca 1 kart. Gemiler bir liman köyünün yanında inşa edilir; yeni kâşifler ve birimler havuzunda bir gemi bekler.	Розбудуйте прибережне поселення за 2 зерна й 2 руди: 2 очка замість 1, але все одно лише 1 карта за плитку. Кораблі будують поруч із портовим поселенням; нові дослідники й загони чекають на корабель у його басейні.	해안 정착지를 곡물 2, 광석 2로 키우면 1점이 아니라 2점이지만, 타일당 카드는 여전히 1장입니다. 배는 항구 정착지 옆에 만들고, 새 탐험가와 부대는 선착장에서 배를 기다립니다.	海沿いの開拓地を穀物2・鉱石2で発展させると、1点ではなく2点になりますが、タイル1枚につきカードは1枚のままです。船は港の開拓地の隣に作り、新しい探検者や部隊は船着き場で船を待ちます。	用 2 谷物和 2 矿石升级沿海村庄：2 分而不是 1 分，但每块地块仍只产出 1 张牌。船建在港口村庄旁；新的探险家和部队在其港池中等待船只。
If a roll (not a 7) gives you no resources, you get 1 gold. 3 identical resources buy 1 resource or 1 gold; 2 gold buy a resource, twice per turn.	Bringt ein Wurf (außer der 7) dir keine Rohstoffe, bekommst du 1 Gold. 3 gleiche Rohstoffe tauschen gegen 1 Rohstoff oder 1 Gold; 2 Gold kaufen einen Rohstoff, zweimal pro Zug.	Hvis et slag (ikke en 7’er) ikke giver dig råvarer, får du 1 guld. 3 ens råvarer byttes til 1 råvare eller 1 guld; 2 guld køber en råvare, to gange pr. tur.	Om ett kast (inte en 7:a) inte ger dig några råvaror får du 1 guld. 3 likadana råvaror byts mot 1 råvara eller 1 guld; 2 guld köper en råvara, två gånger per tur.	Hvis et kast (ikke en 7-er) ikke gir deg noen ressurser, får du 1 gull. 3 like ressurser byttes mot 1 ressurs eller 1 gull; 2 gull kjøper en ressurs, to ganger per runde.	Als een worp (geen 7) je geen grondstoffen oplevert, krijg je 1 goud. 3 gelijke grondstoffen ruil je voor 1 grondstof of 1 goud; 2 goud kopen een grondstof, twee keer per beurt.	Si un jet (autre qu’un 7) ne vous rapporte aucune ressource, vous recevez 1 or. 3 ressources identiques s’échangent contre 1 ressource ou 1 or ; 2 or achètent une ressource, deux fois par tour.	Si una tirada (que no sea 7) no te da materias primas, recibes 1 de oro. 3 materias primas iguales se cambian por 1 materia prima o 1 de oro; 2 de oro compran una materia prima, dos veces por turno.	Se un tiro (non un 7) non ti dà risorse, ricevi 1 oro. 3 risorse uguali si cambiano con 1 risorsa o 1 oro; 2 oro comprano una risorsa, due volte per turno.	Se um lançamento (que não seja 7) não lhe der matérias-primas, recebe 1 ouro. 3 matérias-primas iguais trocam-se por 1 matéria-prima ou 1 ouro; 2 ouros compram uma matéria-prima, duas vezes por jogada.	Jeśli rzut (inny niż 7) nie daje ci surowców, dostajesz 1 złoto. 3 takie same surowce wymieniasz na 1 surowiec albo 1 złoto; 2 złota kupują surowiec, dwa razy na turę.	Bir zar atışı (7 hariç) sana hammadde getirmezse 1 altın alırsın. 3 aynı hammadde 1 hammadde veya 1 altınla takas edilir; 2 altın bir hammadde satın alır, turda iki kez.	Якщо кидок (крім 7) не дає вам ресурсів, ви отримуєте 1 золото. 3 однакові ресурси обмінюються на 1 ресурс або 1 золото; 2 золота купують ресурс, двічі за хід.	주사위 결과(7 제외)로 자원을 얻지 못하면 금 1개를 받습니다. 같은 자원 3장은 자원 1장이나 금 1개로, 금 2개는 자원 1장으로 바꿀 수 있으며, 금 구매는 턴마다 2번까지입니다.	出目（7を除く）で資源が得られなければ、金1枚をもらえます。同じ資源3枚は資源1枚か金1枚に、金2枚は資源1枚に交換でき、金での購入は1ターンに2回までです。	如果掷骰（7 除外）没有给你任何资源，你得到 1 黄金。3 张相同资源可换 1 张资源或 1 黄金；2 黄金可买 1 张资源，每回合最多两次。
Gold rivers hide pirate lairs. Ships land units on a lair; with 3 units it falls: everybody who helped gets 2 gold and a step on the track, the best fighter one more.	Goldflüsse verbergen Piratenlager. Schiffe setzen Einheiten auf einem Lager ab; mit 3 Einheiten fällt es: Jeder, der geholfen hat, bekommt 2 Gold und rückt auf der Leiste vor, der beste Kämpfer noch ein Feld.	Guldfloder skjuler piratlejre. Skibe lander enheder på en lejr; med 3 enheder falder den: Alle, der hjalp, får 2 guld og rykker et skridt frem på sporet, den bedste kriger endnu et.	Guldfloder döljer piratläger. Skepp landsätter enheter på ett läger; med 3 enheter faller det: Alla som hjälpte får 2 guld och går ett steg fram på banan, den bästa kämpen ett till.	Gullelver skjuler piratleirer. Skip setter enheter i land på en leir; med 3 enheter faller den: Alle som hjalp til, får 2 gull og rykker ett steg fram på sporet, den beste kjemperen ett til.	Goudrivieren verbergen piratenkampen. Schepen zetten eenheden aan land op een kamp; met 3 eenheden valt het: iedereen die geholpen heeft krijgt 2 goud en schuift een stap op over de baan, de beste vechter nog een stap.	Les rivières d’or cachent des repaires de pirates. Les navires débarquent des unités sur un repaire ; avec 3 unités, il tombe : chaque joueur qui a aidé reçoit 2 or et avance d’une case sur la piste, le meilleur combattant d’une case de plus.	Los ríos de oro esconden guaridas piratas. Los barcos desembarcan unidades en una guarida; con 3 unidades cae: todos los que ayudaron reciben 2 de oro y avanzan un paso en la pista, y el mejor luchador uno más.	I fiumi d’oro nascondono covi di pirati. Le navi sbarcano unità su un covo; con 3 unità cade: chiunque abbia aiutato riceve 2 oro e avanza di un passo sulla traccia, il miglior combattente di uno in più.	Os rios de ouro escondem covis de piratas. Os navios desembarcam unidades num covil; com 3 unidades ele cai: todos os que ajudaram recebem 2 ouros e avançam um passo na pista, o melhor lutador mais um.	Złote rzeki skrywają kryjówki piratów. Statki wysadzają jednostki na kryjówce; przy 3 jednostkach upada: każdy, kto pomagał, dostaje 2 złota i przesuwa się o jedno pole na torze, najlepszy wojownik o jedno więcej.	Altın nehirler korsan sığınaklarını gizler. Gemiler bir sığınağa birim indirir; 3 birimle sığınak düşer: yardım eden herkes 2 altın alır ve parkurda bir adım ilerler, en iyi savaşçı bir adım daha.	Золоті ріки ховають піратські лігва. Кораблі висаджують загони на лігві; з 3 загонами воно падає: кожен, хто допомагав, отримує 2 золота й просувається на крок по треку, найкращий боєць — ще на один.	금 강은 해적 소굴을 숨기고 있습니다. 배가 소굴에 부대를 상륙시키고, 부대가 3개가 되면 소굴이 함락됩니다. 도운 모든 사람이 금 2개를 받고 트랙에서 한 칸 전진하며, 가장 잘 싸운 사람은 한 칸 더 나아갑니다.	金の川は海賊の巣窟を隠しています。船が巣窟に部隊を上陸させ、3つになると陥落します。手伝った全員が金2枚をもらいトラックを1つ進み、最も活躍した人はさらに1つ進みます。	金河隐藏着海盗巢穴。船在巢穴上登陆部队，达到 3 支即告攻陷：所有出力者各得 2 黄金并在赛道上前进一格，最佳战士再多前进一格。
Once per turn, in the movement phase, roll a die: if it shows the number of a fishing ground, a swarm appears there. A ship catches it and brings it to a harbor of the council for a step on the track.	Einmal pro Zug darfst du in der Bewegungsphase würfeln: Zeigt der Würfel die Zahl eines Fischfelds, erscheint dort ein Schwarm. Ein Schiff fängt ihn und bringt ihn zu einem Hafen des Rats, dafür rückst du auf der Leiste vor.	Én gang pr. tur må du i bevægelsesfasen slå en terning: viser den tallet på en fiskeplads, dukker der en stim op. Et skib fanger den og bringer den til en af rådets havne, og du rykker et skridt frem på sporet.	En gång per tur får du i rörelsefasen slå en tärning: visar den numret på en fiskeplats dyker en stim upp där. Ett skepp fångar den och för den till en av rådets hamnar, och du går ett steg fram på banan.	Én gang per runde kan du i bevegelsesfasen kaste en terning: viser den tallet på en fiskeplass, dukker det opp en stim der. Et skip fanger den og bringer den til en av rådets havner, og du rykker ett steg fram på sporet.	Eén keer per beurt mag je in de bewegingsfase een dobbelsteen gooien: toont hij het getal van een visgrond, dan verschijnt daar een zwerm. Een schip vangt hem en brengt hem naar een haven van de raad, voor een stap op de baan.	Une fois par tour, pendant la phase de déplacement, lancez un dé : s’il indique le numéro d’une zone de pêche, un banc y apparaît. Un navire l’attrape et l’apporte à un port du conseil, pour une case sur la piste.	Una vez por turno, en la fase de movimiento, tira un dado: si muestra el número de un caladero, allí aparece un banco. Un barco lo captura y lo lleva a un puerto del consejo, a cambio de un paso en la pista.	Una volta per turno, nella fase di movimento, tira un dado: se mostra il numero di una zona di pesca, lì compare un banco. Una nave lo cattura e lo porta in un porto del consiglio, per un passo sulla traccia.	Uma vez por jogada, na fase de movimento, lance um dado: se mostrar o número de uma zona de pesca, surge ali um cardume. Um navio apanha-o e leva-o a um porto do conselho, por um passo na pista.	Raz na turę w fazie ruchu rzuć kością: jeśli wypadnie numer łowiska, pojawi się tam ławica. Statek ją łowi i dostarcza do portu rady, za co przesuwasz się o jedno pole na torze.	Turda bir kez, hareket aşamasında bir zar at: zar bir balık sahasının numarasını gösterirse orada bir sürü belirir. Bir gemi onu yakalar ve konseyin bir limanına götürür; karşılığında parkurda bir adım ilerlersin.	Раз за хід, у фазі руху, киньте кубик: якщо випаде номер рибного місця, там з’явиться зграя. Корабель ловить її й доставляє до гавані ради — це крок по треку.	턴마다 한 번, 이동 단계에 주사위를 굴리세요. 어장의 숫자가 나오면 그곳에 물고기 떼가 나타납니다. 배가 그것을 잡아 의회의 항구로 가져가면 트랙에서 한 칸 전진합니다.	1ターンに1回、移動フェーズにサイコロを振ります。漁場の数字が出ると、そこに魚群が現れます。船がそれを捕まえて評議会の港に運ぶと、トラックを1つ進めます。	每回合一次，在移动阶段掷一个骰子：如果点数与某个渔场的数字相同，那里就会出现鱼群。船捕捉鱼群并运到议会的港口，即可在赛道上前进一格。
A unit stays in a spice village: you become friends, get a bag of spice and the village’s advantage, for example 1 more move for every ship. Bring the spice to a harbor of the council.	Eine Einheit bleibt in einem Gewürzdorf: Ihr werdet Freunde, du bekommst einen Gewürzsack und den Vorteil des Dorfes, zum Beispiel 1 Zug mehr für jedes Schiff. Bring die Gewürze zu einem Hafen des Rats.	En enhed bliver i en krydderilandsby: I bliver venner, du får en krydderisæk og landsbyens fordel, for eksempel 1 ekstra træk til hvert skib. Bring krydderierne til en af rådets havne.	En enhet stannar i en kryddby: Ni blir vänner, du får en kryddsäck och byns fördel, till exempel 1 extra drag för varje skepp. Ta kryddorna till en av rådets hamnar.	En enhet blir i en krydderlandsby: Dere blir venner, du får en krydderpose og landsbyens fordel, for eksempel 1 ekstra trekk for hvert skip. Bring krydderet til en av rådets havner.	Een eenheid blijft in een specerijendorp: jullie worden vrienden, je krijgt een zak specerijen en het voordeel van het dorp, bijvoorbeeld 1 extra zet voor elk schip. Breng de specerijen naar een haven van de raad.	Une unité reste dans un village d’épices : vous devenez amis, recevez un sac d’épices et l’avantage du village, par exemple 1 déplacement de plus pour chaque navire. Apportez les épices à un port du conseil.	Una unidad se queda en una aldea de especias: os hacéis amigos, recibes un saco de especias y la ventaja de la aldea, por ejemplo 1 movimiento más para cada barco. Lleva las especias a un puerto del consejo.	Un’unità resta in un villaggio delle spezie: diventate amici, ricevi un sacco di spezie e il vantaggio del villaggio, per esempio 1 mossa in più per ogni nave. Porta le spezie in un porto del consiglio.	Uma unidade fica numa aldeia de especiarias: tornam-se amigos, você recebe um saco de especiarias e a vantagem da aldeia, por exemplo 1 movimento a mais para cada navio. Leve as especiarias a um porto do conselho.	Jednostka zostaje w wiosce przypraw: zaprzyjaźniacie się, dostajesz worek przypraw i przywilej wioski, na przykład o 1 ruch więcej dla każdego statku. Zawieź przyprawy do portu rady.	Bir birim bir baharat köyünde kalır: dost olursunuz, bir baharat çuvalı ve köyün avantajını alırsın, örneğin her gemi için 1 hamle fazla. Baharatı konseyin bir limanına götür.	Загін залишається в селищі спецій: ви стаєте друзями, отримуєте мішок спецій і перевагу селища, наприклад ще 1 хід для кожного корабля. Доставте спеції до гавані ради.	부대가 향신료 마을에 머물면 친구가 되어 향신료 자루와 마을의 이점을 얻습니다. 예를 들면 모든 배가 1번씩 더 움직일 수 있습니다. 향신료는 의회의 항구로 가져가세요.	部隊が香辛料の村にとどまると、友達になって香辛料の袋と村の特典を得ます。たとえば、すべての船が1移動多くなります。香辛料は評議会の港に運びましょう。	一支部队留在香料村庄：你们成为朋友，得到一袋香料和村庄的好处，例如每艘船多 1 步。把香料运到议会的港口。
On a 7, players with more than 7 cards discard half; then the roller sets a pirate ship and takes a card from a ship next to it. Foreign pirates ask 1 gold per ship and turn; a ship that has not moved can chase them with a 6.	Bei einer 7 geben alle mit mehr als 7 Karten die Hälfte ab; dann setzt der Würfelnde ein Piratenschiff und nimmt eine Karte von einem Schiff daneben. Fremde Piraten verlangen 1 Gold pro Schiff und Zug; ein Schiff, das noch nicht gezogen wurde, kann sie mit einer 6 verjagen.	Ved et 7-tal afleverer alle med mere end 7 kort halvdelen; derefter sætter terningekasteren et piratskib og tager et kort fra et skib ved siden af. Fremmede pirater kræver 1 guld pr. skib og tur; et skib, der ikke har sejlet endnu, kan jage dem væk med en 6’er.	Vid en 7:a lämnar alla med mer än 7 kort bort hälften; sedan sätter kastaren ett piratskepp och tar ett kort från ett skepp bredvid. Främmande pirater kräver 1 guld per skepp och tur; ett skepp som inte rört sig kan jaga bort dem med en 6:a.	Ved en 7-er leverer alle med mer enn 7 kort fra seg halvparten; deretter setter kasteren et piratskip og tar et kort fra et skip ved siden av. Fremmede pirater krever 1 gull per skip og runde; et skip som ikke har seilt ennå, kan jage dem bort med en 6-er.	Bij een 7 geven spelers met meer dan 7 kaarten de helft af; daarna zet de werper een piratenschip neer en pakt een kaart van een schip ernaast. Vreemde piraten eisen 1 goud per schip en beurt; een schip dat nog niet bewogen heeft, kan ze met een 6 verjagen.	Sur un 7, les joueurs ayant plus de 7 cartes en défaussent la moitié ; puis le lanceur place un navire pirate et prend une carte à un navire voisin. Les pirates étrangers exigent 1 or par navire et par tour ; un navire qui n’a pas bougé peut les chasser avec un 6.	Con un 7, quien tenga más de 7 cartas descarta la mitad; luego quien tira coloca un barco pirata y toma una carta de un barco contiguo. Los piratas ajenos piden 1 de oro por barco y turno; un barco que no se ha movido puede ahuyentarlos con un 6.	Con un 7 chi ha più di 7 carte ne scarta la metà; poi chi ha tirato colloca una nave pirata e prende una carta da una nave adiacente. I pirati altrui chiedono 1 oro per nave e turno; una nave che non si è mossa può cacciarli con un 6.	Com um 7, quem tem mais de 7 cartas descarta metade; depois quem lançou coloca um navio pirata e tira uma carta de um navio ao lado. Os piratas alheios pedem 1 ouro por navio e jogada; um navio que não se moveu pode afugentá-los com um 6.	Przy 7 gracze z więcej niż 7 kartami odrzucają połowę; potem rzucający ustawia statek piracki i bierze kartę ze statku obok. Obcy piraci żądają 1 złota od statku na turę; statek, który się nie ruszał, może ich przegnać szóstką.	7 gelince 7'den fazla kartı olanlar yarısını atar; sonra zarı atan bir korsan gemisi yerleştirir ve yanındaki bir gemiden bir kart alır. Yabancı korsanlar gemi ve tur başına 1 altın ister; hareket etmemiş bir gemi onları 6 ile kovabilir.	На 7 гравці з понад 7 картами скидають половину; потім той, хто кидав, ставить піратський корабель і бере карту з сусіднього корабля. Чужі пірати вимагають 1 золото з корабля за хід; корабель, який не рухався, може прогнати їх шісткою.	7이 나오면 카드가 7장보다 많은 사람은 절반을 버리고, 그다음 굴린 사람이 해적선을 놓고 그 옆 배에서 카드 1장을 가져옵니다. 남의 해적은 배 1척당 한 턴에 금 1개를 요구하며, 움직이지 않은 배는 6으로 쫓아낼 수 있습니다.	7が出ると、カードを7枚より多く持つ人は半分を捨て、その後、振った人が海賊船を置き、隣の船からカードを1枚取ります。他人の海賊は船1隻・1ターンにつき金1枚を求め、動いていない船は6で追い払えます。	掷出 7 时，持牌超过 7 张的人弃掉一半；然后掷骰者放置海盗船，并从相邻的船上拿一张牌。别人的海盗每艘船每回合索要 1 黄金；尚未移动的船可用 6 驱逐。
Settlements 1 point, harbor settlements 2, every mission track its points, and the furthest marker of a mission gets a special point. The first to the goal on their own turn wins.	Siedlungen 1 Punkt, Hafensiedlungen 2, jede Missionsleiste ihre Punkte, und der am weitesten vorgerückte Markierungsstein einer Mission bekommt einen Sonderpunkt. Wer in seinem eigenen Zug das Ziel erreicht, gewinnt.	Bosættelser 1 point, havnebosættelser 2, hvert missionsspor sine point, og den fremmeste brik i en mission får et særpoint. Den, der når målet i sin egen tur, vinder.	Bosättningar 1 poäng, hamnbosättningar 2, varje uppdragsbana sina poäng, och den främsta markören i ett uppdrag får en specialpoäng. Den som når målet i sin egen tur vinner.	Bosetninger 1 poeng, havnebosetninger 2, hvert oppdragsspor sine poeng, og den fremste brikken i et oppdrag får et spesialpoeng. Den som når målet i sin egen runde, vinner.	Dorpen 1 punt, havendorpen 2, elke missiebaan zijn punten, en de verste markeerfiche van een missie krijgt een speciaal punt. Wie in zijn eigen beurt het doel haalt, wint.	Colonies 1 point, colonies portuaires 2, chaque piste de mission ses points, et le pion le plus avancé d’une mission reçoit un point spécial. Le premier à atteindre l’objectif pendant son propre tour gagne.	Poblados 1 punto, poblados portuarios 2, cada pista de misión sus puntos, y la ficha más avanzada de una misión recibe un punto especial. Gana quien alcance la meta en su propio turno.	Insediamenti 1 punto, insediamenti portuali 2, ogni traccia di missione i suoi punti, e il segnalino più avanti di una missione riceve un punto speciale. Vince chi raggiunge l’obiettivo nel proprio turno.	Aldeias 1 ponto, aldeias portuárias 2, cada pista de missão os seus pontos, e a peça mais avançada de uma missão recebe um ponto especial. Ganha quem atingir a meta na sua própria jogada.	Osady 1 punkt, osady portowe 2, każdy tor misji swoje punkty, a najdalszy znacznik misji dostaje punkt specjalny. Wygrywa ten, kto osiągnie cel we własnej turze.	Köyler 1 puan, liman köyleri 2, her görev parkuru kendi puanları ve bir görevde en ilerideki işaretçi özel puan alır. Hedefe kendi turunda ulaşan kazanır.	Поселення 1 очко, портові поселення 2, кожен трек місії свої очки, а найдальша фішка місії отримує особливе очко. Перемагає той, хто досягне мети у свій власний хід.	정착지 1점, 항구 정착지 2점, 각 임무 트랙의 점수, 그리고 임무에서 가장 앞선 말은 특별 점수를 얻습니다. 자기 차례에 목표에 도달한 사람이 승리합니다.	開拓地は1点、港の開拓地は2点、各ミッショントラックの点数に加え、ミッションで最も先に進んだコマは特別得点を得ます。自分の手番に目標に達した人が勝ちです。	村庄 1 分，港口村庄 2 分，每条任务赛道按其分数计分，任务中最靠前的标记物额外得 1 个特殊分。在自己的回合达到目标的人获胜。
Next to a harbor settlement; 4 moves a turn, 1 wool for 2 more	Neben einer Hafensiedlung; 4 Züge pro Spielzug, 1 Wolle für 2 weitere	Ved en havnebosættelse; 4 træk pr. tur, 1 uld for 2 flere	Vid en hamnbosättning; 4 drag per tur, 1 ull för 2 till	Ved en havnebosetning; 4 trekk per runde, 1 ull for 2 til	Naast een havendorp; 4 zetten per beurt, 1 wol voor 2 extra	À côté d’une colonie portuaire ; 4 déplacements par tour, 1 laine pour 2 de plus	Junto a un poblado portuario; 4 movimientos por turno, 1 lana por 2 más	Accanto a un insediamento portuale; 4 mosse per turno, 1 lana per 2 in più	Junto de uma aldeia portuária; 4 movimentos por jogada, 1 lã por mais 2	Obok osady portowej; 4 ruchy na turę, 1 wełna za 2 kolejne	Liman köyünün yanında; turda 4 hamle, 1 yünle 2 hamle daha	Біля портового поселення; 4 ходи за хід, 1 вовна за ще 2	항구 정착지 옆에 건조; 턴당 4번 이동, 양모 1개로 2번 추가	港の開拓地の隣に作る；1ターンに4移動、羊毛1枚でさらに2移動	建在港口村庄旁；每回合 4 步，1 羊毛可多 2 步
Everyone sees the offer and can accept, decline or answer with a counter-offer. You pick who to trade with.	Alle sehen das Angebot und können annehmen, ablehnen oder mit einem Gegenangebot antworten. Du wählst, mit wem du handelst.	Alle ser tilbuddet og kan acceptere, afvise eller svare med et modbud. Du vælger, hvem du handler med.	Alla ser erbjudandet och kan acceptera, neka eller svara med ett motbud. Du väljer vem du handlar med.	Alle ser tilbudet og kan godta, avslå eller svare med et motbud. Du velger hvem du handler med.	Iedereen ziet het aanbod en kan accepteren, afwijzen of antwoorden met een tegenbod. Jij kiest met wie je handelt.	Tout le monde voit l'offre et peut accepter, refuser ou répondre par une contre-proposition. Vous choisissez avec qui échanger.	Todos ven la oferta y pueden aceptar, rechazar o responder con una contraoferta. Tú eliges con quién comerciar.	Tutti vedono l'offerta e possono accettare, rifiutare o rispondere con una controfferta. Scegli tu con chi scambiare.	Todos veem a proposta e podem aceitar, recusar ou responder com uma contraproposta. Escolhe com quem troca.	Wszyscy widzą ofertę i mogą ją przyjąć, odrzucić lub odpowiedzieć kontrofertą. Ty wybierasz, z kim handlujesz.	Herkes teklifi görür; kabul edebilir, reddedebilir ya da karşı teklifle yanıt verebilir. Kiminle takas edeceğini sen seçersin.	Усі бачать пропозицію й можуть погодитися, відмовити або відповісти контрпропозицією. Ви обираєте, з ким торгувати.	모두가 제안을 보고 수락, 거절하거나 역제안으로 답할 수 있습니다. 누구와 거래할지는 내가 고릅니다.	全員が提案を見て、承諾・拒否するか、逆提案で答えられます。誰と交易するかはあなたが選びます。	所有人都能看到报价，并可以接受、拒绝或用还价回应。由你决定和谁交易。
Longest Trade Route: 5 or more connected roads and ships, 2 points. Roads and ships join only at your settlements.	Längste Handelsroute: 5 oder mehr zusammenhängende Straßen und Schiffe, 2 Siegpunkte. Straßen und Schiffe verbinden sich nur an deinen Siedlungen.	Længste handelsvej: 5 eller flere sammenhængende veje og skibe, 2 point. Veje og skibe forbindes kun ved dine bosættelser.	Längsta handelsvägen: 5 eller fler sammanhängande vägar och skepp, 2 poäng. Vägar och skepp ansluter bara vid dina bosättningar.	Lengste handelsvei: 5 eller flere sammenhengende veier og skip, 2 poeng. Veier og skip henger bare sammen ved bosetningene dine.	Langste handelsweg: 5 of meer aaneengesloten wegen en schepen, 2 punten. Wegen en schepen sluiten alleen aan bij je dorpen.	Plus longue route commerciale : 5 routes et navires connectés ou plus, 2 points. Routes et navires ne se rejoignent que sur vos colonies.	Ruta comercial más larga: 5 o más carreteras y barcos conectados, 2 puntos. Carreteras y barcos solo se unen en tus poblados.	Via commerciale più lunga: 5 o più strade e navi collegate, 2 punti. Strade e navi si collegano solo presso i tuoi insediamenti.	Estrada comercial mais longa: 5 ou mais estradas e navios ligados, 2 pontos. Estradas e navios só se ligam nas suas aldeias.	Najdłuższa droga handlowa: 5 lub więcej połączonych dróg i statków, 2 punkty. Drogi i statki łączą się tylko przy twoich osadach.	En uzun ticaret yolu: 5 veya daha fazla bağlı yol ve gemi, 2 puan. Yollar ve gemiler yalnızca köylerinde birleşir.	Найдовша торгова дорога: 5 або більше з’єднаних доріг і кораблів, 2 очки. Дороги й кораблі з’єднуються лише біля ваших поселень.	최장 교역로: 이어진 도로와 배 5개 이상, 2점. 도로와 배는 내 정착지에서만 이어집니다.	最長交易路：つながった街道と船が5つ以上で2点。街道と船は自分の開拓地のところだけでつながります。	最长贸易之路：5段及以上相连的道路和船，2分。道路和船只在你的村庄处相连。
Longest Road: 5 or more connected roads, 2 points.	Längste Handelsroute: 5 oder mehr zusammenhängende Straßen, 2 Siegpunkte.	Længste vej: 5 eller flere sammenhængende veje, 2 point.	Längsta vägen: 5 eller fler sammanhängande vägar, 2 poäng.	Lengste vei: 5 eller flere sammenhengende veier, 2 poeng.	Langste handelsroute: 5 of meer aaneengesloten wegen, 2 punten.	Route la plus longue : 5 routes connectées ou plus, 2 points.	Gran ruta comercial: 5 o más carreteras conectadas, 2 puntos.	Strada più lunga: 5 o più strade collegate, 2 punti.	Estrada mais longa: 5 ou mais estradas ligadas, 2 pontos.	Najdłuższa droga: 5 lub więcej połączonych dróg, 2 punkty.	En uzun yol: 5 veya daha fazla bağlı yol, 2 puan.	Найдовша дорога: 5 або більше з'єднаних доріг, 2 очки.	최장 도로: 이어진 도로 5개 이상, 2점.	最長交易路：つながった道路5本以上で2点。	最长道路：5条及以上相连道路，2分。
Largest Army: 3 or more played knights, 2 points.	Größte Rittermacht: 3 oder mehr ausgespielte Ritter, 2 Siegpunkte.	Største hær: 3 eller flere spillede riddere, 2 point.	Största armén: 3 eller fler spelade riddare, 2 poäng.	Største hær: 3 eller flere spilte riddere, 2 poeng.	Grootste riddermacht: 3 of meer gespeelde ridders, 2 punten.	Armée la plus puissante : 3 chevaliers joués ou plus, 2 points.	Gran ejército: 3 o más caballeros jugados, 2 puntos.	Armata più grande: 3 o più cavalieri giocati, 2 punti.	Maior exército: 3 ou mais cavaleiros jogados, 2 pontos.	Największa armia: 3 lub więcej zagranych rycerzy, 2 punkty.	En büyük ordu: 3 veya daha fazla oynanmış şövalye, 2 puan.	Найбільше військо: 3 або більше зіграних лицарів, 2 очки.	최대 기사단: 사용한 기사 3장 이상, 2점.	最大騎士力：使用した騎士3枚以上で2点。	最大军队：打出3张及以上骑士卡，2分。
You may play 1 development card per turn (knights are not limited in this game), but not one you bought this turn.	Pro Zug darfst du 1 Entwicklungskarte ausspielen (Ritter sind in diesem Spiel nicht begrenzt), aber keine, die du in diesem Zug gekauft hast.	Du må spille 1 udviklingskort pr. tur (riddere er ikke begrænset i dette spil), men ikke et, du har købt i denne tur.	Du får spela 1 utvecklingskort per tur (riddare är inte begränsade i det här spelet), men inte ett som du köpt i den här turen.	Du kan spille 1 utviklingskort per runde (riddere er ikke begrenset i dette spillet), men ikke ett du kjøpte i denne runden.	Je mag per beurt 1 ontwikkelingskaart spelen (ridders zijn in dit spel niet beperkt), maar geen kaart die je in deze beurt hebt gekocht.	Vous pouvez jouer 1 carte développement par tour (les chevaliers ne sont pas limités dans cette partie), mais pas une carte achetée pendant ce tour.	Puedes jugar 1 carta de desarrollo por turno (los caballeros no tienen límite en esta partida), pero no una que hayas comprado en este turno.	Puoi giocare 1 carta sviluppo per turno (i cavalieri non hanno limite in questa partita), ma non una acquistata in questo turno.	Pode jogar 1 carta de desenvolvimento por vez (os cavaleiros não têm limite neste jogo), mas não uma que tenha comprado nessa mesma vez.	W turze możesz zagrać 1 kartę rozwoju (rycerze nie są w tej grze ograniczeni), ale nie taką, którą kupiono w tej samej turze.	Tur başına 1 gelişim kartı oynayabilirsin (bu oyunda şövalyeler sınırlı değildir) ama o turda satın aldığını oynayamazsın.	За хід можна зіграти 1 карту розвитку (лицарі в цій грі не обмежені), але не ту, яку куплено в цей самий хід.	턴마다 발전 카드를 1장 사용할 수 있지만(이 게임에서 기사 카드는 제한이 없습니다), 이번 턴에 산 카드는 쓸 수 없습니다.	発展カードは1ターンに1枚使えますが（このゲームでは騎士カードは制限なし）、そのターンに買ったカードは使えません。	每回合可以打出1张发展卡（本局中骑士卡不受限制），但不能是本回合购买的。
You may play 1 development card per turn, but not one you bought this turn.	Pro Zug darfst du 1 Entwicklungskarte ausspielen, aber keine, die du in diesem Zug gekauft hast.	Du må spille 1 udviklingskort pr. tur, men ikke et, du har købt i denne tur.	Du får spela 1 utvecklingskort per tur, men inte ett som du köpt i den här turen.	Du kan spille 1 utviklingskort per runde, men ikke ett du kjøpte i denne runden.	Je mag per beurt 1 ontwikkelingskaart spelen, maar geen kaart die je in deze beurt hebt gekocht.	Vous pouvez jouer 1 carte développement par tour, mais pas une carte achetée pendant ce tour.	Puedes jugar 1 carta de desarrollo por turno, pero no una que hayas comprado en este turno.	Puoi giocare 1 carta sviluppo per turno, ma non una acquistata in questo turno.	Pode jogar 1 carta de desenvolvimento por vez, mas não uma que tenha comprado nessa mesma vez.	W turze możesz zagrać 1 kartę rozwoju, ale nie taką, którą kupiono w tej samej turze.	Tur başına 1 gelişim kartı oynayabilirsin ama o turda satın aldığını oynayamazsın.	За хід можна зіграти 1 карту розвитку, але не ту, яку куплено в цей самий хід.	턴마다 발전 카드를 1장 사용할 수 있지만, 이번 턴에 산 카드는 쓸 수 없습니다.	発展カードは1ターンに1枚使えますが、そのターンに買ったカードは使えません。	每回合可以打出1张发展卡，但不能是本回合购买的。
The barbarian ship lands after 7 steps: their strength is the number of cities, your defense the levels of all active knights. Hold at most 4 progress cards and play them after rolling. The robber moves only after the first attack.	Das Barbarenschiff landet nach 7 Schritten: Ihre Stärke ist die Zahl der Städte, deine Abwehr die Stufen aller aktiven Ritter. Du darfst höchstens 4 Fortschrittskarten halten und spielst sie nach dem Würfeln. Der Räuber bewegt sich erst nach dem ersten Angriff.	Barbarskibet lander efter 7 skridt: deres styrke er antallet af byer, dit forsvar niveauerne af alle aktive riddere. Du må højst have 4 fremskridtskort og spiller dem efter slaget. Røveren bevæger sig først efter det første angreb.	Barbarskeppet landar efter 7 steg: deras styrka är antalet städer, ditt försvar nivåerna för alla aktiva riddare. Du får ha högst 4 framstegskort och spelar dem efter kastet. Rövaren rör sig först efter det första anfallet.	Barbarskipet lander etter 7 steg: deres styrke er antall byer, ditt forsvar nivåene til alle aktive riddere. Du kan ha høyst 4 fremskrittskort og spiller dem etter kastet. Røveren flyttes først etter det første angrepet.	Het barbarenschip landt na 7 stappen: hun kracht is het aantal steden, jouw verdediging de niveaus van alle actieve ridders. Je mag hooguit 4 vooruitgangskaarten houden en speelt ze na het dobbelen. De rover beweegt pas na de eerste aanval.	Le navire barbare débarque après 7 étapes : leur force est le nombre de villes, votre défense les niveaux de tous les chevaliers actifs. Vous gardez au plus 4 cartes progrès et les jouez après le jet. Le voleur ne bouge qu’après la première attaque.	El barco bárbaro desembarca tras 7 pasos: su fuerza es el número de ciudades, tu defensa los niveles de todos los caballeros activos. Puedes tener como máximo 4 cartas de progreso y las juegas después de tirar. El ladrón solo se mueve tras el primer ataque.	La nave dei barbari sbarca dopo 7 passi: la loro forza è il numero di città, la tua difesa i livelli di tutti i cavalieri attivi. Puoi tenere al massimo 4 carte progresso e le giochi dopo il tiro. Il ladro si muove solo dopo il primo attacco.	O navio dos bárbaros desembarca após 7 passos: a força deles é o número de cidades, a sua defesa os níveis de todos os cavaleiros ativos. Pode ter no máximo 4 cartas de progresso e joga-as depois de lançar. O ladrão só se move depois do primeiro ataque.	Statek barbarzyńców ląduje po 7 krokach: ich siła to liczba miast, twoja obrona to poziomy wszystkich aktywnych rycerzy. Możesz mieć najwyżej 4 karty postępu i zagrywasz je po rzucie. Złodziej rusza się dopiero po pierwszym ataku.	Barbar gemisi 7 adımdan sonra karaya çıkar: güçleri şehir sayısıdır, savunman tüm aktif şövalyelerin seviyeleridir. En fazla 4 ilerleme kartı tutabilir ve onları zar attıktan sonra oynarsın. Haydut ilk saldırıdan sonra hareket eder.	Корабель варварів висаджується після 7 кроків: їхня сила — кількість міст, ваш захист — рівні всіх активних лицарів. Можна мати щонайбільше 4 карти прогресу й грати їх після кидка. Розбійник рухається лише після першого нападу.	야만인의 배는 7칸 뒤에 상륙합니다. 야만인의 힘은 도시 수, 방어력은 모든 활성 기사의 단계 합입니다. 발전 카드는 최대 4장까지 가질 수 있고 주사위를 굴린 뒤 사용합니다. 도둑은 첫 공격 이후에만 움직입니다.	蛮族の船は7歩進むと上陸します。蛮族の強さは都市の数、守備力は起動中のすべての騎士のレベルの合計です。進歩カードは最大4枚まで持て、サイコロの後に使います。盗賊は最初の襲撃の後にしか動きません。	蛮族的船走满 7 步后登陆：蛮族力量是城市数量，你方防御是所有已激活骑士的等级之和。最多持有 4 张进步卡，在掷骰后使用。强盗只有在第一次进攻之后才会移动。
Goes on a sea path; one open ship may sail per turn	Kommt auf einen Seeweg; pro Zug darf ein offenes Schiff versetzt werden	Sættes på en søvej; ét åbent skib må flyttes pr. tur	Sätts på en sjöväg; ett öppet skepp får flyttas per tur	Settes på en sjøvei; ett åpent skip kan flyttes per runde	Komt op een zeeweg; één open schip mag per beurt varen	Se pose sur une route maritime ; un navire ouvert peut naviguer par tour	Va en una ruta marítima; un barco abierto puede navegar por turno	Va su una rotta marittima; una nave aperta può navigare per turno	Vai numa rota marítima; um navio aberto pode navegar por jogada	Idzie na szlak morski; jeden otwarty statek może płynąć na turę	Bir deniz yoluna konur; turda bir açık gemi yüzebilir	Ставиться на морський шлях; один відкритий корабель може плисти за хід	바닷길에 놓으며, 턴마다 열린 배 1척을 옮길 수 있습니다	海路に置く。1ターンに開いた船を1隻動かせる	放在海路上；每回合可移动一艘开放的船
Build 2 roads or ships for free (or 1 of each).	Baue 2 Straßen oder Schiffe kostenlos (oder 1 von jedem).	Byg 2 veje eller skibe gratis (eller 1 af hver).	Bygg 2 vägar eller skepp gratis (eller 1 av varje).	Bygg 2 veier eller skip gratis (eller 1 av hver).	Bouw 2 wegen of schepen gratis (of 1 van elk).	Construisez 2 routes ou navires gratuitement (ou 1 de chaque).	Construye 2 carreteras o barcos gratis (o 1 de cada).	Costruisci 2 strade o navi gratis (o 1 per tipo).	Construa 2 estradas ou navios de graça (ou 1 de cada).	Zbuduj za darmo 2 drogi lub statki (albo po 1).	Bedavaya 2 yol veya gemi inşa et (ya da her birinden 1).	Побудуйте 2 дороги або кораблі безкоштовно (або по 1).	도로나 배를 무료로 2개 짓습니다(각각 1개씩도 가능).	街道か船を無料で2つ建てます（1つずつでも可）。	免费建造 2 条道路或 2 艘船（或各 1 个）。
Tap a glowing corner. Buildings need at least one empty corner between them. This one pays 1 card for each tile around it.	Tippe auf eine leuchtende Ecke. Zwischen Gebäuden muss mindestens eine Ecke frei bleiben. Dieses bringt 1 Karte für jedes angrenzende Feld.	Tryk på et lysende hjørne. Der skal være mindst ét tomt hjørne mellem bygninger. Denne giver 1 kort for hvert felt omkring den.	Tryck på ett lysande hörn. Det måste finnas minst ett tomt hörn mellan byggnader. Den här ger 1 kort för varje ruta runt den.	Trykk på et lysende hjørne. Det må være minst ett tomt hjørne mellom bygninger. Denne gir 1 kort for hvert felt rundt den.	Tik op een oplichtende hoek. Tussen gebouwen moet minstens één lege hoek zitten. Dit gebouw levert 1 kaart op voor elk vlak eromheen.	Touchez un coin lumineux. Il faut au moins un coin libre entre deux bâtiments. Celui-ci rapporte 1 carte pour chaque tuile qui l’entoure.	Toca una esquina iluminada. Entre edificios debe quedar al menos una esquina libre. Este da 1 carta por cada casilla a su alrededor.	Tocca un incrocio illuminato. Tra gli edifici deve restare almeno un incrocio libero. Questo dà 1 carta per ogni tessera intorno.	Toque num vértice iluminado. Entre edifícios tem de haver pelo menos um vértice livre. Este dá 1 carta por cada hexágono à sua volta.	Dotknij świecącego narożnika. Między budynkami musi być co najmniej jeden wolny narożnik. Ten daje 1 kartę za każde sąsiadujące pole.	Parlayan bir köşeye dokun. Binalar arasında en az bir boş köşe olmalı. Bu, çevresindeki her karo için 1 kart verir.	Торкніться сяйливого кута. Між будівлями має бути щонайменше один вільний кут. Це дає 1 карту за кожну прилеглу плитку.	빛나는 꼭짓점을 누르세요. 건물 사이에는 빈 꼭짓점이 하나 이상 있어야 합니다. 이 건물은 주변 타일마다 카드 1장을 줍니다.	光っている角をタップしてください。建物の間には空いた角が1つ以上必要です。この建物は、周りのタイル1枚につきカード1枚をもらえます。	点击一个发光的角。建筑之间至少要隔一个空角。这座建筑会为周围的每块地块提供 1 张牌。
