Dawn of Humankind	Aufbruch der Menschheit	Menneskehedens daggry	Mänsklighetens gryning	Menneskehetens daggry	Dageraad van de mensheid	L’aube de l’humanité	El amanecer de la humanidad	L’alba dell’umanità	O amanhecer da humanidade	Świt ludzkości	İnsanlığın Şafağı	Світанок людства	인류의 새벽	人類の夜明け	人类的黎明
Dawn of Humankind is for 3 or 4 players	Aufbruch der Menschheit ist für 3 oder 4 Spieler	Menneskehedens daggry er for 3 eller 4 spillere	Mänsklighetens gryning är för 3 eller 4 spelare	Menneskehetens daggry er for 3 eller 4 spillere	Dageraad van de mensheid is voor 3 of 4 spelers	L’aube de l’humanité se joue à 3 ou 4 joueurs	El amanecer de la humanidad es para 3 o 4 jugadores	L’alba dell’umanità è per 3 o 4 giocatori	O amanhecer da humanidade é para 3 ou 4 jogadores	Świt ludzkości jest dla 3 lub 4 graczy	İnsanlığın Şafağı 3 veya 4 oyuncu içindir	Світанок людства — для 3 або 4 гравців	인류의 새벽은 3~4명용입니다	人類の夜明けは3〜4人用です	人类的黎明适合3至4名玩家
Leave Africa, settle the world and win 10 points.	Verlasse Afrika, besiedle die Welt und sammle 10 Siegpunkte.	Forlad Afrika, bosæt verden og vind 10 point.	Lämna Afrika, bosätt världen och vinn 10 poäng.	Forlat Afrika, bosett verden og vinn 10 poeng.	Verlaat Afrika, bevolk de wereld en win met 10 punten.	Quitte l’Afrique, peuple le monde et gagne 10 points.	Sal de África, puebla el mundo y gana 10 puntos.	Lascia l’Africa, popola il mondo e vinci con 10 punti.	Sai de África, povoa o mundo e ganha com 10 pontos.	Opuść Afrykę, zasiedl świat i zdobądź 10 punktów.	Afrika’dan ayrıl, dünyaya yerleş ve 10 puan kazan.	Залиш Африку, оселися по всьому світу й здобудь 10 очок.	아프리카를 떠나 세상에 정착하고 10점을 얻으세요.	アフリカを出て世界に広がり、10点を獲得しよう。	离开非洲，遍布世界，赢得10分。
The world in the Old Stone Age: 49 fields, 3 camps and 1 explorer each, starting in Africa. Walk with fur or meat, reach discovery fields with Clothing and Construction, found camps on camp sites for points and watch out for the Neanderthal and the Saber-toothed tiger. First to 10 points wins. For 3 or 4 players.	Die Welt der Altsteinzeit: 49 Landschaftsfelder, jeder startet in Afrika mit 3 Lagern und 1 Entdecker. Bewege dich mit Fell oder Fleisch, erreiche Entdeckungsfelder mit Kleidung und Konstruktion, gründe Lager auf Lagerplätzen für Siegpunkte und hüte dich vor Neandertaler und Säbelzahntiger. Wer zuerst 10 Siegpunkte hat, gewinnt. Für 3 oder 4 Spieler.	Verden i ældre stenalder: 49 landskabsfelter, alle starter i Afrika med 3 lejre og 1 opdagelsesrejsende. Gå med pels eller kød, nå opdagelsesfelter med beklædning og konstruktion, grundlæg lejre på lejrpladser for point og pas på neandertaleren og sabeltigeren. Den første med 10 point vinder. For 3 eller 4 spillere.	Världen under äldre stenåldern: 49 landskapsfält, alla startar i Afrika med 3 läger och 1 upptäckare. Gå med päls eller kött, nå upptäcktsfält med kläder och konstruktion, grunda läger på lägerplatser för poäng och se upp för neandertalaren och sabeltandstigern. Den första med 10 poäng vinner. För 3 eller 4 spelare.	Verden i eldre steinalder: 49 landskapsfelt, alle starter i Afrika med 3 leirer og 1 oppdager. Gå med pels eller kjøtt, nå oppdagelsesfelt med klær og konstruksjon, grunnlegg leirer på leirplasser for poeng og pass deg for neandertaleren og sabeltigeren. Første med 10 poeng vinner. For 3 eller 4 spillere.	De wereld van de oude steentijd: 49 landschapsvelden, iedereen begint in Afrika met 3 kampen en 1 ontdekker. Loop met vacht of vlees, bereik ontdekkingsvelden met kleding en constructie, sticht kampen op kampplaatsen voor punten en pas op voor de neanderthaler en de sabeltandtijger. Wie het eerst 10 punten heeft, wint. Voor 3 of 4 spelers.	Le monde du paléolithique : 49 cases de paysage, chacun commence en Afrique avec 3 camps et 1 explorateur. Avance avec de la fourrure ou de la viande, atteins les cases découverte grâce aux vêtements et à la construction, fonde des camps sur les emplacements pour marquer des points et méfie-toi du Néandertalien et du tigre à dents de sabre. Le premier à 10 points gagne. Pour 3 ou 4 joueurs.	El mundo del Paleolítico: 49 campos de paisaje, todos empiezan en África con 3 campamentos y 1 explorador. Camina con piel o carne, llega a los campos de descubrimiento con vestimenta y construcción, funda campamentos en los lugares para ganar puntos y cuídate del neandertal y del tigre dientes de sable. Gana quien llegue primero a 10 puntos. Para 3 o 4 jugadores.	Il mondo del Paleolitico: 49 campi di paesaggio, tutti iniziano in Africa con 3 accampamenti e 1 esploratore. Cammina con pelliccia o carne, raggiungi i campi scoperta con abbigliamento e costruzione, fonda accampamenti sui luoghi per fare punti e stai attento al Neanderthal e alla tigre dai denti a sciabola. Vince chi arriva per primo a 10 punti. Per 3 o 4 giocatori.	O mundo do Paleolítico: 49 campos de paisagem, todos começam em África com 3 acampamentos e 1 explorador. Caminha com pele ou carne, chega aos campos de descoberta com vestuário e construção, funda acampamentos nos locais para ganhar pontos e cuidado com o Neandertal e o tigre-dentes-de-sabre. Quem chegar primeiro a 10 pontos vence. Para 3 ou 4 jogadores.	Świat starszej epoki kamienia: 49 pól krajobrazu, każdy zaczyna w Afryce z 3 obozami i 1 odkrywcą. Wędruj za futro lub mięso, docieraj do pól odkryć dzięki odzieży i budownictwu, zakładaj obozy na miejscach pod obóz dla punktów i strzeż się neandertalczyka oraz tygrysa szablozębnego. Wygrywa pierwszy, kto zdobędzie 10 punktów. Dla 3 lub 4 graczy.	Eski Taş Çağı dünyası: 49 manzara alanı, herkes Afrika’da 3 kamp ve 1 kâşifle başlar. Kürk veya etle yürü, giyim ve inşaatla keşif alanlarına ulaş, puan için kamp yerlerinde kamp kur ve Neandertal ile kılıç dişli kaplana dikkat et. İlk 10 puana ulaşan kazanır. 3 veya 4 oyuncu için.	Світ давньокам’яної доби: 49 ландшафтних полів, усі починають в Африці з 3 таборами та 1 дослідником. Ходи за хутро чи м’ясо, діставайся полів відкриття завдяки одягу та будівництву, засновуй табори на місцях для очок і стережися неандертальця та шаблезубого тигра. Перемагає той, хто першим набере 10 очок. Для 3 або 4 гравців.	구석기 시대의 세계: 49개의 지형 칸, 모두 아프리카에서 캠프 3개와 탐험가 1명으로 시작합니다. 모피나 고기로 걷고, 의복과 건축으로 발견 칸에 도달하고, 캠프 터에 캠프를 세워 점수를 얻고, 네안데르탈인과 검치호를 조심하세요. 먼저 10점을 얻는 사람이 이깁니다. 3~4명용.	旧石器時代の世界：49枚の地形マス、全員がアフリカで3つのキャンプと1人の探検家から始めます。毛皮か肉で歩き、衣服と建築で発見マスに到達し、キャンプ地にキャンプを築いて得点し、ネアンデルタール人とサーベルタイガーに注意しましょう。先に10点を取った人の勝ち。3〜4人用。	旧石器时代的世界：49个地形格，每人从非洲出发，拥有3个营地和1名探险者。用毛皮或肉行走，凭服装和建筑到达发现格，在营地处建立营地得分，并小心尼安德特人和剑齿虎。最先拿到10分的人获胜。适合3至4名玩家。
Variable set-up: everyone places their 3 first camps and the explorer themselves in Africa.	Variabler Aufbau: Alle setzen ihre ersten 3 Lager und den Entdecker selbst in Afrika ein.	Variabel opstilling: Alle placerer selv deres første 3 lejre og den opdagelsesrejsende i Afrika.	Variabel uppställning: Alla placerar själva sina första 3 läger och upptäckaren i Afrika.	Variabelt oppsett: Alle plasserer selv de første 3 leirene og oppdageren i Afrika.	Variabele opstelling: iedereen plaatst zijn eerste 3 kampen en de ontdekker zelf in Afrika.	Mise en place variable : chacun place lui-même ses 3 premiers camps et l’explorateur en Afrique.	Preparación variable: cada uno coloca por sí mismo sus 3 primeros campamentos y el explorador en África.	Preparazione variabile: ognuno piazza da sé i suoi primi 3 accampamenti e l’esploratore in Africa.	Preparação variável: cada um coloca os seus 3 primeiros acampamentos e o explorador em África.	Zmienne ustawienie: każdy sam stawia swoje pierwsze 3 obozy i odkrywcę w Afryce.	Değişken kurulum: Herkes ilk 3 kampını ve kâşifini Afrika’ya kendisi yerleştirir.	Змінне розташування: кожен сам ставить свої перші 3 табори та дослідника в Африці.	가변 준비: 모두 아프리카에 첫 캠프 3개와 탐험가를 직접 놓습니다.	可変セットアップ：全員が最初の3つのキャンプと探検家をアフリカに自分で置きます。	可变开局：每位玩家自行在非洲放置最初的3个营地和探险者。
Free founding	Freie Gründung	Fri grundlæggelse	Fri grundläggning	Fri grunnleggelse	Vrije stichting	Fondation libre	Fundación libre	Fondazione libera	Fundação livre	Swobodne zakładanie	Serbest kuruluş	Вільне заснування	자유 건설	自由な開拓	自由建立
Fur	Fell	Pels	Päls	Pels	Vacht	Fourrure	Piel	Pelliccia	Pele	Futro	Kürk	Хутро	모피	毛皮	毛皮
Bone	Knochen	Knogle	Ben	Bein	Bot	Os	Hueso	Osso	Osso	Kość	Kemik	Кістка	뼈	骨	骨头
Meat	Fleisch	Kød	Kött	Kjøtt	Vlees	Viande	Carne	Carne	Carne	Mięso	Et	М’ясо	고기	肉	肉
Flint	Feuerstein	Flint	Flinta	Flint	Vuursteen	Silex	Pedernal	Selce	Sílex	Krzemień	Çakmaktaşı	Кремінь	부싯돌	火打石	燧石
Clothing	Kleidung	Beklædning	Kläder	Klær	Kleding	Vêtements	Vestimenta	Abbigliamento	Vestuário	Odzież	Giyim	Одяг	의복	衣服	服装
Construction	Konstruktion	Konstruktion	Konstruktion	Konstruksjon	Constructie	Construction	Construcción	Costruzione	Construção	Budownictwo	İnşaat	Будівництво	건축	建築	建筑
Food	Nahrung	Føde	Föda	Mat	Voedsel	Nourriture	Alimento	Cibo	Alimento	Pożywienie	Beslenme	Їжа	식량	食料	食物
Hunting	Jagd	Jagt	Jakt	Jakt	Jacht	Chasse	Caza	Caccia	Caça	Polowanie	Av	Полювання	사냥	狩り	狩猎
Neanderthal	Neandertaler	Neandertaler	Neandertalare	Neandertaler	Neanderthaler	Néandertalien	Neandertal	Neanderthal	Neandertal	Neandertalczyk	Neandertal	Неандерталець	네안데르탈인	ネアンデルタール人	尼安德特人
Saber-toothed tiger	Säbelzahntiger	Sabeltiger	Sabeltandstiger	Sabeltiger	Sabeltandtijger	Tigre à dents de sabre	Tigre dientes de sable	Tigre dai denti a sciabola	Tigre-dentes-de-sabre	Tygrys szablozębny	Kılıç dişli kaplan	Шаблезубий тигр	검치호	サーベルタイガー	剑齿虎
Europe	Europa	Europa	Europa	Europa	Europa	Europe	Europa	Europa	Europa	Europa	Avrupa	Європа	유럽	ヨーロッパ	欧洲
Asia	Asien	Asien	Asien	Asia	Azië	Asie	Asia	Asia	Ásia	Azja	Asya	Азія	아시아	アジア	亚洲
Australia	Australien	Australien	Australien	Australia	Australië	Australie	Australia	Australia	Austrália	Australia	Avustralya	Австралія	오스트레일리아	オーストラリア	澳大利亚
North America	Nordamerika	Nordamerika	Nordamerika	Nord-Amerika	Noord-Amerika	Amérique du Nord	Norteamérica	Nord America	América do Norte	Ameryka Północna	Kuzey Amerika	Північна Америка	북아메리카	北アメリカ	北美洲
South America	Südamerika	Sydamerika	Sydamerika	Sør-Amerika	Zuid-Amerika	Amérique du Sud	Sudamérica	Sud America	América do Sul	Ameryka Południowa	Güney Amerika	Південна Америка	남아메리카	南アメリカ	南美洲
America	Amerika	Amerika	Amerika	Amerika	Amerika	Amérique	América	America	América	Ameryka	Amerika	Америка	아메리카	アメリカ	美洲
Wasteland	Ödland	Ødemark	Ödemark	Ødemark	Woestenij	Terres incultes	Yermo	Terre aride	Terra árida	Pustkowie	Çorak arazi	Пустка	황무지	荒れ地	荒地
Grassland	Grasland	Græsland	Gräsmark	Gressland	Grasland	Prairie	Pradera	Prateria	Pradaria	Łąki	Çayır	Луки	초원	草原	草地
Desertification	Verödung	Ørkendannelse	Utarmning	Ørkenspredning	Verwoestijning	Désertification	Desertificación	Desertificazione	Desertificação	Pustynnienie	Çölleşme	Спустошення	황폐화	荒廃	荒漠化
Threat	Bedrohung	Trussel	Hot	Trussel	Bedreiging	Menace	Amenaza	Minaccia	Ameaça	Zagrożenie	Tehdit	Загроза	위협	脅威	威胁
Hunting luck	Jagdglück	Jagtlykke	Jaktlycka	Jaktlykke	Jachtgeluk	Chance de chasse	Suerte de caza	Fortuna di caccia	Sorte na caça	Szczęście łowieckie	Av şansı	Мисливська удача	사냥 운	狩りの幸運	狩猎好运
Jewelry	Schmuck	Smykker	Smycken	Smykker	Sieraden	Parure	Joyas	Gioielli	Joias	Biżuteria	Takı	Прикраси	장신구	装飾品	首饰
Tallow lamp	Talglampe	Tællelampe	Talgljus	Talglampe	Talglamp	Lampe à graisse	Lámpara de sebo	Lampada a sego	Lamparina de sebo	Lampa łojowa	Donyağı lambası	Лампа з жиру	수지 램프	獣脂ランプ	油脂灯
Pottery	Töpfern	Keramik	Keramik	Keramikk	Pottenbakken	Poterie	Cerámica	Ceramica	Cerâmica	Garncarstwo	Çömlekçilik	Гончарство	도자기	陶芸	制陶
Bow and arrow	Pfeil & Bogen	Pil og bue	Pil och båge	Pil og bue	Pijl en boog	Arc et flèches	Arco y flecha	Arco e frecce	Arco e flecha	Łuk i strzały	Ok ve yay	Лук і стріли	활과 화살	弓矢	弓箭
Needed for discovery fields.	Wird für Entdeckungsfelder benötigt.	Bruges til opdagelsesfelter.	Behövs för upptäcktsfält.	Brukes til oppdagelsesfelt.	Nodig voor ontdekkingsvelden.	Nécessaire pour les cases découverte.	Se necesita para los campos de descubrimiento.	Serve per i campi scoperta.	Necessário para os campos de descoberta.	Potrzebne do pól odkryć.	Keşif alanları için gerekir.	Потрібне для полів відкриття.	발견 칸에 필요합니다.	発見マスに必要です。	发现格需要。
Explorers walk 1 crossing further.	Entdecker kommen 1 Kreuzung weiter.	Opdagere går 1 kryds længere.	Upptäckare går 1 korsning längre.	Oppdagere går 1 kryss lenger.	Ontdekkers lopen 1 kruising verder.	Les explorateurs vont 1 intersection plus loin.	Los exploradores llegan 1 cruce más lejos.	Gli esploratori vanno 1 incrocio più lontano.	Os exploradores vão 1 cruzamento mais longe.	Odkrywcy idą o 1 skrzyżowanie dalej.	Kâşifler 1 kavşak daha ileri gider.	Дослідники йдуть на 1 перехрестя далі.	탐험가가 교차점 1개 더 멀리 갑니다.	探検家が交差点1つ分遠くへ歩けます。	探险者多走1个路口。
Move a threat and steal a card.	Eine Bedrohung versetzen und 1 Karte stehlen.	Flyt en trussel og stjæl et kort.	Flytta ett hot och stjäl ett kort.	Flytt en trussel og stjel et kort.	Verplaats een bedreiging en steel een kaart.	Déplace une menace et vole une carte.	Mueve una amenaza y roba una carta.	Sposta una minaccia e ruba una carta.	Move uma ameaça e rouba uma carta.	Przesuń zagrożenie i ukradnij kartę.	Bir tehdidi taşı ve bir kart çal.	Перемісти загрозу й вкради карту.	위협을 옮기고 카드를 1장 훔칩니다.	脅威を動かしてカードを1枚奪います。	移动一个威胁并偷一张牌。
The threats stir!	Die Bedrohungen werden aktiv!	Truslerne vågner!	Hoten vaknar!	Truslene våkner!	De bedreigingen worden actief!	Les menaces s’éveillent !	¡Las amenazas se activan!	Le minacce si risvegliano!	As ameaças despertam!	Zagrożenia się budzą!	Tehditler harekete geçti!	Загрози прокидаються!	위협이 깨어납니다!	脅威が動き出す！	威胁出动了！
Progress	Fortschritt	Fremskridt	Framsteg	Framgang	Vooruitgang	Progrès	Progreso	Progresso	Progresso	Postęp	İlerleme	Прогрес	발전	進歩	进步
Advance	Vorrücken	Ryk frem	Gå framåt	Gå videre	Vooruitgaan	Avancer	Avanzar	Avanza	Avançar	Postępuj	İlerle	Просунутися	전진	進める	前进
Take a card from…	Eine Karte ziehen von …	Tag et kort fra …	Ta ett kort från …	Ta et kort fra …	Neem een kaart van …	Prends une carte à …	Roba una carta a …	Prendi una carta da …	Tira uma carta a …	Weź kartę od …	Şundan bir kart al …	Візьми карту в …	카드를 가져올 상대…	カードを奪う相手…	从谁那里拿牌…
Awards	Auszeichnungen	Udmærkelser	Utmärkelser	Utmerkelser	Onderscheidingen	Distinctions	Distinciones	Riconoscimenti	Distinções	Wyróżnienia	Ödüller	Нагороди	특별 보상	特別賞	奖励
Most Successful Hunter	Erfolgreichster Jäger	Mest succesfulde jæger	Mest framgångsrika jägare	Mest vellykkede jeger	Succesvolste jager	Chasseur le plus efficace	Cazador más exitoso	Cacciatore di maggior successo	Caçador de maior sucesso	Najskuteczniejszy myśliwy	En başarılı avcı	Найуспішніший мисливець	가장 성공적인 사냥꾼	最も成功した狩人	最成功的猎人
Fastest Collector	Schnellster Sammler	Hurtigste samler	Snabbaste samlare	Raskeste samler	Snelste verzamelaar	Collectionneur le plus rapide	Coleccionista más rápido	Collezionista più veloce	Colecionador mais rápido	Najszybszy kolekcjoner	En hızlı koleksiyoncu	Найшвидший колекціонер	가장 빠른 수집가	最速コレクター	最快收集者
Collector	Sammler	Samler	Samlare	Samler	Verzamelaar	Collectionneur	Coleccionista	Collezionista	Colecionador	Kolekcjoner	Koleksiyoncu	Колекціонер	수집가	コレクター	收集者
open	offen	ledig	ledig	ledig	vrij	libre	libre	libero	livre	wolne	açık	вільно	비어 있음	空き	空缺
or	oder	eller	eller	eller	of	ou	o	o	ou	lub	veya	або	또는	または	或
Your camp site tiles: all 4 colours make a Collector.	Deine Lagerplatz-Plättchen: Alle 4 Farben ergeben einen Sammler.	Dine lejrplads-brikker: Alle 4 farver giver en samler.	Dina lägerplatsbrickor: Alla 4 färger ger en samlare.	Dine leirplassbrikker: Alle 4 farger gir en samler.	Je kampplaatstegels: alle 4 kleuren maken een verzamelaar.	Tes tuiles d’emplacement : les 4 couleurs font un collectionneur.	Tus fichas de lugar de campamento: los 4 colores hacen un coleccionista.	Le tue tessere luogo di accampamento: tutti e 4 i colori fanno un collezionista.	As tuas fichas de local de acampamento: as 4 cores fazem um colecionador.	Twoje żetony miejsc na obóz: wszystkie 4 kolory dają kolekcjonera.	Kamp yeri karolarım: 4 rengin hepsi bir koleksiyoncu yapar.	Твої жетони місць для табору: усі 4 кольори дають колекціонера.	내 캠프 터 타일: 4가지 색을 모두 모으면 수집가가 됩니다.	自分のキャンプ地タイル：4色すべてでコレクターになります。	你的营地板块：集齐4种颜色成为收集者。
Camp site tiles	Lagerplatz-Plättchen	Lejrplads-brikker	Lägerplatsbrickor	Leirplassbrikker	Kampplaatstegels	Tuiles d’emplacement de camp	Fichas de lugar de campamento	Tessere luogo di accampamento	Fichas de local de acampamento	Żetony miejsc na obóz	Kamp yeri karoları	Жетони місць для табору	캠프 터 타일	キャンプ地タイル	营地板块
Camp site tiles still on the board	Noch ausliegende Lagerplatz-Plättchen	Lejrplads-brikker, der stadig ligger på brættet	Lägerplatsbrickor som ännu ligger på brädet	Leirplassbrikker som ligger igjen på brettet	Kampplaatstegels die nog op het bord liggen	Tuiles d’emplacement encore sur le plateau	Fichas de lugar de campamento que quedan en el tablero	Tessere luogo di accampamento ancora sul tabellone	Fichas de local de acampamento ainda no tabuleiro	Żetony miejsc na obóz wciąż na planszy	Tahtada kalan kamp yeri karoları	Жетони місць для табору, що лишились на полі	판에 남은 캠프 터 타일	盤上に残るキャンプ地タイル	棋盘上剩余的营地板块
Discovery tiles	Entdeckungs-Plättchen	Opdagelsesbrikker	Upptäcktsbrickor	Oppdagelsesbrikker	Ontdekkingstegels	Tuiles découverte	Fichas de descubrimiento	Tessere scoperta	Fichas de descoberta	Żetony odkryć	Keşif karoları	Жетони відкриттів	발견 타일	発見タイル	发现板块
Hunting markers	Jagd-Siegpunkt-Marker	Jagtmarkører	Jaktmarkörer	Jaktmarkører	Jachtmarkers	Marqueurs de chasse	Marcadores de caza	Segnalini caccia	Marcadores de caça	Znaczniki polowania	Av işaretleri	Маркери полювання	사냥 마커	狩りマーカー	狩猎标记
Progress markers	Fortschritts-Siegpunkt-Marker	Fremskridtsmarkører	Framstegsmarkörer	Framgangsmarkører	Vooruitgangsmarkers	Marqueurs de progrès	Marcadores de progreso	Segnalini progresso	Marcadores de progresso	Znaczniki postępu	İlerleme işaretleri	Маркери прогресу	발전 마커	進歩マーカー	进步标记
Steps an explorer can walk	Schritte, die ein Entdecker gehen kann	Skridt en opdager kan gå	Steg en upptäckare kan gå	Steg en oppdager kan gå	Stappen die een ontdekker kan lopen	Pas qu’un explorateur peut faire	Pasos que puede dar un explorador	Passi che un esploratore può fare	Passos que um explorador pode dar	Kroki, które może zrobić odkrywca	Bir kâşifin atabileceği adımlar	Кроки, які може зробити дослідник	탐험가가 걸을 수 있는 칸 수	探検家が歩ける歩数	探险者可走的步数
{@p} places a camp.	{@p} setzt ein Lager.	{@p} placerer en lejr.	{@p} placerar ett läger.	{@p} plasserer en leir.	{@p} plaatst een kamp.	{@p} place un camp.	{@p} coloca un campamento.	{@p} piazza un accampamento.	{@p} coloca um acampamento.	{@p} stawia obóz.	{@p} bir kamp yerleştirir.	{@p} ставить табір.	{@p}님이 캠프를 놓습니다.	{@p}がキャンプを置きました。	{@p}放置了一个营地。
{@p} places an explorer.	{@p} setzt einen Entdecker ein.	{@p} placerer en opdagelsesrejsende.	{@p} placerar en upptäckare.	{@p} plasserer en oppdager.	{@p} plaatst een ontdekker.	{@p} place un explorateur.	{@p} coloca un explorador.	{@p} piazza un esploratore.	{@p} coloca um explorador.	{@p} stawia odkrywcę.	{@p} bir kâşif yerleştirir.	{@p} ставить дослідника.	{@p}님이 탐험가를 놓습니다.	{@p}が探検家を置きました。	{@p}放置了一名探险者。
{@p} moves an explorer.	{@p} bewegt einen Entdecker.	{@p} flytter en opdagelsesrejsende.	{@p} flyttar en upptäckare.	{@p} flytter en oppdager.	{@p} verplaatst een ontdekker.	{@p} déplace un explorateur.	{@p} mueve un explorador.	{@p} muove un esploratore.	{@p} move um explorador.	{@p} przesuwa odkrywcę.	{@p} bir kâşifi hareket ettirir.	{@p} пересуває дослідника.	{@p}님이 탐험가를 이동합니다.	{@p}が探検家を動かしました。	{@p}移动了一名探险者。
{@p} reaches a discovery field and turns over the tile.	{@p} erreicht ein Entdeckungsfeld und deckt das Plättchen auf.	{@p} når et opdagelsesfelt og vender brikken.	{@p} når ett upptäcktsfält och vänder på brickan.	{@p} når et oppdagelsesfelt og vender brikken.	{@p} bereikt een ontdekkingsveld en draait de tegel om.	{@p} atteint une case découverte et retourne la tuile.	{@p} llega a un campo de descubrimiento y da la vuelta a la ficha.	{@p} raggiunge un campo scoperta e gira la tessera.	{@p} chega a um campo de descoberta e vira a ficha.	{@p} dociera do pola odkryć i odkrywa żeton.	{@p} bir keşif alanına ulaşır ve karoyu çevirir.	{@p} досягає поля відкриття й перевертає жетон.	{@p}님이 발견 칸에 도달해 타일을 뒤집습니다.	{@p}が発見マスに到達し、タイルをめくりました。	{@p}到达发现格并翻开板块。
{@p} takes the hunting marker of {#r} (+1 VP).	{@p} nimmt den Jagd-Siegpunkt-Marker von {#r} (+1 SP).	{@p} tager jagtmarkøren fra {#r} (+1 point).	{@p} tar jaktmarkören från {#r} (+1 poäng).	{@p} tar jaktmarkøren fra {#r} (+1 poeng).	{@p} neemt de jachtmarker van {#r} (+1 punt).	{@p} prend le marqueur de chasse de {#r} (+1 PV).	{@p} toma el marcador de caza de {#r} (+1 PV).	{@p} prende il segnalino caccia di {#r} (+1 PV).	{@p} fica com o marcador de caça de {#r} (+1 PV).	{@p} bierze znacznik polowania: {#r} (+1 PZ).	{@p}, {#r} av işaretini alır (+1 ZP).	{@p} бере маркер полювання: {#r} (+1 очко).	{@p}님이 {#r}의 사냥 마커를 가져갑니다 (+1점).	{@p}が{#r}の狩りマーカーを獲得しました（+1点）。	{@p}获得{#r}的狩猎标记（+1分）。
No {#l} field in Africa has a number chip left.	Kein {#l}-Feld in Afrika hat noch einen Zahlenchip.	Intet {#l}-felt i Afrika har en talbrik tilbage.	Inget {#l}-fält i Afrika har någon sifferbricka kvar.	Ingen {#l}-felt i Afrika har noen tallbrikke igjen.	Geen {#l}-veld in Afrika heeft nog een getallenchip.	Aucune case {#l} d’Afrique n’a plus de jeton numéro.	Ningún campo de {#l} en África conserva su ficha numérica.	Nessun campo {#l} in Africa ha ancora un segnalino numero.	Nenhum campo de {#l} em África tem ainda uma ficha numérica.	Żadne pole {#l} w Afryce nie ma już żetonu z liczbą.	Afrika’da hiçbir {#l} alanında sayı çipi kalmadı.	У жодному полі «{#l}» в Африці не лишилось числового жетона.	아프리카의 {#l} 칸에는 숫자 칩이 남아 있지 않습니다.	アフリカの{#l}マスに数字チップは残っていません。	非洲没有{#l}地块还留有数字筹码。
{@p} removes the number chip {n} from an African {#l} field.	{@p} entfernt den Zahlenchip {n} von einem afrikanischen {#l}-Feld.	{@p} fjerner talbrikken {n} fra et afrikansk {#l}-felt.	{@p} tar bort sifferbrickan {n} från ett afrikanskt {#l}-fält.	{@p} fjerner tallbrikken {n} fra et afrikansk {#l}-felt.	{@p} verwijdert de getallenchip {n} van een Afrikaans {#l}-veld.	{@p} retire le jeton numéro {n} d’une case {#l} d’Afrique.	{@p} retira la ficha numérica {n} de un campo de {#l} de África.	{@p} rimuove il segnalino numero {n} da un campo {#l} dell’Africa.	{@p} retira a ficha numérica {n} de um campo de {#l} de África.	{@p} usuwa żeton {n} z afrykańskiego pola {#l}.	{@p}, Afrika’daki bir {#l} alanından {n} sayı çipini kaldırır.	{@p} забирає числовий жетон {n} з африканського поля «{#l}».	{@p}님이 아프리카 {#l} 칸에서 숫자 칩 {n}을(를) 제거합니다.	{@p}がアフリカの{#l}マスから数字チップ{n}を取り除きました。	{@p}移除了一个非洲{#l}地块上的数字筹码{n}。
{@p} moves the {#t}.	{@p} versetzt den {#t}.	{@p} flytter {#t}.	{@p} flyttar {#t}.	{@p} flytter {#t}.	{@p} verplaatst de {#t}.	{@p} déplace : {#t}.	{@p} mueve: {#t}.	{@p} sposta: {#t}.	{@p} move: {#t}.	{@p} przesuwa: {#t}.	{@p}, {#t} tehdidini taşır.	{@p} переміщує: {#t}.	{@p}님이 {#t}을(를) 옮깁니다.	{@p}が{#t}を動かしました。	{@p}移动了{#t}。
{@p} leaves the threats where they are.	{@p} lässt die Bedrohungen, wo sie sind.	{@p} lader truslerne blive, hvor de er.	{@p} låter hoten stå kvar.	{@p} lar truslene bli stående.	{@p} laat de bedreigingen waar ze zijn.	{@p} laisse les menaces où elles sont.	{@p} deja las amenazas donde están.	{@p} lascia le minacce dove sono.	{@p} deixa as ameaças onde estão.	{@p} zostawia zagrożenia tam, gdzie są.	{@p} tehditleri olduğu yerde bırakır.	{@p} залишає загрози на місці.	{@p}님이 위협을 그대로 둡니다.	{@p}は脅威をそのままにしました。	{@p}让威胁留在原处。
{@p} turns an explorer into a camp and takes the tile (+1 VP).	{@p} wandelt einen Entdecker in ein Lager um und nimmt das Plättchen (+1 SP).	{@p} laver en opdagelsesrejsende om til en lejr og tager brikken (+1 point).	{@p} gör en upptäckare till ett läger och tar brickan (+1 poäng).	{@p} gjør en oppdager om til en leir og tar brikken (+1 poeng).	{@p} verandert een ontdekker in een kamp en neemt de tegel (+1 punt).	{@p} transforme un explorateur en camp et prend la tuile (+1 PV).	{@p} convierte un explorador en campamento y se queda la ficha (+1 PV).	{@p} trasforma un esploratore in accampamento e prende la tessera (+1 PV).	{@p} transforma um explorador em acampamento e fica com a ficha (+1 PV).	{@p} zamienia odkrywcę w obóz i bierze żeton (+1 PZ).	{@p} bir kâşifi kampa dönüştürür ve karoyu alır (+1 ZP).	{@p} перетворює дослідника на табір і бере жетон (+1 очко).	{@p}님이 탐험가를 캠프로 바꾸고 타일을 가져갑니다 (+1점).	{@p}が探検家をキャンプに変え、タイルを獲得しました（+1点）。	{@p}将探险者变为营地并拿走板块（+1分）。
{@p} takes a camp from the board to set it up again.	{@p} nimmt ein Lager vom Spielplan, um es neu zu setzen.	{@p} tager en lejr fra brættet for at sætte den op igen.	{@p} tar ett läger från brädet för att sätta upp det igen.	{@p} tar en leir fra brettet for å sette den opp igjen.	{@p} neemt een kamp van het bord om het opnieuw neer te zetten.	{@p} retire un camp du plateau pour le replacer.	{@p} retira un campamento del tablero para volver a colocarlo.	{@p} toglie un accampamento dal tabellone per rimetterlo.	{@p} retira um acampamento do tabuleiro para o voltar a colocar.	{@p} zdejmuje obóz z planszy, by postawić go na nowo.	{@p} yeniden kurmak için tahtadan bir kampı alır.	{@p} знімає табір з поля, щоб поставити його знову.	{@p}님이 캠프를 판에서 거두어 다시 세웁니다.	{@p}が盤上のキャンプを取り上げ、置き直します。	{@p}从棋盘上取回一个营地以重新放置。
{@p} reaches level {n} of {#t}.	{@p} erreicht Stufe {n} bei {#t}.	{@p} når trin {n} i {#t}.	{@p} når nivå {n} i {#t}.	{@p} når nivå {n} i {#t}.	{@p} bereikt niveau {n} van {#t}.	{@p} atteint le niveau {n} de {#t}.	{@p} alcanza el nivel {n} de {#t}.	{@p} raggiunge il livello {n} di {#t}.	{@p} chega ao nível {n} de {#t}.	{@p} osiąga poziom {n}: {#t}.	{@p}, {#t} için {n}. seviyeye ulaşır.	{@p} досягає рівня {n}: {#t}.	{@p}님이 {#t} {n}단계에 도달합니다.	{@p}が{#t}のレベル{n}に到達しました。	{@p}的{#t}达到等级{n}。
{@p} is first on level 4 of {#t} and takes the marker (+1 VP).	{@p} erreicht als Erster Stufe 4 bei {#t} und nimmt den Marker (+1 SP).	{@p} er først på trin 4 i {#t} og tager markøren (+1 point).	{@p} är först på nivå 4 i {#t} och tar markören (+1 poäng).	{@p} er først på nivå 4 i {#t} og tar markøren (+1 poeng).	{@p} is als eerste op niveau 4 van {#t} en neemt de marker (+1 punt).	{@p} est le premier au niveau 4 de {#t} et prend le marqueur (+1 PV).	{@p} es el primero en el nivel 4 de {#t} y toma el marcador (+1 PV).	{@p} è il primo al livello 4 di {#t} e prende il segnalino (+1 PV).	{@p} é o primeiro no nível 4 de {#t} e fica com o marcador (+1 PV).	{@p} jako pierwszy osiąga poziom 4: {#t} i bierze znacznik (+1 PZ).	{@p}, {#t} 4. seviyesine ilk ulaşan olur ve işareti alır (+1 ZP).	{@p} першим досягає рівня 4: {#t} і бере маркер (+1 очко).	{@p}님이 {#t} 4단계에 처음 도달해 마커를 가져갑니다 (+1점).	{@p}が{#t}のレベル4に最初に到達し、マーカーを獲得しました（+1点）。	{@p}第一个达到{#t}等级4并获得标记（+1分）。
{@p} is now the Most Successful Hunter (+1 VP).	{@p} ist jetzt der Erfolgreichste Jäger (+1 SP).	{@p} er nu den mest succesfulde jæger (+1 point).	{@p} är nu den mest framgångsrika jägaren (+1 poäng).	{@p} er nå den mest vellykkede jeger (+1 poeng).	{@p} is nu de succesvolste jager (+1 punt).	{@p} est désormais le chasseur le plus efficace (+1 PV).	{@p} es ahora el cazador más exitoso (+1 PV).	{@p} è ora il cacciatore di maggior successo (+1 PV).	{@p} é agora o caçador de maior sucesso (+1 PV).	{@p} jest teraz najskuteczniejszym myśliwym (+1 PZ).	{@p} artık en başarılı avcıdır (+1 ZP).	{@p} тепер найуспішніший мисливець (+1 очко).	{@p}님이 가장 성공적인 사냥꾼이 되었습니다 (+1점).	{@p}が最も成功した狩人になりました（+1点）。	{@p}成为最成功的猎人（+1分）。
{@p} is the Fastest Collector (+2 VP).	{@p} ist der Schnellste Sammler (+2 SP).	{@p} er den hurtigste samler (+2 point).	{@p} är den snabbaste samlaren (+2 poäng).	{@p} er den raskeste samleren (+2 poeng).	{@p} is de snelste verzamelaar (+2 punten).	{@p} est le collectionneur le plus rapide (+2 PV).	{@p} es el coleccionista más rápido (+2 PV).	{@p} è il collezionista più veloce (+2 PV).	{@p} é o colecionador mais rápido (+2 PV).	{@p} jest najszybszym kolekcjonerem (+2 PZ).	{@p} en hızlı koleksiyoncudur (+2 ZP).	{@p} — найшвидший колекціонер (+2 очка).	{@p}님이 가장 빠른 수집가입니다 (+2점).	{@p}が最速コレクターになりました（+2点）。	{@p}成为最快收集者（+2分）。
{@p} becomes a Collector (+1 VP).	{@p} wird Sammler (+1 SP).	{@p} bliver samler (+1 point).	{@p} blir samlare (+1 poäng).	{@p} blir samler (+1 poeng).	{@p} wordt verzamelaar (+1 punt).	{@p} devient collectionneur (+1 PV).	{@p} se convierte en coleccionista (+1 PV).	{@p} diventa collezionista (+1 PV).	{@p} torna-se colecionador (+1 PV).	{@p} zostaje kolekcjonerem (+1 PZ).	{@p} koleksiyoncu olur (+1 ZP).	{@p} стає колекціонером (+1 очко).	{@p}님이 수집가가 됩니다 (+1점).	{@p}がコレクターになりました（+1点）。	{@p}成为收集者（+1分）。
{name} turns over a discovery tile	{name} deckt ein Entdeckungs-Plättchen auf	{name} vender en opdagelsesbrik	{name} vänder en upptäcktsbricka	{name} vender en oppdagelsesbrikke	{name} draait een ontdekkingstegel om	{name} retourne une tuile découverte	{name} da la vuelta a una ficha de descubrimiento	{name} gira una tessera scoperta	{name} vira uma ficha de descoberta	{name} odkrywa żeton odkrycia	{name} bir keşif karosu çevirir	{name} перевертає жетон відкриття	{name}님이 발견 타일을 뒤집습니다	{name}が発見タイルをめくる	{name}翻开一块发现板块
The supply ran short of {#r}; nobody receives it.	Der Vorrat an {#r} reicht nicht; niemand erhält ihn.	Forrådet af {#r} slap op; ingen får det.	Förrådet av {#r} räckte inte; ingen får det.	Forrådet av {#r} rakk ikke; ingen får det.	De voorraad {#r} is te klein; niemand krijgt het.	La réserve de {#r} ne suffit pas ; personne n’en reçoit.	La reserva de {#r} no alcanza; nadie lo recibe.	La riserva di {#r} non basta; nessuno la riceve.	A reserva de {#r} não chega; ninguém a recebe.	Zapas: {#r} nie wystarcza; nikt go nie dostaje.	{#r} stoku yetmiyor; kimse almaz.	Запасу «{#r}» не вистачає; ніхто його не отримує.	{#r}의 비축이 모자라 아무도 받지 못합니다.	{#r}のストックが足りないため、誰も受け取れません。	{#r}的供应堆不足，没有人获得。
The printed start is set up: 3 camps and 1 explorer each.	Die aufgedruckte Startaufstellung steht: je 3 Lager und 1 Entdecker.	Den trykte startopstilling er sat: 3 lejre og 1 opdagelsesrejsende hver.	Den tryckta startuppställningen är klar: 3 läger och 1 upptäckare var.	Den trykte startoppstillingen er satt: 3 leirer og 1 oppdager hver.	De afgebeelde start staat klaar: elk 3 kampen en 1 ontdekker.	La mise en place imprimée est prête : 3 camps et 1 explorateur chacun.	La colocación impresa está lista: 3 campamentos y 1 explorador cada uno.	La disposizione stampata è pronta: 3 accampamenti e 1 esploratore ciascuno.	A colocação impressa está pronta: 3 acampamentos e 1 explorador cada.	Ustawienie z rysunku gotowe: każdy ma 3 obozy i 1 odkrywcę.	Basılı başlangıç dizilimi hazır: herkes 3 kamp ve 1 kâşif.	Друкований початковий розклад готовий: у кожного 3 табори й 1 дослідник.	인쇄된 시작 배치가 끝났습니다: 각자 캠프 3개와 탐험가 1명.	図の初期配置ができました：各自キャンプ3つと探検家1人。	按图摆好开局：每人3个营地和1名探险者。
A 7: nobody receives anything and the threats stir.	Eine 7: Niemand erhält Erträge und die Bedrohungen werden aktiv.	Et 7: Ingen får noget, og truslerne vågner.	En 7:a: Ingen får något och hoten vaknar.	En 7: Ingen får noe, og truslene våkner.	Een 7: niemand krijgt iets en de bedreigingen worden actief.	Un 7 : personne ne reçoit rien et les menaces s’éveillent.	Un 7: nadie recibe nada y las amenazas se activan.	Un 7: nessuno riceve nulla e le minacce si risvegliano.	Um 7: ninguém recebe nada e as ameaças despertam.	Siódemka: nikt nic nie dostaje, a zagrożenia się budzą.	Bir 7: Kimse bir şey almaz ve tehditler harekete geçer.	Сімка: ніхто нічого не отримує, а загрози прокидаються.	7: 아무도 아무것도 받지 못하고 위협이 깨어납니다.	7：誰も何も受け取れず、脅威が動き出します。	7点：无人获得任何东西，威胁出动。
The explorer cannot get there.	Der Entdecker kann dort nicht hin.	Opdageren kan ikke nå dertil.	Upptäckaren kan inte ta sig dit.	Oppdageren kan ikke komme dit.	De ontdekker kan daar niet komen.	L’explorateur ne peut pas y aller.	El explorador no puede llegar allí.	L’esploratore non può arrivarci.	O explorador não pode chegar lá.	Odkrywca nie może tam dojść.	Kâşif oraya gidemez.	Дослідник не може туди дійти.	탐험가가 그곳에 갈 수 없습니다.	探検家はそこへ行けません。	探险者无法到达那里。
The explorer needs a free crossing next to one of your camps.	Der Entdecker braucht eine freie Kreuzung neben einem deiner Lager.	Opdageren skal stå på et frit kryds ved siden af en af dine lejre.	Upptäckaren behöver en ledig korsning bredvid ett av dina läger.	Oppdageren trenger et ledig kryss ved siden av en av leirene dine.	De ontdekker heeft een vrije kruising naast een van je kampen nodig.	L’explorateur a besoin d’une intersection libre à côté d’un de tes camps.	El explorador necesita un cruce libre junto a uno de tus campamentos.	L’esploratore ha bisogno di un incrocio libero accanto a uno dei tuoi accampamenti.	O explorador precisa de um cruzamento livre ao lado de um dos teus acampamentos.	Odkrywca potrzebuje wolnego skrzyżowania obok jednego z twoich obozów.	Kâşifin kamplarından birinin yanında boş bir kavşağa ihtiyacı var.	Досліднику потрібне вільне перехрестя поруч з одним із твоїх таборів.	탐험가는 내 캠프 옆의 빈 교차점이 필요합니다.	探検家はあなたのキャンプの隣の空き交差点が必要です。	探险者需要你营地旁的空路口。
That explorer has already moved this turn.	Dieser Entdecker wurde in diesem Zug schon bewegt.	Den opdager er allerede flyttet i denne tur.	Den upptäckaren har redan flyttats den här turen.	Den oppdageren er allerede flyttet denne runden.	Die ontdekker is deze beurt al verplaatst.	Cet explorateur a déjà été déplacé ce tour.	Ese explorador ya se ha movido este turno.	Quell’esploratore è già stato mosso in questo turno.	Esse explorador já se moveu neste turno.	Ten odkrywca już się poruszył w tej turze.	Bu kâşif bu turda zaten hareket etti.	Цього дослідника вже переміщували в цей хід.	이 탐험가는 이번 턴에 이미 움직였습니다.	その探検家は今ターンすでに動いています。	这名探险者本回合已经移动过。
First take one of your explorers off the board (one that has not moved this turn).	Nimm zuerst einen deiner Entdecker vom Spielplan (einen, der in diesem Zug noch nicht bewegt wurde).	Tag først en af dine opdagere af brættet (en, der ikke er flyttet i denne tur).	Ta först bort en av dina upptäckare från brädet (en som inte flyttats den här turen).	Ta først en av oppdagerne dine av brettet (en som ikke er flyttet denne runden).	Haal eerst een van je ontdekkers van het bord (een die deze beurt nog niet is verplaatst).	Retire d’abord un de tes explorateurs du plateau (un qui n’a pas bougé ce tour).	Retira primero uno de tus exploradores del tablero (uno que no se haya movido este turno).	Togli prima uno dei tuoi esploratori dal tabellone (uno non ancora mosso in questo turno).	Retira primeiro um dos teus exploradores do tabuleiro (um que não se tenha movido neste turno).	Najpierw zdejmij z planszy jednego ze swoich odkrywców (takiego, który nie poruszał się w tej turze).	Önce kâşiflerinden birini tahtadan al (bu turda hareket etmemiş olanı).	Спочатку зніми з поля одного зі своїх дослідників (того, що не рухався в цей хід).	먼저 이번 턴에 움직이지 않은 탐험가 한 명을 판에서 치우세요.	まず今ターン動いていない探検家を1人盤上から取り除いてください。	请先从棋盘上取走一名本回合尚未移动的探险者。
First take one of your camps off the board (from Africa if you have one there).	Nimm zuerst eines deiner Lager vom Spielplan (aus Afrika, falls dort eines steht).	Tag først en af dine lejre af brættet (fra Afrika, hvis du har en dér).	Ta först bort ett av dina läger från brädet (från Afrika om du har ett där).	Ta først en av leirene dine av brettet (fra Afrika hvis du har en der).	Haal eerst een van je kampen van het bord (uit Afrika, als je daar een hebt).	Retire d’abord un de tes camps du plateau (d’Afrique si tu y en as un).	Retira primero uno de tus campamentos del tablero (de África, si tienes uno allí).	Togli prima uno dei tuoi accampamenti dal tabellone (dall’Africa, se ne hai uno).	Retira primeiro um dos teus acampamentos do tabuleiro (de África, se tiveres um lá).	Najpierw zdejmij z planszy jeden ze swoich obozów (z Afryki, jeśli tam masz).	Önce kamplarından birini tahtadan al (varsa Afrika’dakini).	Спочатку зніми з поля один зі своїх таборів (з Африки, якщо там є).	먼저 캠프 하나를 판에서 치우세요(아프리카에 있으면 그곳에서).	まずキャンプを1つ盤上から取り除いてください（アフリカにあればそこから）。	请先从棋盘上取走一个营地（若非洲有则优先取非洲的）。
A camp can only be built on a free camp site with a tile.	Ein Lager darf nur auf einem freien Lagerplatz mit Plättchen gebaut werden.	En lejr kan kun bygges på en fri lejrplads med en brik.	Ett läger får bara byggas på en ledig lägerplats med bricka.	En leir kan bare bygges på en ledig leirplass med brikke.	Een kamp mag alleen op een vrije kampplaats met een tegel worden gebouwd.	Un camp ne peut être construit que sur un emplacement libre avec une tuile.	Un campamento solo se puede construir en un lugar libre con ficha.	Un accampamento si può costruire solo su un luogo libero con una tessera.	Um acampamento só pode ser construído num local livre com ficha.	Obóz można zbudować tylko na wolnym miejscu z żetonem.	Kamp yalnızca karolu boş bir kamp yerine kurulabilir.	Табір можна збудувати лише на вільному місці з жетоном.	캠프는 타일이 있는 빈 캠프 터에만 지을 수 있습니다.	キャンプはタイルのある空きキャンプ地にのみ建てられます。	营地只能建在放有板块的空营地处。
Pick one of your explorers.	Wähle einen deiner Entdecker.	Vælg en af dine opdagere.	Välj en av dina upptäckare.	Velg en av oppdagerne dine.	Kies een van je ontdekkers.	Choisis un de tes explorateurs.	Elige uno de tus exploradores.	Scegli uno dei tuoi esploratori.	Escolhe um dos teus exploradores.	Wybierz jednego ze swoich odkrywców.	Kâşiflerinden birini seç.	Обери одного зі своїх дослідників.	내 탐험가 중 하나를 고르세요.	自分の探検家を1人選んでください。	请选择你的一名探险者。
Pick a free starting place in Africa.	Wähle einen freien Startplatz in Afrika.	Vælg en fri startplads i Afrika.	Välj en ledig startplats i Afrika.	Velg en ledig startplass i Afrika.	Kies een vrije startplaats in Afrika.	Choisis une place de départ libre en Afrique.	Elige un lugar de salida libre en África.	Scegli un posto di partenza libero in Africa.	Escolhe um local de partida livre em África.	Wybierz wolne miejsce startowe w Afryce.	Afrika’da boş bir başlangıç yeri seç.	Обери вільне стартове місце в Африці.	아프리카의 빈 시작 위치를 고르세요.	アフリカの空いている開始位置を選んでください。	请选择非洲的一个空起始位置。
Pick the Neanderthal or the Saber-toothed tiger.	Wähle den Neandertaler oder den Säbelzahntiger.	Vælg neandertaleren eller sabeltigeren.	Välj neandertalaren eller sabeltandstigern.	Velg neandertaleren eller sabeltigeren.	Kies de neanderthaler of de sabeltandtijger.	Choisis le Néandertalien ou le tigre à dents de sabre.	Elige al neandertal o al tigre dientes de sable.	Scegli il Neanderthal o la tigre dai denti a sciabola.	Escolhe o Neandertal ou o tigre-dentes-de-sabre.	Wybierz neandertalczyka lub tygrysa szablozębnego.	Neandertal’i veya kılıç dişli kaplanı seç.	Обери неандертальця або шаблезубого тигра.	네안데르탈인이나 검치호를 고르세요.	ネアンデルタール人かサーベルタイガーを選んでください。	请选择尼安德特人或剑齿虎。
Pick a field for the threat.	Wähle ein Feld für die Bedrohung.	Vælg et felt til truslen.	Välj ett fält för hotet.	Velg et felt til trusselen.	Kies een veld voor de bedreiging.	Choisis une case pour la menace.	Elige un campo para la amenaza.	Scegli un campo per la minaccia.	Escolhe um campo para a ameaça.	Wybierz pole dla zagrożenia.	Tehdit için bir alan seç.	Обери поле для загрози.	위협을 놓을 칸을 고르세요.	脅威を置くマスを選んでください。	请为威胁选择一个地块。
Pick a field with a number chip.	Wähle ein Feld mit Zahlenchip.	Vælg et felt med en talbrik.	Välj ett fält med sifferbricka.	Velg et felt med tallbrikke.	Kies een veld met een getallenchip.	Choisis une case avec un jeton numéro.	Elige un campo con ficha numérica.	Scegli un campo con un segnalino numero.	Escolhe um campo com ficha numérica.	Wybierz pole z żetonem liczby.	Sayı çipi olan bir alan seç.	Обери поле з числовим жетоном.	숫자 칩이 있는 칸을 고르세요.	数字チップのあるマスを選んでください。	请选择带数字筹码的地块。
Nothing to remove.	Nichts zu entfernen.	Intet at fjerne.	Inget att ta bort.	Ingenting å fjerne.	Niets om te verwijderen.	Rien à retirer.	Nada que retirar.	Niente da rimuovere.	Nada para remover.	Nie ma czego usuwać.	Kaldırılacak bir şey yok.	Нічого прибирати.	제거할 것이 없습니다.	取り除くものがありません。	没有可移除的东西。
You have to move a threat.	Du musst eine Bedrohung versetzen.	Du skal flytte en trussel.	Du måste flytta ett hot.	Du må flytte en trussel.	Je moet een bedreiging verplaatsen.	Tu dois déplacer une menace.	Tienes que mover una amenaza.	Devi spostare una minaccia.	Tens de mover uma ameaça.	Musisz przesunąć zagrożenie.	Bir tehdidi taşımak zorundasın.	Ти мусиш перемістити загрозу.	위협을 반드시 옮겨야 합니다.	脅威を動かさなければなりません。	你必须移动一个威胁。
Explorer	Entdecker	Opdager	Upptäckare	Oppdager	Ontdekker	Explorateur	Explorador	Esploratore	Explorador	Odkrywca	Kâşif	Дослідник	탐험가	探検家	探险者
Walk	Laufen	Gå	Gå	Gå	Lopen	Marcher	Caminar	Muovere	Caminhar	Idź	Yürü	Іти	이동	歩く	行走
1 fur or 1 meat	1 Fell oder 1 Fleisch	1 pels eller 1 kød	1 päls eller 1 kött	1 pels eller 1 kjøtt	1 vacht of 1 vlees	1 fourrure ou 1 viande	1 piel o 1 carne	1 pelliccia o 1 carne	1 pele ou 1 carne	1 futro lub 1 mięso	1 kürk veya 1 et	1 хутро або 1 м’ясо	모피 1 또는 고기 1	毛皮1か肉1	1毛皮或1肉
Clothing, Construction, Food, Hunting	Kleidung, Konstruktion, Nahrung, Jagd	Beklædning, konstruktion, føde, jagt	Kläder, konstruktion, föda, jakt	Klær, konstruksjon, mat, jakt	Kleding, constructie, voedsel, jacht	Vêtements, construction, nourriture, chasse	Vestimenta, construcción, alimento, caza	Abbigliamento, costruzione, cibo, caccia	Vestuário, construção, alimento, caça	Odzież, budownictwo, pożywienie, polowanie	Giyim, inşaat, beslenme, av	Одяг, будівництво, їжа, полювання	의복, 건축, 식량, 사냥	衣服・建築・食料・狩り	服装、建筑、食物、狩猎
Place an explorer	Entdecker platzieren	Placér en opdager	Placera en upptäckare	Plasser en oppdager	Plaats een ontdekker	Placer un explorateur	Colocar un explorador	Piazzare un esploratore	Colocar um explorador	Postaw odkrywcę	Kâşif yerleştir	Поставити дослідника	탐험가 놓기	探検家を置く	放置探险者
Move an explorer	Entdecker bewegen	Flyt en opdager	Flytta en upptäckare	Flytt en oppdager	Verplaats een ontdekker	Déplacer un explorateur	Mover un explorador	Muovere un esploratore	Mover um explorador	Przesuń odkrywcę	Kâşifi hareket ettir	Перемістити дослідника	탐험가 이동	探検家を動かす	移动探险者
Explorer into camp	Entdecker in ein Lager umwandeln	Opdager til lejr	Upptäckare till läger	Oppdager til leir	Ontdekker in kamp omzetten	Explorateur en camp	Explorador en campamento	Esploratore in accampamento	Explorador em acampamento	Odkrywca w obóz	Kâşifi kampa dönüştür	Дослідник у табір	탐험가를 캠프로	探検家をキャンプに	探险者变营地
next to one of your camps	neben einem deiner Lager	ved siden af en af dine lejre	bredvid ett av dina läger	ved siden av en av leirene dine	naast een van je kampen	à côté d’un de tes camps	junto a uno de tus campamentos	accanto a uno dei tuoi accampamenti	ao lado de um dos teus acampamentos	obok jednego z twoich obozów	kamplarından birinin yanına	поруч з одним із твоїх таборів	내 캠프 옆	自分のキャンプの隣	你营地的旁边
3 crossings + Food	3 Kreuzungen + Nahrung	3 kryds + føde	3 korsningar + föda	3 kryss + mat	3 kruisingen + voedsel	3 intersections + nourriture	3 cruces + alimento	3 incroci + cibo	3 cruzamentos + alimento	3 skrzyżowania + pożywienie	3 kavşak + beslenme	3 перехрестя + їжа	교차점 3개 + 식량	交差点3つ＋食料	3个路口＋食物
on a camp site tile: +1 point	auf einem Lagerplatz-Plättchen: +1 Siegpunkt	på en lejrplads-brik: +1 point	på en lägerplatsbricka: +1 poäng	på en leirplassbrikke: +1 poeng	op een kampplaatstegel: +1 punt	sur une tuile d’emplacement : +1 point	en una ficha de lugar de campamento: +1 punto	su una tessera luogo di accampamento: +1 punto	numa ficha de local de acampamento: +1 ponto	na żetonie miejsca na obóz: +1 punkt	kamp yeri karosunda: +1 puan	на жетоні місця для табору: +1 очко	캠프 터 타일 위: +1점	キャンプ地タイル上：+1点	在营地板块上：+1分
Progress (per level, every track)	Fortschritt (je Stufe, jede Leiste)	Fremskridt (pr. trin, hvert spor)	Framsteg (per nivå, varje spår)	Framgang (per nivå, hvert spor)	Vooruitgang (per niveau, elk spoor)	Progrès (par niveau, chaque piste)	Progreso (por nivel, cada barra)	Progresso (per livello, ogni barra)	Progresso (por nível, cada barra)	Postęp (za poziom, każda ścieżka)	İlerleme (her seviye, her sütun)	Прогрес (за рівень, кожна шкала)	발전 (단계마다, 모든 트랙)	進歩（レベルごと、全トラック）	进步（每级，每条轨道）
Level {n}	Stufe {n}	Trin {n}	Nivå {n}	Nivå {n}	Niveau {n}	Niveau {n}	Nivel {n}	Livello {n}	Nível {n}	Poziom {n}	Seviye {n}	Рівень {n}	{n}단계	レベル{n}	等级{n}
Reach {n}.	Reichweite {n}.	Rækkevidde {n}.	Räckvidd {n}.	Rekkevidde {n}.	Bereik {n}.	Portée {n}.	Alcance {n}.	Portata {n}.	Alcance {n}.	Zasięg {n}.	Menzil {n}.	Дальність {n}.	이동 거리 {n}.	移動距離{n}。	移动距离{n}。
Only camps harvest, never explorers. Discovery fields need the shown levels of Clothing and Construction; the first explorer to pass one takes its tile: Hunting luck (+1 point), Desertification or a Threat. Camps on the board are worth nothing: points come from tiles and markers. A 7 gives nothing: players with more than 7 cards discard half, then the roller moves a threat and steals a card. Trade 3 equal cards for 1 card of your choice. 10 points win.	Nur Lager bringen Erträge, nie Entdecker. Entdeckungsfelder brauchen die gezeigten Stufen bei Kleidung und Konstruktion; wer als Erster darauf oder darüber zieht, erhält das Plättchen: Jagdglück (+1 Siegpunkt), Verödung oder eine Bedrohung. Lager auf dem Spielplan zählen keine Siegpunkte: Punkte gibt es nur für Plättchen und Marker. Eine 7 bringt nichts ein: Wer mehr als 7 Karten hat, gibt die Hälfte ab, dann versetzt der Würfler eine Bedrohung und zieht eine Karte. 3 gleiche Karten gegen 1 beliebige tauschen. 10 Siegpunkte gewinnen.	Kun lejre giver udbytte, aldrig opdagere. Opdagelsesfelter kræver de viste trin i beklædning og konstruktion; den første, der går på eller over et felt, får brikken: jagtlykke (+1 point), ørkendannelse eller en trussel. Lejre på brættet er intet værd: point kommer fra brikker og markører. Et 7 giver intet: spillere med over 7 kort afleverer halvdelen, derefter flytter slåeren en trussel og stjæler et kort. Byt 3 ens kort til 1 valgfrit kort. 10 point vinder.	Bara läger ger skörd, aldrig upptäckare. Upptäcktsfält kräver de visade nivåerna i kläder och konstruktion; den första som går på eller över ett fält får brickan: jaktlycka (+1 poäng), utarmning eller ett hot. Läger på brädet är värda ingenting: poäng kommer från brickor och markörer. En 7:a ger inget: spelare med över 7 kort lämnar halva, sedan flyttar slåren ett hot och stjäl ett kort. Byt 3 lika kort mot 1 valfritt kort. 10 poäng vinner.	Bare leirer gir utbytte, aldri oppdagere. Oppdagelsesfelt krever de viste nivåene i klær og konstruksjon; den første som går på eller over et felt får brikken: jaktlykke (+1 poeng), ørkenspredning eller en trussel. Leirer på brettet er verdt ingenting: poeng kommer fra brikker og markører. En 7 gir ingenting: spillere med over 7 kort leverer halvparten, så flytter kasteren en trussel og stjeler et kort. Bytt 3 like kort mot 1 valgfritt kort. 10 poeng vinner.	Alleen kampen leveren op, nooit ontdekkers. Ontdekkingsvelden vragen de getoonde niveaus van kleding en constructie; wie er als eerste op of overheen loopt, krijgt de tegel: jachtgeluk (+1 punt), verwoestijning of een bedreiging. Kampen op het bord zijn niets waard: punten komen van tegels en markers. Een 7 levert niets op: spelers met meer dan 7 kaarten leggen de helft af, daarna verplaatst de werper een bedreiging en steelt een kaart. Ruil 3 gelijke kaarten voor 1 kaart naar keuze. 10 punten winnen.	Seuls les camps produisent, jamais les explorateurs. Les cases découverte exigent les niveaux indiqués en vêtements et construction ; le premier à s’y arrêter ou à les traverser prend la tuile : chance de chasse (+1 point), désertification ou menace. Les camps sur le plateau ne valent rien : les points viennent des tuiles et des marqueurs. Un 7 ne rapporte rien : qui a plus de 7 cartes en défausse la moitié, puis le lanceur déplace une menace et vole une carte. 3 cartes identiques s’échangent contre 1 carte au choix. 10 points gagnent.	Solo los campamentos producen, nunca los exploradores. Los campos de descubrimiento exigen los niveles indicados de vestimenta y construcción; el primero que se detiene en uno o lo atraviesa se queda la ficha: suerte de caza (+1 punto), desertificación o una amenaza. Los campamentos del tablero no valen nada: los puntos vienen de fichas y marcadores. Un 7 no da nada: quien tenga más de 7 cartas descarta la mitad, luego quien tira mueve una amenaza y roba una carta. Cambia 3 cartas iguales por 1 a tu elección. 10 puntos ganan.	Solo gli accampamenti producono, mai gli esploratori. I campi scoperta richiedono i livelli indicati di abbigliamento e costruzione; il primo che vi si ferma o li attraversa prende la tessera: fortuna di caccia (+1 punto), desertificazione o una minaccia. Gli accampamenti sul tabellone non valgono nulla: i punti vengono da tessere e segnalini. Un 7 non dà nulla: chi ha più di 7 carte ne scarta metà, poi chi ha tirato sposta una minaccia e ruba una carta. Scambia 3 carte uguali con 1 a scelta. 10 punti vincono.	Só os acampamentos produzem, nunca os exploradores. Os campos de descoberta exigem os níveis indicados de vestuário e construção; o primeiro que neles pára ou os atravessa fica com a ficha: sorte na caça (+1 ponto), desertificação ou uma ameaça. Os acampamentos no tabuleiro não valem nada: os pontos vêm de fichas e marcadores. Um 7 não dá nada: quem tem mais de 7 cartas descarta metade, depois quem lançou move uma ameaça e rouba uma carta. Troca 3 cartas iguais por 1 à escolha. 10 pontos ganham.	Plony dają tylko obozy, nigdy odkrywcy. Pola odkryć wymagają pokazanych poziomów odzieży i budownictwa; kto pierwszy wejdzie na pole lub przejdzie przez nie, bierze żeton: szczęście łowieckie (+1 punkt), pustynnienie lub zagrożenie. Obozy na planszy nic nie są warte: punkty dają żetony i znaczniki. Siódemka nic nie daje: kto ma więcej niż 7 kart, oddaje połowę, potem rzucający przesuwa zagrożenie i kradnie kartę. Wymień 3 takie same karty na 1 dowolną. 10 punktów daje zwycięstwo.	Yalnızca kamplar ürün verir, kâşifler asla. Keşif alanları gösterilen giyim ve inşaat seviyelerini ister; üzerine veya üzerinden ilk geçen karoyu alır: av şansı (+1 puan), çölleşme veya tehdit. Tahtadaki kamplar hiçbir şey değerinde değildir: puanlar karolardan ve işaretlerden gelir. 7 hiçbir şey vermez: 7’den fazla kartı olan yarısını atar, sonra zarı atan bir tehdidi taşır ve bir kart çalar. 3 aynı kartı istediğin 1 kartla değiştir. 10 puan kazandırır.	Врожай дають лише табори, ніколи дослідники. Поля відкриття вимагають показаних рівнів одягу та будівництва; хто перший зайде на поле чи пройде через нього, бере жетон: мисливська удача (+1 очко), спустошення або загроза. Табори на полі нічого не варті: очки дають жетони й маркери. Сімка нічого не дає: хто має понад 7 карт, скидає половину, потім той, хто кинув, переміщує загрозу й краде карту. Обміняй 3 однакові карти на 1 будь-яку. 10 очок перемагають.	수확은 캠프만 하며 탐험가는 하지 않습니다. 발견 칸은 표시된 의복·건축 단계가 필요하며, 처음으로 그 위에 서거나 지나간 사람이 타일을 가집니다: 사냥 운(+1점), 황폐화, 또는 위협. 판 위의 캠프는 점수가 없고, 점수는 타일과 마커에서 나옵니다. 7이 나오면 아무것도 없으며 카드가 7장을 넘는 사람은 절반을 버리고, 주사위를 굴린 사람이 위협을 옮기고 카드를 훔칩니다. 같은 카드 3장을 원하는 카드 1장으로 바꿀 수 있습니다. 10점이면 승리합니다.	収穫するのはキャンプだけで、探検家は収穫しません。発見マスは表示された衣服と建築のレベルが必要で、最初にそこに止まるか通過した人がタイルを得ます：狩りの幸運（+1点）、荒廃、または脅威。盤上のキャンプは得点になりません。得点はタイルとマーカーから。7では何も得られず、8枚以上持つ人は半分を捨て、振った人が脅威を動かしてカードを1枚奪います。同じカード3枚を好きな1枚と交換できます。10点で勝利。	只有营地产出，探险者不产出。发现格需要所示的服装和建筑等级；第一个停在或经过它的人获得板块：狩猎好运（+1分）、荒漠化或威胁。棋盘上的营地不值分，分数来自板块和标记。掷出7时无人获得产出，手牌超过7张的人弃掉一半，然后掷骰者移动一个威胁并偷一张牌。3张相同的牌可换1张任意牌。先到10分获胜。
Walk, found camps, climb the tracks or trade.	Laufen, Lager gründen, Fortschritt machen oder handeln.	Gå, grundlæg lejre, kom frem på sporene eller byt.	Gå, grunda läger, klättra på spåren eller byt.	Gå, grunnlegg leirer, gå fram på sporene eller bytt.	Loop, sticht kampen, klim op de sporen of ruil.	Marche, fonde des camps, avance sur les pistes ou échange.	Camina, funda campamentos, sube en las barras o comercia.	Cammina, fonda accampamenti, avanza sulle barre o scambia.	Caminha, funda acampamentos, sobe nas barras ou troca.	Wędruj, zakładaj obozy, postępuj na ścieżkach lub handluj.	Yürü, kamp kur, sütunlarda ilerle veya takas yap.	Ходи, засновуй табори, просувайся шкалами або торгуй.	걷고, 캠프를 세우고, 트랙을 올리거나 교환하세요.	歩く、キャンプを築く、進歩を進める、または交易しましょう。	行走、建立营地、推进轨道或交易。
Explorers walk up to {n} crossings for 1 fur or 1 meat.	Entdecker gehen für 1 Fell oder 1 Fleisch bis zu {n} Kreuzungen weit.	Opdagere går op til {n} kryds for 1 pels eller 1 kød.	Upptäckare går upp till {n} korsningar för 1 päls eller 1 kött.	Oppdagere går opptil {n} kryss for 1 pels eller 1 kjøtt.	Ontdekkers lopen tot {n} kruisingen voor 1 vacht of 1 vlees.	Les explorateurs vont jusqu’à {n} intersections pour 1 fourrure ou 1 viande.	Los exploradores caminan hasta {n} cruces por 1 piel o 1 carne.	Gli esploratori fanno fino a {n} incroci per 1 pelliccia o 1 carne.	Os exploradores andam até {n} cruzamentos por 1 pele ou 1 carne.	Odkrywcy idą do {n} skrzyżowań za 1 futro lub 1 mięso.	Kâşifler 1 kürk veya 1 et karşılığında {n} kavşağa kadar yürür.	Дослідники йдуть до {n} перехресть за 1 хутро або 1 м’ясо.	탐험가는 모피 1 또는 고기 1로 교차점을 최대 {n}개 걷습니다.	探検家は毛皮1か肉1で最大{n}か所の交差点を歩けます。	探险者花1毛皮或1肉最多走{n}个路口。
Place an explorer or trade to get going.	Setze einen Entdecker ein oder handle, um loszulegen.	Placér en opdager eller byt for at komme i gang.	Placera en upptäckare eller byt för att komma igång.	Plasser en oppdager eller bytt for å komme i gang.	Plaats een ontdekker of ruil om op gang te komen.	Place un explorateur ou échange pour te lancer.	Coloca un explorador o comercia para empezar.	Piazza un esploratore o scambia per iniziare.	Coloca um explorador ou troca para começar.	Postaw odkrywcę lub handluj, by ruszyć.	Başlamak için bir kâşif yerleştir veya takas yap.	Постав дослідника або торгуй, щоб розпочати.	탐험가를 놓거나 교환해서 시작하세요.	探検家を置くか交易して始めましょう。	放置探险者或交易以开始行动。
A 7 stirs the threats: nobody receives anything.	Eine 7 weckt die Bedrohungen: Niemand erhält Erträge.	Et 7 vækker truslerne: Ingen får noget.	En 7:a väcker hoten: Ingen får något.	En 7 vekker truslene: Ingen får noe.	Een 7 wekt de bedreigingen: niemand krijgt iets.	Un 7 réveille les menaces : personne ne reçoit rien.	Un 7 despierta las amenazas: nadie recibe nada.	Un 7 risveglia le minacce: nessuno riceve nulla.	Um 7 desperta as ameaças: ninguém recebe nada.	Siódemka budzi zagrożenia: nikt nic nie dostaje.	7 tehditleri uyandırır: Kimse bir şey almaz.	Сімка будить загрози: ніхто нічого не отримує.	7은 위협을 깨웁니다: 아무도 아무것도 받지 못합니다.	7は脅威を目覚めさせます：誰も何も受け取れません。	7会唤醒威胁：无人获得任何东西。
A 7 was rolled and you hold more than 7 cards.	Eine 7 wurde gewürfelt und du hast mehr als 7 Karten.	Der blev slået et 7, og du har mere end 7 kort.	En 7:a slogs och du har fler än 7 kort.	Det ble kastet en 7, og du har mer enn 7 kort.	Er is een 7 gegooid en je hebt meer dan 7 kaarten.	Un 7 a été lancé et tu as plus de 7 cartes.	Salió un 7 y tienes más de 7 cartas.	È uscito un 7 e hai più di 7 carte.	Saiu um 7 e tens mais de 7 cartas.	Wypadła siódemka, a masz więcej niż 7 kart.	7 atıldı ve 7’den fazla kartın var.	Випала сімка, а в тебе понад 7 карт.	7이 나왔고 카드가 7장을 넘습니다.	7が出て、あなたは7枚より多く持っています。	掷出了7，而你的手牌超过7张。
Hunting: move a threat.	Jagd: Eine Bedrohung versetzen.	Jagt: Flyt en trussel.	Jakt: Flytta ett hot.	Jakt: Flytt en trussel.	Jacht: verplaats een bedreiging.	Chasse : déplace une menace.	Caza: mueve una amenaza.	Caccia: sposta una minaccia.	Caça: move uma ameaça.	Polowanie: przesuń zagrożenie.	Av: bir tehdidi taşı.	Полювання: перемісти загрозу.	사냥: 위협을 옮기세요.	狩り：脅威を動かします。	狩猎：移动一个威胁。
Move a threat.	Eine Bedrohung versetzen.	Flyt en trussel.	Flytta ett hot.	Flytt en trussel.	Verplaats een bedreiging.	Déplace une menace.	Mueve una amenaza.	Sposta una minaccia.	Move uma ameaça.	Przesuń zagrożenie.	Bir tehdidi taşı.	Перемісти загрозу.	위협을 옮기세요.	脅威を動かします。	移动一个威胁。
Move a threat	Bedrohung versetzen	Flyt en trussel	Flytta ett hot	Flytt en trussel	Verplaats een bedreiging	Déplacer une menace	Mover una amenaza	Spostare una minaccia	Mover uma ameaça	Przesuń zagrożenie	Tehdidi taşı	Перемістити загрозу	위협 옮기기	脅威を動かす	移动威胁
The Neanderthal stands in Europe or Asia, the Saber-toothed tiger in America or Australia. You take a card from a player next to it.	Der Neandertaler steht in Europa oder Asien, der Säbelzahntiger in Amerika oder Australien. Du ziehst eine Karte von einem Spieler daneben.	Neandertaleren står i Europa eller Asien, sabeltigeren i Amerika eller Australien. Du tager et kort fra en spiller ved siden af.	Neandertalaren står i Europa eller Asien, sabeltandstigern i Amerika eller Australien. Du tar ett kort från en spelare intill.	Neandertaleren står i Europa eller Asia, sabeltigeren i Amerika eller Australia. Du tar et kort fra en spiller ved siden av.	De neanderthaler staat in Europa of Azië, de sabeltandtijger in Amerika of Australië. Je pakt een kaart van een speler ernaast.	Le Néandertalien se tient en Europe ou en Asie, le tigre à dents de sabre en Amérique ou en Australie. Tu prends une carte à un joueur voisin.	El neandertal está en Europa o Asia, el tigre dientes de sable en América o Australia. Robas una carta a un jugador adyacente.	Il Neanderthal sta in Europa o Asia, la tigre in America o Australia. Prendi una carta da un giocatore adiacente.	O Neandertal fica na Europa ou Ásia, o tigre na América ou Austrália. Tiras uma carta a um jogador adjacente.	Neandertalczyk stoi w Europie lub Azji, tygrys w Ameryce lub Australii. Bierzesz kartę od gracza obok.	Neandertal Avrupa veya Asya’da, kılıç dişli kaplan Amerika veya Avustralya’da durur. Yanındaki bir oyuncudan kart çekersin.	Неандерталець стоїть у Європі чи Азії, шаблезубий тигр — в Америці чи Австралії. Ти береш карту в сусіднього гравця.	네안데르탈인은 유럽·아시아에, 검치호는 아메리카·오스트레일리아에 서 있습니다. 옆에 있는 플레이어에게서 카드를 1장 가져옵니다.	ネアンデルタール人はヨーロッパかアジアに、サーベルタイガーはアメリカかオーストラリアに置かれます。隣接するプレイヤーからカードを1枚奪います。	尼安德特人只在欧洲或亚洲，剑齿虎只在美洲或澳大利亚。你从相邻玩家那里拿一张牌。
Desertification: remove a number chip.	Verödung: Einen Zahlenchip entfernen.	Ørkendannelse: Fjern en talbrik.	Utarmning: Ta bort en sifferbricka.	Ørkenspredning: Fjern en tallbrikke.	Verwoestijning: verwijder een getallenchip.	Désertification : retire un jeton numéro.	Desertificación: retira una ficha numérica.	Desertificazione: rimuovi un segnalino numero.	Desertificação: retira uma ficha numérica.	Pustynnienie: usuń żeton liczby.	Çölleşme: bir sayı çipini kaldır.	Спустошення: прибери числовий жетон.	황폐화: 숫자 칩 하나를 제거하세요.	荒廃：数字チップを1つ取り除きます。	荒漠化：移除一个数字筹码。
Tap an African field of that landscape.	Tippe auf ein afrikanisches Feld dieser Landschaft.	Tryk på et afrikansk felt af den slags landskab.	Tryck på ett afrikanskt fält av det landskapet.	Trykk på et afrikansk felt av det landskapet.	Tik op een Afrikaans veld van dat landschap.	Touche une case d’Afrique de ce paysage.	Toca un campo africano de ese paisaje.	Tocca un campo africano di quel paesaggio.	Toca num campo africano dessa paisagem.	Dotknij afrykańskiego pola tego krajobrazu.	O manzaranın bir Afrika alanına dokun.	Торкнись африканського поля цього ландшафту.	그 지형의 아프리카 칸을 탭하세요.	その地形のアフリカのマスをタップ。	点按该地形的一个非洲地块。
Tap an African {l} field to remove its number chip.	Tippe auf ein afrikanisches {l}-Feld, um seinen Zahlenchip zu entfernen.	Tryk på et afrikansk {l}-felt for at fjerne dets talbrik.	Tryck på ett afrikanskt {l}-fält för att ta bort dess sifferbricka.	Trykk på et afrikansk {l}-felt for å fjerne tallbrikken.	Tik op een Afrikaans {l}-veld om de getallenchip te verwijderen.	Touche une case {l} d’Afrique pour retirer son jeton numéro.	Toca un campo de {l} africano para quitar su ficha numérica.	Tocca un campo {l} africano per rimuovere il suo segnalino numero.	Toca num campo de {l} africano para retirar a sua ficha numérica.	Dotknij afrykańskiego pola {l}, by usunąć jego żeton liczby.	Sayı çipini kaldırmak için bir Afrika {l} alanına dokun.	Торкнись африканського поля «{l}», щоб прибрати його числовий жетон.	아프리카 {l} 칸을 탭해 숫자 칩을 제거하세요.	アフリカの{l}マスをタップして数字チップを取り除きます。	点按一个非洲{l}地块以移除其数字筹码。
Choose field	Feld wählen	Vælg felt	Välj fält	Velg felt	Kies veld	Choisir une case	Elegir campo	Scegli campo	Escolher campo	Wybierz pole	Alan seç	Обрати поле	칸 선택	マスを選ぶ	选择地块
Place your explorer.	Setze deinen Entdecker ein.	Placér din opdager.	Placera din upptäckare.	Plasser oppdageren din.	Plaats je ontdekker.	Place ton explorateur.	Coloca tu explorador.	Piazza il tuo esploratore.	Coloca o teu explorador.	Postaw swojego odkrywcę.	Kâşifini yerleştir.	Постав свого дослідника.	탐험가를 놓으세요.	探検家を置いてください。	放置你的探险者。
Tap a crossing next to one of your camps.	Tippe auf eine Kreuzung neben einem deiner Lager.	Tryk på et kryds ved siden af en af dine lejre.	Tryck på en korsning bredvid ett av dina läger.	Trykk på et kryss ved siden av en av leirene dine.	Tik op een kruising naast een van je kampen.	Touche une intersection à côté d’un de tes camps.	Toca un cruce junto a uno de tus campamentos.	Tocca un incrocio accanto a uno dei tuoi accampamenti.	Toca num cruzamento ao lado de um dos teus acampamentos.	Dotknij skrzyżowania obok jednego z twoich obozów.	Kamplarından birinin yanındaki bir kavşağa dokun.	Торкнись перехрестя поруч з одним із твоїх таборів.	내 캠프 옆의 교차점을 탭하세요.	自分のキャンプの隣の交差点をタップ。	点按你营地旁的一个路口。
Place a camp on a starting place in Africa.	Setze ein Lager auf einen Startplatz in Afrika.	Placér en lejr på en startplads i Afrika.	Placera ett läger på en startplats i Afrika.	Plasser en leir på en startplass i Afrika.	Plaats een kamp op een startplaats in Afrika.	Place un camp sur une place de départ en Afrique.	Coloca un campamento en un lugar de salida de África.	Piazza un accampamento su un posto di partenza in Africa.	Coloca um acampamento num local de partida em África.	Postaw obóz na miejscu startowym w Afryce.	Afrika’da bir başlangıç yerine kamp yerleştir.	Постав табір на стартове місце в Африці.	아프리카의 시작 위치에 캠프를 놓으세요.	アフリカの開始位置にキャンプを置いてください。	在非洲的起始位置放置一个营地。
Tap one of the glowing hands. You place 3 camps, then 1 explorer.	Tippe auf eine leuchtende Hand. Du setzt 3 Lager, dann 1 Entdecker.	Tryk på en af de lysende hænder. Du placerer 3 lejre og derefter 1 opdager.	Tryck på en av de lysande händerna. Du placerar 3 läger, sedan 1 upptäckare.	Trykk på en av de lysende hendene. Du plasserer 3 leirer, så 1 oppdager.	Tik op een van de oplichtende handen. Je plaatst 3 kampen en dan 1 ontdekker.	Touche l’une des mains lumineuses. Tu places 3 camps, puis 1 explorateur.	Toca una de las manos brillantes. Colocas 3 campamentos y luego 1 explorador.	Tocca una delle mani luminose. Piazzi 3 accampamenti, poi 1 esploratore.	Toca numa das mãos brilhantes. Colocas 3 acampamentos e depois 1 explorador.	Dotknij jednej ze świecących dłoni. Stawiasz 3 obozy, potem 1 odkrywcę.	Parlayan ellerden birine dokun. 3 kamp, sonra 1 kâşif yerleştirirsin.	Торкнись однієї зі світних долонь. Ти ставиш 3 табори, потім 1 дослідника.	빛나는 손바닥 중 하나를 탭하세요. 캠프 3개, 그다음 탐험가 1명을 놓습니다.	光る手形をタップ。キャンプ3つ、次に探検家1人を置きます。	点按发光的手印。先放3个营地，再放1名探险者。
Tap the explorer you want to move.	Tippe auf den Entdecker, den du bewegen willst.	Tryk på den opdager, du vil flytte.	Tryck på den upptäckare du vill flytta.	Trykk på oppdageren du vil flytte.	Tik op de ontdekker die je wilt verplaatsen.	Touche l’explorateur à déplacer.	Toca el explorador que quieres mover.	Tocca l’esploratore che vuoi muovere.	Toca no explorador que queres mover.	Dotknij odkrywcy, którego chcesz przesunąć.	Hareket ettirmek istediğin kâşife dokun.	Торкнись дослідника, якого хочеш перемістити.	움직일 탐험가를 탭하세요.	動かしたい探検家をタップ。	点按要移动的探险者。
Tap where the explorer should go.	Tippe dorthin, wo der Entdecker hin soll.	Tryk dér, hvor opdageren skal hen.	Tryck där upptäckaren ska gå.	Trykk dit oppdageren skal.	Tik waar de ontdekker heen moet.	Touche où l’explorateur doit aller.	Toca adonde debe ir el explorador.	Tocca dove deve andare l’esploratore.	Toca onde o explorador deve ir.	Dotknij miejsca, dokąd ma pójść odkrywca.	Kâşifin gideceği yere dokun.	Торкнись місця, куди має піти дослідник.	탐험가가 갈 곳을 탭하세요.	探検家の行き先をタップ。	点按探险者要去的位置。
Pay for the walk	Für den Weg bezahlen	Betal for turen	Betala för promenaden	Betal for turen	Betaal voor de tocht	Payer le déplacement	Pagar el trayecto	Paga lo spostamento	Pagar o percurso	Zapłać za wędrówkę	Yürüyüş için öde	Заплатити за прохід	이동 비용 지불	移動の支払い	支付行走费用
An explorer needs 1 fur or 1 meat to move.	Ein Entdecker braucht 1 Fell oder 1 Fleisch, um sich zu bewegen.	En opdager skal bruge 1 pels eller 1 kød for at flytte sig.	En upptäckare behöver 1 päls eller 1 kött för att röra sig.	En oppdager trenger 1 pels eller 1 kjøtt for å bevege seg.	Een ontdekker heeft 1 vacht of 1 vlees nodig om te bewegen.	Un explorateur a besoin de 1 fourrure ou 1 viande pour se déplacer.	Un explorador necesita 1 piel o 1 carne para moverse.	Un esploratore ha bisogno di 1 pelliccia o 1 carne per muoversi.	Um explorador precisa de 1 pele ou 1 carne para se mover.	Odkrywca potrzebuje 1 futra lub 1 mięsa, by się poruszyć.	Bir kâşif hareket etmek için 1 kürk veya 1 ete ihtiyaç duyar.	Досліднику потрібно 1 хутро або 1 м’ясо, щоб рухатись.	탐험가가 움직이려면 모피 1 또는 고기 1이 필요합니다.	探検家が動くには毛皮1か肉1が必要です。	探险者移动需要1毛皮或1肉。
Both explorers are on the board. Tap the one to take away.	Beide Entdecker stehen auf dem Spielplan. Tippe auf den, der weg soll.	Begge opdagere står på brættet. Tryk på den, der skal fjernes.	Båda upptäckarna står på brädet. Tryck på den som ska tas bort.	Begge oppdagerne står på brettet. Trykk på den som skal fjernes.	Beide ontdekkers staan op het bord. Tik op degene die weg moet.	Les deux explorateurs sont sur le plateau. Touche celui à retirer.	Los dos exploradores están en el tablero. Toca el que quieres retirar.	Entrambi gli esploratori sono sul tabellone. Tocca quello da togliere.	Os dois exploradores estão no tabuleiro. Toca naquele a retirar.	Obaj odkrywcy są na planszy. Dotknij tego, którego zdjąć.	İki kâşif de tahtada. Kaldırılacak olana dokun.	Обидва дослідники на полі. Торкнись того, якого прибрати.	탐험가 두 명이 모두 판 위에 있습니다. 치울 탐험가를 탭하세요.	探検家が2人とも盤上にいます。取り除く方をタップ。	两名探险者都在棋盘上。点按要取走的那一名。
Tap the explorer to turn into a camp.	Tippe auf den Entdecker, der zum Lager werden soll.	Tryk på den opdager, der skal blive til en lejr.	Tryck på upptäckaren som ska bli ett läger.	Trykk på oppdageren som skal bli en leir.	Tik op de ontdekker die een kamp moet worden.	Touche l’explorateur à transformer en camp.	Toca el explorador que se convertirá en campamento.	Tocca l’esploratore da trasformare in accampamento.	Toca no explorador que vai virar acampamento.	Dotknij odkrywcy, który ma zostać obozem.	Kampa dönüşecek kâşife dokun.	Торкнись дослідника, який стане табором.	캠프로 바꿀 탐험가를 탭하세요.	キャンプに変える探検家をタップ。	点按要变成营地的探险者。
You have all 6 camps out. Tap the camp to take back (Africa first).	Alle 6 Lager stehen draußen. Tippe auf das Lager, das du zurücknimmst (zuerst aus Afrika).	Alle 6 lejre er ude. Tryk på den lejr, du tager tilbage (først fra Afrika).	Alla 6 läger är ute. Tryck på lägret du tar tillbaka (först från Afrika).	Alle 6 leirene er ute. Trykk på leiren du tar tilbake (først fra Afrika).	Alle 6 kampen staan buiten. Tik op het kamp dat je terugneemt (eerst uit Afrika).	Tes 6 camps sont sur le plateau. Touche le camp à reprendre (d’abord en Afrique).	Tienes los 6 campamentos fuera. Toca el que recoges (primero de África).	Hai tutti e 6 gli accampamenti fuori. Tocca quello da riprendere (prima dall’Africa).	Tens os 6 acampamentos no tabuleiro. Toca naquele a recolher (primeiro de África).	Wszystkie 6 obozów stoi na planszy. Dotknij obozu do zdjęcia (najpierw z Afryki).	6 kampın da tahtada. Geri alacağın kampa dokun (önce Afrika’dakiler).	Усі 6 таборів на полі. Торкнись табору, який забереш (спершу з Африки).	캠프 6개가 모두 나와 있습니다. 거둘 캠프를 탭하세요(아프리카 우선).	6つのキャンプがすべて出ています。取り戻すキャンプをタップ（アフリカ優先）。	6个营地都已在场。点按要取回的营地（优先非洲）。
Tap a field for the {name}.	Tippe auf ein Feld für {name}.	Tryk på et felt til {name}.	Tryck på ett fält för {name}.	Trykk på et felt for {name}.	Tik op een veld voor {name}.	Touche une case pour {name}.	Toca un campo para {name}.	Tocca un campo per {name}.	Toca num campo para {name}.	Dotknij pola dla: {name}.	{name} için bir alana dokun.	Торкнись поля для: {name}.	{name}을(를) 놓을 칸을 탭하세요.	{name}を置くマスをタップ。	为{name}点按一个地块。
Fields in Europe and Asia	Felder in Europa und Asien	Felter i Europa og Asien	Fält i Europa och Asien	Felt i Europa og Asia	Velden in Europa en Azië	Cases d’Europe et d’Asie	Campos de Europa y Asia	Campi in Europa e Asia	Campos na Europa e Ásia	Pola w Europie i Azji	Avrupa ve Asya’daki alanlar	Поля в Європі та Азії	유럽과 아시아의 칸	ヨーロッパとアジアのマス	欧洲和亚洲的地块
Fields in America and Australia	Felder in Amerika und Australien	Felter i Amerika og Australien	Fält i Amerika och Australien	Felt i Amerika og Australia	Velden in Amerika en Australië	Cases d’Amérique et d’Australie	Campos de América y Australia	Campi in America e Australia	Campos na América e Austrália	Pola w Ameryce i Australii	Amerika ve Avustralya’daki alanlar	Поля в Америці та Австралії	아메리카와 오스트레일리아의 칸	アメリカとオーストラリアのマス	美洲和澳大利亚的地块
Leave them where they are	Sie lassen, wo sie sind	Lad dem blive, hvor de er	Låt dem stå kvar	La dem bli stående	Laat ze waar ze zijn	Les laisser où elles sont	Dejarlas donde están	Lasciarle dove sono	Deixá-las onde estão	Zostaw je, gdzie są	Olduğu yerde bırak	Залишити на місці	그대로 두기	そのままにする	保持原位
It stops the yields of its field. You take a card from a player with a camp next to it.	Sie blockiert die Erträge ihres Feldes. Du ziehst eine Karte von einem Spieler mit einem Lager daneben.	Den stopper udbyttet fra sit felt. Du tager et kort fra en spiller med en lejr ved siden af.	Det stoppar skörden från sitt fält. Du tar ett kort från en spelare med ett läger intill.	Den stopper utbyttet fra sitt felt. Du tar et kort fra en spiller med en leir ved siden av.	Het stopt de opbrengst van zijn veld. Je pakt een kaart van een speler met een kamp ernaast.	Elle bloque les gains de sa case. Tu prends une carte à un joueur ayant un camp à côté.	Bloquea la producción de su campo. Robas una carta a un jugador con un campamento adyacente.	Blocca i raccolti del suo campo. Prendi una carta da un giocatore con un accampamento adiacente.	Bloqueia a produção do seu campo. Tiras uma carta a um jogador com um acampamento adjacente.	Blokuje plony swojego pola. Bierzesz kartę od gracza z obozem obok.	Alanının ürününü engeller. Yanında kampı olan bir oyuncudan kart çekersin.	Вона блокує врожай свого поля. Ти береш карту в гравця з табором поруч.	그 칸의 수확을 막습니다. 옆에 캠프가 있는 플레이어에게서 카드를 1장 가져옵니다.	そのマスの収穫を止めます。隣接するキャンプを持つプレイヤーからカードを1枚奪います。	它会封锁所在地块的产出。你从相邻有营地的玩家那里拿一张牌。
Move the Neanderthal or the Saber-toothed tiger.	Versetze den Neandertaler oder den Säbelzahntiger.	Flyt neandertaleren eller sabeltigeren.	Flytta neandertalaren eller sabeltandstigern.	Flytt neandertaleren eller sabeltigeren.	Verplaats de neanderthaler of de sabeltandtijger.	Déplace le Néandertalien ou le tigre à dents de sabre.	Mueve al neandertal o al tigre dientes de sable.	Sposta il Neanderthal o la tigre dai denti a sciabola.	Move o Neandertal ou o tigre-dentes-de-sabre.	Przesuń neandertalczyka lub tygrysa szablozębnego.	Neandertal’i veya kılıç dişli kaplanı taşı.	Перемісти неандертальця або шаблезубого тигра.	네안데르탈인이나 검치호를 옮기세요.	ネアンデルタール人かサーベルタイガーを動かします。	移动尼安德特人或剑齿虎。
The roller moves the Neanderthal or the Saber-toothed tiger.	Der Würfler versetzt den Neandertaler oder den Säbelzahntiger.	Slåeren flytter neandertaleren eller sabeltigeren.	Slåren flyttar neandertalaren eller sabeltandstigern.	Kasteren flytter neandertaleren eller sabeltigeren.	De werper verplaatst de neanderthaler of de sabeltandtijger.	Le lanceur déplace le Néandertalien ou le tigre à dents de sabre.	Quien tira mueve al neandertal o al tigre dientes de sable.	Chi ha tirato sposta il Neanderthal o la tigre dai denti a sciabola.	Quem lançou move o Neandertal ou o tigre-dentes-de-sabre.	Rzucający przesuwa neandertalczyka lub tygrysa szablozębnego.	Zarı atan Neandertal’i veya kılıç dişli kaplanı taşır.	Той, хто кинув, переміщує неандертальця або шаблезубого тигра.	주사위를 굴린 사람이 네안데르탈인이나 검치호를 옮깁니다.	振った人がネアンデルタール人かサーベルタイガーを動かします。	掷骰者移动尼安德特人或剑齿虎。
+1 point	+1 Siegpunkt	+1 point	+1 poäng	+1 poeng	+1 punt	+1 point	+1 punto	+1 punto	+1 ponto	+1 punkt	+1 puan	+1 очко	+1점	+1点	+1分
Leave Africa, settle the world and collect 10 points. Everyone starts with 3 camps and 1 explorer in Africa.	Verlasse Afrika, besiedle die Welt und sammle 10 Siegpunkte. Alle starten in Afrika mit 3 Lagern und 1 Entdecker.	Forlad Afrika, bosæt verden og saml 10 point. Alle starter i Afrika med 3 lejre og 1 opdagelsesrejsende.	Lämna Afrika, bosätt världen och samla 10 poäng. Alla startar i Afrika med 3 läger och 1 upptäckare.	Forlat Afrika, bosett verden og samle 10 poeng. Alle starter i Afrika med 3 leirer og 1 oppdager.	Verlaat Afrika, bevolk de wereld en verzamel 10 punten. Iedereen begint in Afrika met 3 kampen en 1 ontdekker.	Quitte l’Afrique, peuple le monde et rassemble 10 points. Tout le monde commence en Afrique avec 3 camps et 1 explorateur.	Sal de África, puebla el mundo y reúne 10 puntos. Todos empiezan en África con 3 campamentos y 1 explorador.	Lascia l’Africa, popola il mondo e raccogli 10 punti. Tutti iniziano in Africa con 3 accampamenti e 1 esploratore.	Sai de África, povoa o mundo e junta 10 pontos. Todos começam em África com 3 acampamentos e 1 explorador.	Opuść Afrykę, zasiedl świat i zbierz 10 punktów. Wszyscy zaczynają w Afryce z 3 obozami i 1 odkrywcą.	Afrika’dan ayrıl, dünyaya yerleş ve 10 puan topla. Herkes Afrika’da 3 kamp ve 1 kâşifle başlar.	Залиш Африку, оселися по всьому світу й набери 10 очок. Усі починають в Африці з 3 таборами та 1 дослідником.	아프리카를 떠나 세상에 정착하고 10점을 모으세요. 모두 아프리카에서 캠프 3개와 탐험가 1명으로 시작합니다.	アフリカを出て世界に広がり、10点を集めよう。全員アフリカでキャンプ3つと探検家1人から始めます。	离开非洲，遍布世界，收集10分。每人从非洲出发，拥有3个营地和1名探险者。
Roll the dice for the yields.	Würfle die Erträge aus.	Slå terningerne for udbyttet.	Slå tärningarna för skörden.	Kast terningene for utbyttet.	Gooi de dobbelstenen voor de opbrengst.	Lance les dés pour les gains.	Tira los dados para la producción.	Tira i dadi per i raccolti.	Lança os dados para a produção.	Rzuć kośćmi, by wyłonić plony.	Ürünler için zarları at.	Кинь кубики, щоб визначити врожай.	수확을 정하려면 주사위를 굴리세요.	収穫を決めるためサイコロを振ろう。	掷骰子决定产出。
Camps harvest, explorers do not.	Lager bringen Erträge, Entdecker nicht.	Lejre giver udbytte, opdagere ikke.	Läger ger skörd, upptäckare inte.	Leirer gir utbytte, oppdagere ikke.	Kampen leveren op, ontdekkers niet.	Les camps rapportent, pas les explorateurs.	Los campamentos producen, los exploradores no.	Gli accampamenti producono, gli esploratori no.	Os acampamentos produzem, os exploradores não.	Obozy dają plony, odkrywcy nie.	Kamplar ürün verir, kâşifler vermez.	Табори дають врожай, дослідники — ні.	캠프는 수확하지만 탐험가는 하지 않습니다.	収穫するのはキャンプで、探検家は収穫しません。	营地有产出，探险者没有。
Every camp next to the field with the rolled number gets 1 card: Forest gives fur, wasteland bone, grassland meat, mountains flint.	Jedes Lager neben dem Feld mit der gewürfelten Zahl erhält 1 Karte: Wald gibt Fell, Ödland Knochen, Grasland Fleisch, Gebirge Feuerstein.	Hver lejr ved siden af feltet med det slåede tal får 1 kort: skov giver pels, ødemark knogle, græsland kød, bjerge flint.	Varje läger bredvid fältet med det slagna talet får 1 kort: skog ger päls, ödemark ben, gräsmark kött, berg flinta.	Hver leir ved siden av feltet med det kastede tallet får 1 kort: skog gir pels, ødemark bein, gressland kjøtt, fjell flint.	Elk kamp naast het veld met het gegooide getal krijgt 1 kaart: bos geeft vacht, woestenij bot, grasland vlees, gebergte vuursteen.	Chaque camp à côté de la case du numéro obtenu reçoit 1 carte : la forêt donne de la fourrure, les terres incultes des os, la prairie de la viande, la montagne du silex.	Cada campamento junto al campo con el número obtenido recibe 1 carta: bosque da piel, yermo hueso, pradera carne, montaña pedernal.	Ogni accampamento accanto al campo con il numero uscito riceve 1 carta: il bosco dà pelliccia, la terra arida osso, la prateria carne, la montagna selce.	Cada acampamento junto ao campo com o número lançado recebe 1 carta: floresta dá pele, terra árida osso, pradaria carne, montanha sílex.	Każdy obóz obok pola z wyrzuconą liczbą dostaje 1 kartę: las daje futro, pustkowie kość, łąki mięso, góry krzemień.	Atılan sayının alanının yanındaki her kamp 1 kart alır: orman kürk, çorak arazi kemik, çayır et, dağ çakmaktaşı verir.	Кожен табір біля поля з випалим числом отримує 1 карту: ліс дає хутро, пустка — кістку, луки — м’ясо, гори — кремінь.	나온 숫자의 칸 옆에 있는 캠프마다 카드 1장을 받습니다: 숲은 모피, 황무지는 뼈, 초원은 고기, 산은 부싯돌.	出た数字のマスに隣接するキャンプはそれぞれ1枚獲得：森は毛皮、荒れ地は骨、草原は肉、山は火打石。	与掷出数字的地块相邻的每个营地获得1张牌：森林给毛皮，荒地给骨头，草地给肉，山地给燧石。
Explorers walk along the paths.	Entdecker laufen entlang der Wege.	Opdagere går langs vejene.	Upptäckare går längs vägarna.	Oppdagere går langs veiene.	Ontdekkers lopen over de paden.	Les explorateurs suivent les chemins.	Los exploradores caminan por los caminos.	Gli esploratori camminano lungo i sentieri.	Os exploradores andam pelos caminhos.	Odkrywcy idą ścieżkami.	Kâşifler yollar boyunca yürür.	Дослідники ходять шляхами.	탐험가는 길을 따라 걷습니다.	探検家は道に沿って歩きます。	探险者沿道路行走。
1 fur or 1 meat lets an explorer walk up to 3 crossings. Tap the explorer, then the glowing crossing.	Mit 1 Fell oder 1 Fleisch geht ein Entdecker bis zu 3 Kreuzungen weit. Tippe auf den Entdecker, dann auf die leuchtende Kreuzung.	Med 1 pels eller 1 kød går en opdager op til 3 kryds. Tryk på opdageren og derefter på det lysende kryds.	Med 1 päls eller 1 kött går en upptäckare upp till 3 korsningar. Tryck på upptäckaren och sedan på den lysande korsningen.	Med 1 pels eller 1 kjøtt går en oppdager opptil 3 kryss. Trykk på oppdageren og så på det lysende krysset.	Met 1 vacht of 1 vlees loopt een ontdekker tot 3 kruisingen ver. Tik op de ontdekker en daarna op de oplichtende kruising.	Avec 1 fourrure ou 1 viande, un explorateur va jusqu’à 3 intersections. Touche l’explorateur, puis l’intersection lumineuse.	Con 1 piel o 1 carne, un explorador camina hasta 3 cruces. Toca el explorador y luego el cruce brillante.	Con 1 pelliccia o 1 carne un esploratore fa fino a 3 incroci. Tocca l’esploratore, poi l’incrocio luminoso.	Com 1 pele ou 1 carne, um explorador anda até 3 cruzamentos. Toca no explorador e depois no cruzamento brilhante.	Za 1 futro lub 1 mięso odkrywca idzie do 3 skrzyżowań. Dotknij odkrywcy, potem świecącego skrzyżowania.	1 kürk veya 1 et ile bir kâşif 3 kavşağa kadar yürür. Kâşife, sonra parlayan kavşağa dokun.	За 1 хутро або 1 м’ясо дослідник іде до 3 перехресть. Торкнись дослідника, потім світного перехрестя.	모피 1 또는 고기 1로 탐험가는 교차점을 최대 3개 걷습니다. 탐험가를 탭한 다음 빛나는 교차점을 탭하세요.	毛皮1か肉1で、探検家は最大3か所の交差点を歩けます。探検家、次に光る交差点をタップ。	花1毛皮或1肉，探险者最多可走3个路口。先点按探险者，再点按发光的路口。
The African border blocks the strait.	Die Afrikanische Grenze sperrt die Meerenge.	Den afrikanske grænse spærrer strædet.	Den afrikanska gränsen spärrar sundet.	Den afrikanske grensen sperrer sundet.	De Afrikaanse grens sluit de zeestraat af.	La frontière africaine ferme le détroit.	La frontera africana cierra el estrecho.	Il confine africano blocca lo stretto.	A fronteira africana bloqueia o estreito.	Granica afrykańska zamyka cieśninę.	Afrika sınırı boğazı kapatır.	Африканський кордон перекриває протоку.	아프리카 경계가 해협을 막습니다.	アフリカ国境が海峡をふさぎます。	非洲边界封住了海峡。
Explorers cannot cross the dashed line. You walk around the field with the 2 on the coast.	Entdecker können die gestrichelte Linie nicht überqueren. Du läufst am Feld mit der 2 an der Küste vorbei.	Opdagere kan ikke krydse den stiplede linje. Du går uden om feltet med 2-tallet ved kysten.	Upptäckare kan inte korsa den streckade linjen. Du går förbi fältet med 2:an vid kusten.	Oppdagere kan ikke krysse den stiplede linjen. Du går forbi feltet med 2-tallet ved kysten.	Ontdekkers kunnen de stippellijn niet oversteken. Je loopt langs het veld met de 2 aan de kust.	Les explorateurs ne peuvent pas franchir la ligne pointillée. Tu contournes la case du 2 sur la côte.	Los exploradores no pueden cruzar la línea discontinua. Rodeas el campo del 2 en la costa.	Gli esploratori non possono attraversare la linea tratteggiata. Aggiri il campo con il 2 sulla costa.	Os exploradores não podem atravessar a linha tracejada. Contornas o campo do 2 na costa.	Odkrywcy nie mogą przekroczyć linii przerywanej. Obchodzisz pole z 2 na wybrzeżu.	Kâşifler kesikli çizgiyi geçemez. Kıyıdaki 2’li alanın yanından dolaşırsın.	Дослідники не можуть перетнути пунктирну лінію. Ти обходиш поле з двійкою на узбережжі.	탐험가는 점선을 넘을 수 없습니다. 해안의 2번 칸을 돌아서 갑니다.	探検家は破線を越えられません。海岸の2のマスを回り込みます。	探险者无法越过虚线。你需要绕过海岸边带2的地块。
New camps only on camp sites.	Neue Lager nur auf Lagerplätzen.	Nye lejre kun på lejrpladser.	Nya läger bara på lägerplatser.	Nye leirer bare på leirplasser.	Nieuwe kampen alleen op kampplaatsen.	De nouveaux camps seulement sur des emplacements.	Nuevos campamentos solo en lugares de campamento.	Nuovi accampamenti solo sui luoghi di accampamento.	Novos acampamentos só em locais de acampamento.	Nowe obozy tylko na miejscach pod obóz.	Yeni kamplar yalnızca kamp yerlerinde.	Нові табори лише на місцях для табору.	새 캠프는 캠프 터에만.	新しいキャンプはキャンプ地にのみ。	新营地只能建在营地处。
Your explorer reached a free crossing with a camp site tile. Turn it into a camp: 1 fur, 1 bone, 1 flint. Tap the explorer.	Dein Entdecker hat eine freie Kreuzung mit Lagerplatz-Plättchen erreicht. Wandle ihn in ein Lager um: 1 Fell, 1 Knochen, 1 Feuerstein. Tippe auf den Entdecker.	Din opdager nåede et frit kryds med en lejrplads-brik. Lav den om til en lejr: 1 pels, 1 knogle, 1 flint. Tryk på opdageren.	Din upptäckare nådde en ledig korsning med lägerplatsbricka. Gör den till ett läger: 1 päls, 1 ben, 1 flinta. Tryck på upptäckaren.	Oppdageren din nådde et ledig kryss med leirplassbrikke. Gjør den om til en leir: 1 pels, 1 bein, 1 flint. Trykk på oppdageren.	Je ontdekker heeft een vrije kruising met kampplaatstegel bereikt. Zet hem om in een kamp: 1 vacht, 1 bot, 1 vuursteen. Tik op de ontdekker.	Ton explorateur a atteint une intersection libre avec une tuile d’emplacement. Transforme-le en camp : 1 fourrure, 1 os, 1 silex. Touche l’explorateur.	Tu explorador llegó a un cruce libre con ficha de lugar de campamento. Conviértelo en campamento: 1 piel, 1 hueso, 1 pedernal. Toca el explorador.	Il tuo esploratore ha raggiunto un incrocio libero con una tessera luogo di accampamento. Trasformalo in accampamento: 1 pelliccia, 1 osso, 1 selce. Tocca l’esploratore.	O teu explorador chegou a um cruzamento livre com ficha de local de acampamento. Transforma-o em acampamento: 1 pele, 1 osso, 1 sílex. Toca no explorador.	Twój odkrywca dotarł do wolnego skrzyżowania z żetonem miejsca na obóz. Zamień go w obóz: 1 futro, 1 kość, 1 krzemień. Dotknij odkrywcy.	Kâşifin, kamp yeri karolu boş bir kavşağa ulaştı. Onu kampa dönüştür: 1 kürk, 1 kemik, 1 çakmaktaşı. Kâşife dokun.	Твій дослідник досяг вільного перехрестя з жетоном місця для табору. Перетвори його на табір: 1 хутро, 1 кістка, 1 кремінь. Торкнись дослідника.	탐험가가 캠프 터 타일이 있는 빈 교차점에 도착했습니다. 캠프로 바꾸세요: 모피 1, 뼈 1, 부싯돌 1. 탐험가를 탭하세요.	探検家がキャンプ地タイルのある空き交差点に着きました。キャンプに変えましょう：毛皮1、骨1、火打石1。探検家をタップ。	你的探险者到达了有营地板块的空路口。把它变成营地：1毛皮、1骨头、1燧石。点按探险者。
Points come from tiles and markers.	Punkte gibt es für Plättchen und Marker.	Point kommer fra brikker og markører.	Poäng kommer från brickor och markörer.	Poeng kommer fra brikker og markører.	Punten komen van tegels en markers.	Les points viennent des tuiles et des marqueurs.	Los puntos vienen de fichas y marcadores.	I punti vengono da tessere e segnalini.	Os pontos vêm de fichas e marcadores.	Punkty dają żetony i znaczniki.	Puanlar karolardan ve işaretlerden gelir.	Очки дають жетони й маркери.	점수는 타일과 마커에서 나옵니다.	得点はタイルとマーカーから。	分数来自板块和标记。
A camp on the board is worth nothing. The camp site tile in front of you scores 1 point. Tiles of all 4 colours: Collector +1, the first one gets Fastest Collector +2.	Ein Lager auf dem Spielplan zählt nichts. Das Lagerplatz-Plättchen vor dir bringt 1 Siegpunkt. Plättchen aller 4 Farben: Sammler +1, der Erste erhält Schnellster Sammler +2.	En lejr på brættet er intet værd. Lejrplads-brikken foran dig giver 1 point. Brikker i alle 4 farver: samler +1, den første får hurtigste samler +2.	Ett läger på brädet är värt ingenting. Lägerplatsbrickan framför dig ger 1 poäng. Brickor i alla 4 färger: samlare +1, den första får snabbaste samlare +2.	En leir på brettet er verdt ingenting. Leirplassbrikken foran deg gir 1 poeng. Brikker i alle 4 farger: samler +1, den første får raskeste samler +2.	Een kamp op het bord is niets waard. De kampplaatstegel voor je levert 1 punt op. Tegels van alle 4 kleuren: verzamelaar +1, de eerste krijgt snelste verzamelaar +2.	Un camp sur le plateau ne vaut rien. La tuile d’emplacement devant toi rapporte 1 point. Tuiles des 4 couleurs : collectionneur +1, le premier prend collectionneur le plus rapide +2.	Un campamento en el tablero no vale nada. La ficha de lugar delante de ti da 1 punto. Fichas de los 4 colores: coleccionista +1, el primero recibe coleccionista más rápido +2.	Un accampamento sul tabellone non vale nulla. La tessera luogo davanti a te vale 1 punto. Tessere di tutti e 4 i colori: collezionista +1, il primo prende collezionista più veloce +2.	Um acampamento no tabuleiro não vale nada. A ficha de local à tua frente vale 1 ponto. Fichas das 4 cores: colecionador +1, o primeiro fica com colecionador mais rápido +2.	Obóz na planszy nic nie jest wart. Żeton miejsca na obóz przed tobą daje 1 punkt. Żetony wszystkich 4 kolorów: kolekcjoner +1, pierwszy dostaje najszybszego kolekcjonera +2.	Tahtadaki kamp hiçbir şey değerinde değildir. Önündeki kamp yeri karosu 1 puan getirir. 4 rengin karoları: koleksiyoncu +1, ilk olan en hızlı koleksiyoncu +2 alır.	Табір на полі нічого не вартий. Жетон місця для табору перед тобою дає 1 очко. Жетони всіх 4 кольорів: колекціонер +1, перший отримує найшвидшого колекціонера +2.	판 위의 캠프는 점수가 없습니다. 앞에 놓인 캠프 터 타일은 1점입니다. 4가지 색을 모두 모으면 수집가 +1, 가장 먼저 모은 사람은 가장 빠른 수집가 +2.	盤上のキャンプは得点になりません。手元のキャンプ地タイルが1点。4色すべて集めるとコレクター+1、最初の人は最速コレクター+2。	棋盘上的营地不值分。你面前的营地板块值1分。集齐4种颜色：收集者+1，第一个集齐者获得最快收集者+2。
Clothing and Construction open discovery fields, Food lets explorers walk 1 crossing further per level, Hunting moves a threat. Level 1 costs flint, 2 bone, 3 bone and flint, 4 meat, bone and flint.	Kleidung und Konstruktion öffnen Entdeckungsfelder, Nahrung lässt Entdecker je Stufe 1 Kreuzung weiter gehen, Jagd versetzt eine Bedrohung. Stufe 1 kostet Feuerstein, 2 Knochen, 3 Knochen und Feuerstein, 4 Fleisch, Knochen und Feuerstein.	Beklædning og konstruktion åbner opdagelsesfelter, føde lader opdagere gå 1 kryds længere pr. trin, jagt flytter en trussel. Trin 1 koster flint, 2 knogle, 3 knogle og flint, 4 kød, knogle og flint.	Kläder och konstruktion öppnar upptäcktsfält, föda låter upptäckare gå 1 korsning längre per nivå, jakt flyttar ett hot. Nivå 1 kostar flinta, 2 ben, 3 ben och flinta, 4 kött, ben och flinta.	Klær og konstruksjon åpner oppdagelsesfelt, mat lar oppdagere gå 1 kryss lenger per nivå, jakt flytter en trussel. Nivå 1 koster flint, 2 bein, 3 bein og flint, 4 kjøtt, bein og flint.	Kleding en constructie openen ontdekkingsvelden, voedsel laat ontdekkers per niveau 1 kruising verder lopen, jacht verplaatst een bedreiging. Niveau 1 kost vuursteen, 2 bot, 3 bot en vuursteen, 4 vlees, bot en vuursteen.	Vêtements et construction ouvrent les cases découverte, la nourriture fait avancer les explorateurs d’1 intersection de plus par niveau, la chasse déplace une menace. Niveau 1 : silex, 2 : os, 3 : os et silex, 4 : viande, os et silex.	Vestimenta y construcción abren los campos de descubrimiento, el alimento hace que los exploradores lleguen 1 cruce más lejos por nivel, la caza mueve una amenaza. Nivel 1: pedernal, 2: hueso, 3: hueso y pedernal, 4: carne, hueso y pedernal.	Abbigliamento e costruzione aprono i campi scoperta, il cibo porta gli esploratori 1 incrocio più lontano per livello, la caccia sposta una minaccia. Livello 1: selce, 2: osso, 3: osso e selce, 4: carne, osso e selce.	Vestuário e construção abrem os campos de descoberta, o alimento leva os exploradores 1 cruzamento mais longe por nível, a caça move uma ameaça. Nível 1: sílex, 2: osso, 3: osso e sílex, 4: carne, osso e sílex.	Odzież i budownictwo otwierają pola odkryć, pożywienie zwiększa zasięg odkrywców o 1 skrzyżowanie na poziom, polowanie przesuwa zagrożenie. Poziom 1 kosztuje krzemień, 2 kość, 3 kość i krzemień, 4 mięso, kość i krzemień.	Giyim ve inşaat keşif alanlarını açar, beslenme her seviyede kâşifleri 1 kavşak daha ileri götürür, av bir tehdidi taşır. 1. seviye çakmaktaşı, 2. kemik, 3. kemik ve çakmaktaşı, 4. et, kemik ve çakmaktaşı tutar.	Одяг і будівництво відкривають поля відкриття, їжа з кожним рівнем дає досліднику ще 1 перехрестя, полювання переміщує загрозу. Рівень 1 коштує кремінь, 2 — кістку, 3 — кістку й кремінь, 4 — м’ясо, кістку й кремінь.	의복과 건축은 발견 칸을 열고, 식량은 단계마다 탐험가가 교차점 1개 더 가게 하며, 사냥은 위협을 옮깁니다. 1단계는 부싯돌, 2단계는 뼈, 3단계는 뼈와 부싯돌, 4단계는 고기·뼈·부싯돌입니다.	衣服と建築は発見マスを開き、食料はレベルごとに探検家が交差点1つ分遠くへ歩け、狩りは脅威を動かします。レベル1は火打石、2は骨、3は骨と火打石、4は肉・骨・火打石。	服装和建筑开启发现格，食物让探险者每级多走1个路口，狩猎可移动威胁。等级1花费燧石，2骨头，3骨头加燧石，4肉、骨头加燧石。
Clothing 1/4	Kleidung 1/4	Beklædning 1/4	Kläder 1/4	Klær 1/4	Kleding 1/4	Vêtements 1/4	Vestimenta 1/4	Abbigliamento 1/4	Vestuário 1/4	Odzież 1/4	Giyim 1/4	Одяг 1/4	의복 1/4	衣服 1/4	服装 1/4
The first to reach level 4 takes the track marker.	Wer zuerst Stufe 4 erreicht, erhält den Fortschritts-Siegpunkt-Marker.	Den første på trin 4 tager sporets markør.	Den första på nivå 4 tar spårets markör.	Den første på nivå 4 tar sporets markør.	Wie als eerste niveau 4 bereikt, neemt de markers van het spoor.	Le premier au niveau 4 prend le marqueur de la piste.	El primero en el nivel 4 toma el marcador de la barra.	Il primo al livello 4 prende il segnalino della barra.	O primeiro no nível 4 fica com o marcador da barra.	Kto pierwszy osiągnie poziom 4, bierze znacznik ścieżki.	4. seviyeye ilk ulaşan sütunun işaretini alır.	Хто першим досягне рівня 4, бере маркер шкали.	4단계에 처음 도달한 사람이 트랙 마커를 가집니다.	レベル4に最初に到達した人がトラックのマーカーを得ます。	第一个到达等级4的人获得该轨道的标记。
It is worth 1 point and nobody can take it away.	Er zählt 1 Siegpunkt und kann nicht mehr weggenommen werden.	Den er 1 point værd, og ingen kan tage den fra dig.	Den är värd 1 poäng och ingen kan ta den ifrån dig.	Den er verdt 1 poeng, og ingen kan ta den fra deg.	Hij is 1 punt waard en niemand kan hem meer afnemen.	Il vaut 1 point et personne ne peut te le prendre.	Vale 1 punto y nadie puede quitártelo.	Vale 1 punto e nessuno può portartelo via.	Vale 1 ponto e ninguém to pode tirar.	Jest wart 1 punkt i nikt go nie odbierze.	1 puan değerindedir ve kimse onu alamaz.	Він вартий 1 очка, і ніхто його не забере.	1점이며 아무도 빼앗을 수 없습니다.	1点で、誰にも奪われません。	它值1分，且无人能夺走。
Discovery fields.	Entdeckungsfelder.	Opdagelsesfelter.	Upptäcktsfält.	Oppdagelsesfelt.	Ontdekkingsvelden.	Cases découverte.	Campos de descubrimiento.	Campi scoperta.	Campos de descoberta.	Pola odkryć.	Keşif alanları.	Поля відкриття.	발견 칸.	発見マス。	发现格。
The brown and pale badges show the levels you need: here Clothing 1 and Construction 2. Whoever first walks onto or over the field takes its tile.	Das braune und das helle Symbol zeigen die nötigen Stufen: hier Kleidung 1 und Konstruktion 2. Wer als Erster auf oder über das Feld zieht, erhält das Plättchen.	Det brune og det lyse mærke viser de nødvendige trin: her beklædning 1 og konstruktion 2. Den første, der går på eller over feltet, får brikken.	Den bruna och den ljusa symbolen visar nivåerna som krävs: här kläder 1 och konstruktion 2. Den första som går på eller över fältet får brickan.	Det brune og det lyse merket viser nødvendige nivåer: her klær 1 og konstruksjon 2. Den første som går på eller over feltet får brikken.	De bruine en de lichte badge tonen de benodigde niveaus: hier kleding 1 en constructie 2. Wie als eerste op of over het veld loopt, krijgt de tegel.	Les pastilles brune et claire indiquent les niveaux requis : ici vêtements 1 et construction 2. Le premier à s’y arrêter ou à le traverser prend la tuile.	Las insignias marrón y clara muestran los niveles necesarios: aquí vestimenta 1 y construcción 2. El primero que pase por el campo o se detenga en él se queda la ficha.	I simboli marrone e chiaro mostrano i livelli necessari: qui abbigliamento 1 e costruzione 2. Il primo che si ferma o passa sul campo prende la tessera.	Os símbolos castanho e claro mostram os níveis necessários: aqui vestuário 1 e construção 2. O primeiro que passa ou pára no campo fica com a ficha.	Brązowa i jasna plakietka pokazują wymagane poziomy: tu odzież 1 i budownictwo 2. Kto pierwszy wejdzie na pole lub przejdzie przez nie, bierze żeton.	Kahverengi ve açık rozetler gereken seviyeleri gösterir: burada giyim 1 ve inşaat 2. Alana veya üzerinden ilk geçen karoyu alır.	Коричневий і світлий значки показують потрібні рівні: тут одяг 1 і будівництво 2. Хто першим зайде на поле чи пройде через нього, бере жетон.	갈색과 연한 배지가 필요한 단계를 보여 줍니다: 여기서는 의복 1과 건축 2. 처음으로 그 칸 위에 서거나 지나간 사람이 타일을 가집니다.	茶色と淡い色のバッジが必要なレベルを示します：ここでは衣服1と建築2。最初にそのマスに止まるか通過した人がタイルを得ます。	棕色和浅色徽章显示所需等级：这里是服装1和建筑2。第一个停在或经过该格的人获得板块。
Every tile hides something.	Jedes Plättchen verbirgt etwas.	Hver brik skjuler noget.	Varje bricka gömmer något.	Hver brikke skjuler noe.	Elke tegel verbergt iets.	Chaque tuile cache quelque chose.	Cada ficha esconde algo.	Ogni tessera nasconde qualcosa.	Cada ficha esconde algo.	Każdy żeton coś skrywa.	Her karo bir şey saklar.	Кожен жетон щось ховає.	모든 타일에는 무언가가 숨어 있습니다.	どのタイルにも何かが隠れています。	每块板块都藏着东西。
Hunting luck: the hunting marker of the region (+1 point). Desertification: a number chip of that landscape is removed in Africa. A threat: you move the Neanderthal or the Saber-toothed tiger.	Jagdglück: der Jagd-Siegpunkt-Marker der Region (+1 Siegpunkt). Verödung: In Afrika wird ein Zahlenchip dieser Landschaft entfernt. Bedrohung: Du versetzt den Neandertaler oder den Säbelzahntiger.	Jagtlykke: regionens jagtmarkør (+1 point). Ørkendannelse: en talbrik af det landskab fjernes i Afrika. En trussel: du flytter neandertaleren eller sabeltigeren.	Jaktlycka: regionens jaktmarkör (+1 poäng). Utarmning: en sifferbricka av det landskapet tas bort i Afrika. Ett hot: du flyttar neandertalaren eller sabeltandstigern.	Jaktlykke: regionens jaktmarkør (+1 poeng). Ørkenspredning: en tallbrikke av det landskapet fjernes i Afrika. En trussel: du flytter neandertaleren eller sabeltigeren.	Jachtgeluk: de jachtmarker van de regio (+1 punt). Verwoestijning: in Afrika wordt een getallenchip van dat landschap verwijderd. Een bedreiging: je verplaatst de neanderthaler of de sabeltandtijger.	Chance de chasse : le marqueur de chasse de la région (+1 point). Désertification : un jeton numéro de ce paysage est retiré en Afrique. Une menace : tu déplaces le Néandertalien ou le tigre à dents de sabre.	Suerte de caza: el marcador de caza de la región (+1 punto). Desertificación: se retira en África una ficha numérica de ese paisaje. Una amenaza: mueves al neandertal o al tigre dientes de sable.	Fortuna di caccia: il segnalino caccia della regione (+1 punto). Desertificazione: in Africa viene tolto un segnalino numero di quel paesaggio. Una minaccia: sposti il Neanderthal o la tigre dai denti a sciabola.	Sorte na caça: o marcador de caça da região (+1 ponto). Desertificação: retira-se em África uma ficha numérica dessa paisagem. Uma ameaça: moves o Neandertal ou o tigre-dentes-de-sabre.	Szczęście łowieckie: znacznik polowania regionu (+1 punkt). Pustynnienie: w Afryce usuwa się żeton liczby tego krajobrazu. Zagrożenie: przesuwasz neandertalczyka lub tygrysa szablozębnego.	Av şansı: bölgenin av işareti (+1 puan). Çölleşme: Afrika’da o manzaranın bir sayı çipi kaldırılır. Tehdit: Neandertal’i veya kılıç dişli kaplanı taşırsın.	Мисливська удача: маркер полювання регіону (+1 очко). Спустошення: в Африці прибирають числовий жетон цього ландшафту. Загроза: ти переміщуєш неандертальця або шаблезубого тигра.	사냥 운: 그 지역의 사냥 마커(+1점). 황폐화: 아프리카에서 그 지형의 숫자 칩 하나가 제거됩니다. 위협: 네안데르탈인이나 검치호를 옮깁니다.	狩りの幸運：その地域の狩りマーカー（+1点）。荒廃：アフリカでその地形の数字チップが1つ取り除かれます。脅威：ネアンデルタール人かサーベルタイガーを動かします。	狩猎好运：该地区的狩猎标记（+1分）。荒漠化：移除非洲一个该地形的数字筹码。威胁：你移动尼安德特人或剑齿虎。
A 7 stirs the threats.	Eine 7 weckt die Bedrohungen.	Et 7 vækker truslerne.	En 7:a väcker hoten.	En 7 vekker truslene.	Een 7 wekt de bedreigingen.	Un 7 réveille les menaces.	Un 7 despierta las amenazas.	Un 7 risveglia le minacce.	Um 7 desperta as ameaças.	Siódemka budzi zagrożenia.	7 tehditleri uyandırır.	Сімка будить загрози.	7은 위협을 깨웁니다.	7は脅威を目覚めさせます。	7会唤醒威胁。
Nobody receives anything. Players with more than 7 cards discard half. Then the roller moves a threat onto a field and steals a card.	Niemand erhält Erträge. Wer mehr als 7 Karten hat, gibt die Hälfte ab. Dann versetzt der Würfler eine Bedrohung auf ein Feld und zieht eine Karte.	Ingen får noget. Spillere med over 7 kort afleverer halvdelen. Så flytter slåeren en trussel til et felt og stjæler et kort.	Ingen får något. Spelare med över 7 kort lämnar halva. Sedan flyttar slåren ett hot till ett fält och stjäl ett kort.	Ingen får noe. Spillere med over 7 kort leverer halvparten. Så flytter kasteren en trussel til et felt og stjeler et kort.	Niemand krijgt iets. Spelers met meer dan 7 kaarten leggen de helft af. Daarna verplaatst de werper een bedreiging naar een veld en steelt een kaart.	Personne ne reçoit rien. Qui a plus de 7 cartes en défausse la moitié. Puis le lanceur place une menace sur une case et vole une carte.	Nadie recibe nada. Quien tenga más de 7 cartas descarta la mitad. Luego quien tira mueve una amenaza a un campo y roba una carta.	Nessuno riceve nulla. Chi ha più di 7 carte ne scarta metà. Poi chi ha tirato sposta una minaccia su un campo e ruba una carta.	Ninguém recebe nada. Quem tem mais de 7 cartas descarta metade. Depois quem lançou move uma ameaça para um campo e rouba uma carta.	Nikt nic nie dostaje. Kto ma więcej niż 7 kart, oddaje połowę. Potem rzucający przesuwa zagrożenie na pole i kradnie kartę.	Kimse bir şey almaz. 7’den fazla kartı olan yarısını atar. Sonra zarı atan bir tehdidi bir alana taşır ve bir kart çalar.	Ніхто нічого не отримує. Хто має понад 7 карт, скидає половину. Потім той, хто кинув, ставить загрозу на поле й краде карту.	아무도 받지 못합니다. 카드가 7장을 넘는 사람은 절반을 버립니다. 그다음 주사위를 굴린 사람이 위협을 칸에 옮기고 카드를 1장 훔칩니다.	誰も何も受け取れません。8枚以上持つ人は半分を捨てます。その後、振った人が脅威をマスに動かし、カードを1枚奪います。	无人获得任何东西。手牌超过7张的人弃掉一半。然后掷骰者把威胁移到某地块并偷一张牌。
The Neanderthal blocks its field.	Der Neandertaler blockiert sein Feld.	Neandertaleren blokerer sit felt.	Neandertalaren blockerar sitt fält.	Neandertaleren blokkerer feltet sitt.	De neanderthaler blokkeert zijn veld.	Le Néandertalien bloque sa case.	El neandertal bloquea su campo.	Il Neanderthal blocca il suo campo.	O Neandertal bloqueia o seu campo.	Neandertalczyk blokuje swoje pole.	Neandertal alanını engeller.	Неандерталець блокує своє поле.	네안데르탈인이 자기 칸을 막습니다.	ネアンデルタール人は自分のマスをふさぎます。	尼安德特人封锁了所在地块。
It stays in Europe and Asia (the Saber-toothed tiger in America and Australia). The field gives nothing, and you steal a card from a neighbour.	Er bleibt in Europa und Asien (der Säbelzahntiger in Amerika und Australien). Das Feld bringt nichts, und du ziehst eine Karte von einem Nachbarn.	Han bliver i Europa og Asien (sabeltigeren i Amerika og Australien). Feltet giver intet, og du stjæler et kort fra en nabo.	Han stannar i Europa och Asien (sabeltandstigern i Amerika och Australien). Fältet ger inget och du stjäl ett kort från en granne.	Han blir i Europa og Asia (sabeltigeren i Amerika og Australia). Feltet gir ingenting, og du stjeler et kort fra en nabo.	Hij blijft in Europa en Azië (de sabeltandtijger in Amerika en Australië). Het veld levert niets op en je steelt een kaart van een buur.	Il reste en Europe et en Asie (le tigre en Amérique et en Australie). La case ne rapporte rien et tu voles une carte à un voisin.	Se queda en Europa y Asia (el tigre en América y Australia). El campo no da nada y robas una carta a un vecino.	Resta in Europa e Asia (la tigre in America e Australia). Il campo non dà nulla e rubi una carta a un vicino.	Fica na Europa e Ásia (o tigre na América e Austrália). O campo não dá nada e roubas uma carta a um vizinho.	Zostaje w Europie i Azji (tygrys w Ameryce i Australii). Pole nic nie daje, a ty kradniesz kartę sąsiadowi.	Avrupa ve Asya’da kalır (kaplan Amerika ve Avustralya’da). Alan hiçbir şey vermez ve bir komşudan kart çalarsın.	Він лишається в Європі та Азії (тигр — в Америці та Австралії). Поле нічого не дає, а ти крадеш карту в сусіда.	그는 유럽과 아시아에만 머뭅니다(검치호는 아메리카와 오스트레일리아). 그 칸은 수확이 없고, 이웃에게서 카드를 1장 훔칩니다.	彼はヨーロッパとアジアに留まります（サーベルタイガーはアメリカとオーストラリア）。そのマスは何も生まず、隣のプレイヤーからカードを1枚奪います。	它只待在欧洲和亚洲（剑齿虎在美洲和澳大利亚）。该地块无产出，你从邻居那里偷一张牌。
Trade for what you need.	Tausche, was du brauchst.	Byt til det, du har brug for.	Byt till det du behöver.	Bytt til det du trenger.	Ruil wat je nodig hebt.	Échange ce dont tu as besoin.	Comercia lo que necesitas.	Scambia ciò che ti serve.	Troca o que precisas.	Wymieniaj to, czego potrzebujesz.	İhtiyacın olanı takas et.	Обмінюй те, що тобі потрібно.	필요한 것을 교환하세요.	必要なものを交換しよう。	交换你需要的东西。
3 equal cards for 1 card of your choice. Players trade only with the player whose turn it is.	3 gleiche Karten gegen 1 beliebige. Mitspieler tauschen nur mit dem Spieler, der an der Reihe ist.	3 ens kort for 1 valgfrit kort. Spillere handler kun med den, hvis tur det er.	3 lika kort mot 1 valfritt kort. Spelare byter bara med spelaren vars tur det är.	3 like kort mot 1 valgfritt kort. Spillere bytter bare med spilleren som har tur.	3 gelijke kaarten voor 1 kaart naar keuze. Spelers ruilen alleen met de speler die aan de beurt is.	3 cartes identiques contre 1 carte au choix. Les joueurs n’échangent qu’avec le joueur dont c’est le tour.	3 cartas iguales por 1 a tu elección. Los jugadores solo comercian con quien tiene el turno.	3 carte uguali per 1 a scelta. I giocatori scambiano solo con il giocatore di turno.	3 cartas iguais por 1 à escolha. Os jogadores só trocam com quem tem o turno.	3 takie same karty za 1 dowolną. Gracze handlują tylko z graczem, który ma turę.	3 aynı kart karşılığında istediğin 1 kart. Oyuncular yalnızca sırası gelen oyuncuyla takas yapar.	3 однакові карти за 1 будь-яку. Гравці торгують лише з тим, чий зараз хід.	같은 카드 3장을 원하는 카드 1장으로 바꿉니다. 다른 플레이어는 차례인 플레이어와만 교환합니다.	同じカード3枚を好きな1枚と交換。他のプレイヤーは手番のプレイヤーとだけ交換できます。	3张相同的牌换1张任意牌。其他玩家只能与当前回合的玩家交易。
Camp site tiles, hunting markers, track markers and the special awards count. The game ends at once when you reach 10 on your turn.	Lagerplatz-Plättchen, Jagd-Siegpunkt-Marker, Fortschritts-Marker und die Sondersiegpunkt-Marker zählen. Das Spiel endet sofort, wenn du in deinem Zug 10 Siegpunkte erreichst.	Lejrplads-brikker, jagtmarkører, sporsmarkører og de særlige markører tæller. Spillet slutter med det samme, når du når 10 point i din tur.	Lägerplatsbrickor, jaktmarkörer, spårmarkörer och specialmarkörerna räknas. Spelet slutar direkt när du når 10 poäng på din tur.	Leirplassbrikker, jaktmarkører, sporsmarkører og spesialmarkørene teller. Spillet slutter med en gang du når 10 poeng i din runde.	Kampplaatstegels, jachtmarkers, spoormarkers en de speciale markers tellen. Het spel eindigt meteen als je in je beurt 10 punten bereikt.	Les tuiles d’emplacement, marqueurs de chasse, marqueurs de progrès et marqueurs spéciaux comptent. La partie s’arrête aussitôt que tu atteins 10 points pendant ton tour.	Cuentan las fichas de lugar, los marcadores de caza, de progreso y los especiales. La partida termina al instante cuando alcanzas 10 en tu turno.	Contano le tessere luogo, i segnalini caccia, progresso e speciali. La partita finisce subito quando raggiungi 10 nel tuo turno.	Contam as fichas de local, os marcadores de caça, de progresso e os especiais. O jogo termina logo que atinges 10 no teu turno.	Liczą się żetony miejsc na obóz, znaczniki polowania, postępu i specjalne. Gra kończy się natychmiast, gdy w swojej turze osiągniesz 10.	Kamp yeri karoları, av, ilerleme ve özel işaretler sayılır. Sıran sırasında 10’a ulaştığında oyun hemen biter.	Враховуються жетони місць для табору, маркери полювання, прогресу та особливі. Гра закінчується одразу, щойно ти в свій хід набереш 10.	캠프 터 타일, 사냥·발전 마커와 특별 마커가 점수가 됩니다. 내 턴에 10점에 도달하면 게임이 즉시 끝납니다.	キャンプ地タイル、狩り・進歩マーカー、特別マーカーが得点になります。自分の手番で10点に達すると、ゲームは直ちに終わります。	营地板块、狩猎标记、进步标记和特殊标记都计分。你在自己回合达到10分时，游戏立即结束。
Trade 3 equal cards for 1 card of your choice.	3 gleiche Karten gegen 1 beliebige Karte tauschen.	Byt 3 ens kort til 1 valgfrit kort.	Byt 3 lika kort mot 1 valfritt kort.	Bytt 3 like kort mot 1 valgfritt kort.	Ruil 3 gelijke kaarten voor 1 kaart naar keuze.	Échange 3 cartes identiques contre 1 carte au choix.	Cambia 3 cartas iguales por 1 a tu elección.	Scambia 3 carte uguali con 1 a scelta.	Troca 3 cartas iguais por 1 à escolha.	Wymień 3 takie same karty na 1 dowolną.	3 aynı kartı istediğin 1 kartla değiştir.	Обміняй 3 однакові карти на 1 будь-яку.	같은 카드 3장을 원하는 카드 1장으로 바꿉니다.	同じカード3枚を好きな1枚と交換します。	用3张相同的牌换1张任意牌。
A number chip of that landscape is removed from Africa.	Ein Zahlenchip dieser Landschaft wird in Afrika entfernt.	En talbrik af det landskab fjernes i Afrika.	En sifferbricka av det landskapet tas bort i Afrika.	En tallbrikke av det landskapet fjernes i Afrika.	In Afrika wordt een getallenchip van dat landschap verwijderd.	Un jeton numéro de ce paysage est retiré en Afrique.	Se retira en África una ficha numérica de ese paisaje.	In Africa viene tolto un segnalino numero di quel paesaggio.	Retira-se em África uma ficha numérica dessa paisagem.	W Afryce usuwa się żeton liczby tego krajobrazu.	Afrika’da o manzaranın bir sayı çipi kaldırılır.	В Африці прибирають числовий жетон цього ландшафту.	아프리카에서 그 지형의 숫자 칩 하나가 제거됩니다.	アフリカでその地形の数字チップが1つ取り除かれます。	移除非洲一个该地形的数字筹码。
A number chip of the {l} landscape is removed from Africa.	In Afrika wird ein Zahlenchip der Landschaft {l} entfernt.	En talbrik af landskabet {l} fjernes i Afrika.	En sifferbricka av landskapet {l} tas bort i Afrika.	En tallbrikke av landskapet {l} fjernes i Afrika.	In Afrika wordt een getallenchip van het landschap {l} verwijderd.	Un jeton numéro du paysage {l} est retiré en Afrique.	Se retira en África una ficha numérica del paisaje {l}.	In Africa viene tolto un segnalino numero del paesaggio {l}.	Retira-se em África uma ficha numérica da paisagem {l}.	W Afryce usuwa się żeton liczby krajobrazu {l}.	Afrika’da {l} manzarasının bir sayı çipi kaldırılır.	В Африці прибирають числовий жетон ландшафту «{l}».	아프리카에서 {l} 지형의 숫자 칩 하나가 제거됩니다.	アフリカで{l}地形の数字チップが1つ取り除かれます。	移除非洲一个{l}地形的数字筹码。
The hunting marker of this region is yours: +1 point.	Der Jagd-Siegpunkt-Marker dieser Region gehört dir: +1 Siegpunkt.	Denne regions jagtmarkør er din: +1 point.	Den här regionens jaktmarkör är din: +1 poäng.	Denne regionens jaktmarkør er din: +1 poeng.	De jachtmarker van deze regio is van jou: +1 punt.	Le marqueur de chasse de cette région est à toi : +1 point.	El marcador de caza de esta región es tuyo: +1 punto.	Il segnalino caccia di questa regione è tuo: +1 punto.	O marcador de caça desta região é teu: +1 ponto.	Znacznik polowania tego regionu jest twój: +1 punkt.	Bu bölgenin av işareti senin: +1 puan.	Маркер полювання цього регіону твій: +1 очко.	이 지역의 사냥 마커는 당신 것: +1점.	この地域の狩りマーカーはあなたのもの：+1点。	该地区的狩猎标记归你：+1分。
The hunting marker of {r} is yours: +1 point.	Der Jagd-Siegpunkt-Marker von {r} gehört dir: +1 Siegpunkt.	Jagtmarkøren fra {r} er din: +1 point.	Jaktmarkören från {r} är din: +1 poäng.	Jaktmarkøren fra {r} er din: +1 poeng.	De jachtmarker van {r} is van jou: +1 punt.	Le marqueur de chasse de {r} est à toi : +1 point.	El marcador de caza de {r} es tuyo: +1 punto.	Il segnalino caccia di {r} è tuo: +1 punto.	O marcador de caça de {r} é teu: +1 ponto.	Znacznik polowania: {r} jest twój: +1 punkt.	{r} av işareti senin: +1 puan.	Маркер полювання «{r}» твій: +1 очко.	{r}의 사냥 마커는 당신 것: +1점.	{r}の狩りマーカーはあなたのもの：+1点。	{r}的狩猎标记归你：+1分。
Pick a player to take a card from.	Wähle einen Spieler, dem du eine Karte nimmst.	Vælg en spiller, du vil tage et kort fra.	Välj en spelare att ta ett kort från.	Velg en spiller du vil ta et kort fra.	Kies een speler om een kaart van te nemen.	Choisis un joueur à qui prendre une carte.	Elige a un jugador al que quitar una carta.	Scegli un giocatore a cui prendere una carta.	Escolha um jogador de quem pegar uma carta.	Wybierz gracza, któremu zabierzesz kartę.	Kart alacağın bir oyuncu seç.	Обери гравця, в якого забереш карту.	카드를 가져올 플레이어를 고르세요.	カードを奪う相手を選ぼう。	选择一名玩家，拿走他的一张牌。
{@p} takes a card from {@q}.	{@p} nimmt {@q} eine Karte ab.	{@p} tager et kort fra {@q}.	{@p} tar ett kort från {@q}.	{@p} tar et kort fra {@q}.	{@p} neemt een kaart van {@q}.	{@p} prend une carte à {@q}.	{@p} le quita una carta a {@q}.	{@p} prende una carta a {@q}.	{@p} pega uma carta de {@q}.	{@p} zabiera kartę graczowi {@q}.	{@p}, {@q} oyuncusundan bir kart alıyor.	{@p} забирає карту в {@q}.	{@p}이(가) {@q}에게서 카드를 한 장 가져갑니다.	{@p}が{@q}からカードを1枚奪いました。	{@p}从{@q}那里拿走一张牌。
